Time - Plot 0,Amplitude - Plot 0,Amplitude - Plot 1
0,14.4,-10.2
0.0001,14.4,-10.2
0.0002,14.4,-10
0.0003,14.4,-10
0.0004,14.4,-10
0.0005,14.4,-10
0.0006,14.4,-10
0.0007,14.4,-10
0.0008,14.4,-10
0.0009,14.4,-10
0.001,14.4,-10
0.0011,14.4,-10.2
0.0012,14.4,-10
0.0013,14.4,-10
0.0014,14.4,-10
0.0015,14.4,-10
0.0016,14.4,-10
0.0017,14.4,-10
0.0018,14.4,-10
0.0019,14.4,-10
0.002,14.4,-10
0.0021,14.4,-10
0.0022,14.4,-10
0.0023,14.4,-10
0.0024,14.4,-10
0.0025,14.4,-10
0.0026,14.4,-10
0.0027,14.4,-10
0.0028,14.4,-9.8
0.0029,14.4,-9.8
0.003,14.4,-10
0.0031,14.4,-10
0.0032,14.4,-9.8
0.0033,14.4,-9.8
0.0034,14.4,-9.8
0.0035,14.4,-9.8
0.0036,14.4,-9.8
0.0037,14.4,-9.8
0.0038,14.4,-9.8
0.0039,14.4,-9.6
0.004,14.4,-9.6
0.0041,14.4,-9.8
0.0042,14.4,-9.8
0.0043,14.4,-9.6
0.0044,14.4,-9.8
0.0045,14.4,-9.8
0.0046,14.4,-9.6
0.0047,14.4,-9.6
0.0048,14.4,-9.6
0.0049,14.4,-9.6
0.005,14.4,-9.6
0.0051,14.4,-9.6
0.0052,14.4,-9.6
0.0053,14.4,-9.4
0.0054,14.4,-9.4
0.0055,14.4,-9.6
0.0056,14.4,-9.4
0.0057,14.4,-9.4
0.0058,14.4,-9.4
0.0059,14.4,-9.2
0.006,14.4,-9.4
0.0061,14.4,-9.4
0.0062,14.4,-9.2
0.0063,14.4,-9.2
0.0064,14.2,-9.2
0.0065,14.4,-9.2
0.0066,14.4,-9.2
0.0067,14.4,-9.2
0.0068,14.4,-9.2
0.0069,14.4,-9.2
0.007,14.4,-9
0.0071,14.4,-9
0.0072,14.4,-9
0.0073,14.4,-9
0.0074,14.4,-9
0.0075,14.4,-9
0.0076,14.4,-8.8
0.0077,14.4,-9
0.0078,14.4,-8.8
0.0079,14.4,-8.8
0.008,14.4,-8.8
0.0081,14.4,-8.6
0.0082,14.4,-8.6
0.0083,14.2,-8.6
0.0084,14.4,-8.6
0.0085,14.4,-8.6
0.0086,14.4,-8.6
0.0087,14.4,-8.6
0.0088,14.4,-8.6
0.0089,14.4,-8.4
0.009,14.4,-8.6
0.0091,14.4,-8.6
0.0092,14.4,-8.4
0.0093,14.4,-8.4
0.0094,14.4,-8.4
0.0095,14.4,-8.4
0.0096,14.4,-8.2
0.0097,14.4,-8.2
0.0098,14.4,-8.2
0.0099,14.4,-8.2
0.01,14.4,-8
0.0101,14.4,-8
0.0102,14.4,-8
0.0103,14.4,-8
0.0104,14.4,-8
0.0105,14.4,-7.8
0.0106,14.4,-8
0.0107,14.4,-7.8
0.0108,14.4,-7.8
0.0109,14.4,-7.8
0.011,14.4,-7.8
0.0111,14.4,-7.6
0.0112,14.4,-7.6
0.0113,14.4,-7.6
0.0114,14.4,-7.6
0.0115,14.4,-7.6
0.0116,14.4,-7.4
0.0117,14.4,-7.4
0.0118,14.4,-7.4
0.0119,14.4,-7.2
0.012,14.4,-7.4
0.0121,14.4,-7.4
0.0122,14.4,-7.2
0.0123,14.4,-7.2
0.0124,14.4,-7
0.0125,14.4,-7
0.0126,14.4,-7
0.0127,14.4,-7
0.0128,14.6,-7
0.0129,14.4,-7
0.013,14.4,-6.8
0.0131,14.4,-6.8
0.0132,14.4,-6.8
0.0133,14.4,-6.8
0.0134,14.4,-6.6
0.0135,14.4,-6.6
0.0136,14.4,-6.6
0.0137,14.4,-6.6
0.0138,14.4,-6.6
0.0139,14.4,-6.4
0.014,14.4,-6.4
0.0141,14.4,-6.4
0.0142,14.4,-6.2
0.0143,14.4,-6.2
0.0144,14.4,-6.2
0.0145,14.4,-6.2
0.0146,14.4,-6
0.0147,14.4,-6
0.0148,14.4,-6
0.0149,14.4,-6
0.015,14.4,-5.8
0.0151,14.4,-5.8
0.0152,14.4,-5.8
0.0153,14.4,-5.8
0.0154,14.4,-5.8
0.0155,14.4,-5.6
0.0156,14.4,-5.6
0.0157,14.4,-5.6
0.0158,14.4,-5.4
0.0159,14.4,-5.4
0.016,14.4,-5.4
0.0161,14.4,-5.4
0.0162,14.4,-5.2
0.0163,14.4,-5.2
0.0164,14.4,-5.2
0.0165,14.4,-5
0.0166,14.4,-5
0.0167,14.4,-4.8
0.0168,14.4,-5
0.0169,14.4,-4.8
0.017,14.4,-4.8
0.0171,14.4,-4.8
0.0172,14.4,-4.6
0.0173,14.4,-4.6
0.0174,14.4,-4.6
0.0175,14.4,-4.4
0.0176,14.4,-4.4
0.0177,14.4,-4.4
0.0178,14.4,-4.2
0.0179,14.4,-4.2
0.018,14.4,-4.2
0.0181,14.4,-4.2
0.0182,14.4,-4
0.0183,14.4,-4
0.0184,14.4,-4
0.0185,14.4,-3.8
0.0186,14.4,-3.8
0.0187,14.4,-3.8
0.0188,14.4,-3.8
0.0189,14.4,-3.6
0.019,14.4,-3.6
0.0191,14.4,-3.6
0.0192,14.4,-3.4
0.0193,14.4,-3.4
0.0194,14.4,-3.4
0.0195,14.4,-3.2
0.0196,14.4,-3.2
0.0197,14.4,-3
0.0198,14.4,-3
0.0199,14.4,-3
0.02,14.4,-3
0.0201,14.4,-3
0.0202,14.4,-2.8
0.0203,14.4,-2.8
0.0204,14.4,-2.8
0.0205,14.4,-2.8
0.0206,14.4,-2.6
0.0207,14.4,-2.6
0.0208,14.4,-2.6
0.0209,14.4,-2.6
0.021,14.4,-2.4
0.0211,14.4,-2.4
0.0212,14.4,-2.2
0.0213,14.4,-2.2
0.0214,14.4,-2.2
0.0215,14.4,-2.2
0.0216,14.4,-2
0.0217,14.4,-2
0.0218,14.4,-2
0.0219,14.4,-1.8
0.022,14.4,-1.8
0.0221,14.4,-1.8
0.0222,14.4,-1.8
0.0223,14.4,-1.6
0.0224,14.4,-1.6
0.0225,14.4,-1.4
0.0226,14.4,-1.4
0.0227,13.6,-1.4
0.0228,12.8,-1.2
0.0229,12.4,-1.2
0.023,11.8,-1.2
0.0231,11.2,-1.2
0.0232,10.6,-1
0.0233,9.8,-1
0.0234,9.2,-1
0.0235,8.8,-0.8
0.0236,8.2,-0.8
0.0237,7.6,-0.8
0.0238,6.8,-0.6
0.0239,6.4,-0.6
0.024,5.8,-0.6
0.0241,5,-0.4
0.0242,4.6,-0.4
0.0243,3.8,-0.4
0.0244,3.2,-0.4
0.0245,2.8,-0.2
0.0246,2,-0.2
0.0247,1.4,-0.2
0.0248,0.8,0
0.0249,0.2,0
0.025,-0.4,0
0.0251,-1.2,0.2
0.0252,-1.8,0.2
0.0253,-2.2,0.4
0.0254,-2.8,0.4
0.0255,-3.6,0.4
0.0256,-4.2,0.4
0.0257,-4.8,0.4
0.0258,-5.4,0.6
0.0259,-6,0.6
0.026,-6.6,0.8
0.0261,-7.2,0.8
0.0262,-7.6,0.8
0.0263,-8.4,1
0.0264,-8.8,1
0.0265,-9.4,1
0.0266,-10.2,1
0.0267,-10.6,1.2
0.0268,-11.4,1.2
0.0269,-12,1.2
0.027,-12.6,1.4
0.0271,-13.2,1.4
0.0272,-13.6,1.4
0.0273,-13.6,1.4
0.0274,-13.6,1.6
0.0275,-13.6,1.6
0.0276,-13.6,1.8
0.0277,-13.6,1.8
0.0278,-13.6,1.8
0.0279,-13.6,2
0.028,-13.6,2
0.0281,-13.6,2
0.0282,-13.6,2.2
0.0283,-13.4,2
0.0284,-13.6,2.2
0.0285,-13.8,2.2
0.0286,-13.6,2.4
0.0287,-13.6,2.4
0.0288,-13.6,2.4
0.0289,-13.6,2.6
0.029,-13.6,2.6
0.0291,-13.6,2.6
0.0292,-13.6,2.8
0.0293,-13.6,2.8
0.0294,-13.6,2.8
0.0295,-13.6,3
0.0296,-13.6,3
0.0297,-13.6,3
0.0298,-13.6,3.2
0.0299,-13.6,3.2
0.03,-13.6,3.2
0.0301,-13.6,3.4
0.0302,-13.6,3.2
0.0303,-13.6,3.4
0.0304,-13.6,3.4
0.0305,-13.6,3.6
0.0306,-13.6,3.6
0.0307,-13.6,3.6
0.0308,-13.6,3.6
0.0309,-13.6,3.8
0.031,-13.6,3.8
0.0311,-13.6,4
0.0312,-13.6,4
0.0313,-13.6,4
0.0314,-13.6,4
0.0315,-13.6,4.2
0.0316,-13.6,4.2
0.0317,-13.6,4.4
0.0318,-13.6,4.4
0.0319,-13.6,4.4
0.032,-13.6,4.4
0.0321,-13.6,4.4
0.0322,-13.6,4.6
0.0323,-13.6,4.6
0.0324,-13.6,4.6
0.0325,-13.6,4.8
0.0326,-13.6,4.8
0.0327,-13.6,4.8
0.0328,-13.6,4.8
0.0329,-13.6,4.8
0.033,-13.6,5
0.0331,-13.6,5
0.0332,-13.6,5
0.0333,-13.6,5.2
0.0334,-13.6,5.2
0.0335,-13.4,5.4
0.0336,-13.6,5.4
0.0337,-13.6,5.4
0.0338,-13.6,5.4
0.0339,-13.6,5.4
0.034,-13.6,5.4
0.0341,-13.6,5.6
0.0342,-13.6,5.6
0.0343,-13.6,5.6
0.0344,-13.6,5.8
0.0345,-13.6,5.8
0.0346,-13.6,5.8
0.0347,-13.6,5.8
0.0348,-13.6,5.8
0.0349,-13.6,6
0.035,-13.6,6
0.0351,-13.4,6
0.0352,-13.6,6.2
0.0353,-13.6,6.2
0.0354,-13.6,6.2
0.0355,-13.6,6.2
0.0356,-13.6,6.4
0.0357,-13.6,6.4
0.0358,-13.6,6.4
0.0359,-13.6,6.4
0.036,-13.6,6.6
0.0361,-13.6,6.6
0.0362,-13.6,6.6
0.0363,-13.4,6.6
0.0364,-13.6,6.8
0.0365,-13.6,6.8
0.0366,-13.6,6.8
0.0367,-13.6,6.8
0.0368,-13.6,6.8
0.0369,-13.6,6.8
0.037,-13.6,7
0.0371,-13.6,7
0.0372,-13.6,7.2
0.0373,-13.6,7
0.0374,-13.6,7.2
0.0375,-13.6,7.2
0.0376,-13.6,7.2
0.0377,-13.6,7.2
0.0378,-13.6,7.4
0.0379,-13.6,7.4
0.038,-13.6,7.4
0.0381,-13.6,7.4
0.0382,-13.6,7.4
0.0383,-13.6,7.6
0.0384,-13.6,7.6
0.0385,-13.6,7.6
0.0386,-13.6,7.8
0.0387,-13.6,7.8
0.0388,-13.6,7.8
0.0389,-13.6,7.6
0.039,-13.6,7.8
0.0391,-13.6,7.8
0.0392,-13.6,7.8
0.0393,-13.6,7.8
0.0394,-13.6,8
0.0395,-13.6,8.2
0.0396,-13.6,8
0.0397,-13.6,8.2
0.0398,-13.6,8.2
0.0399,-13.6,8.2
0.04,-13.6,8.2
0.0401,-13.6,8.2
0.0402,-13.6,8.4
0.0403,-13.6,8.2
0.0404,-13.6,8.4
0.0405,-13.6,8.4
0.0406,-13.6,8.4
0.0407,-13.4,8.6
0.0408,-13.6,8.6
0.0409,-13.6,8.6
0.041,-13.6,8.6
0.0411,-13.6,8.6
0.0412,-13.6,8.6
0.0413,-13.6,8.6
0.0414,-13.6,8.8
0.0415,-13.6,8.6
0.0416,-13.6,8.8
0.0417,-13.6,8.8
0.0418,-13.6,8.8
0.0419,-13.6,9
0.042,-13.4,8.8
0.0421,-13.6,9
0.0422,-13.4,9
0.0423,-13.6,9
0.0424,-13.6,9
0.0425,-13.6,9.2
0.0426,-13.6,9
0.0427,-13.6,9
0.0428,-13.6,9
0.0429,-13.6,9.2
0.043,-13.4,9.2
0.0431,-13.6,9.2
0.0432,-13.6,9.2
0.0433,-13.6,9.2
0.0434,-13.6,9.2
0.0435,-13.4,9.4
0.0436,-13.4,9.4
0.0437,-13.6,9.4
0.0438,-13.4,9.4
0.0439,-13.4,9.4
0.044,-13.6,9.4
0.0441,-13.6,9.4
0.0442,-13.4,9.6
0.0443,-13.4,9.6
0.0444,-13.4,9.4
0.0445,-13.6,9.4
0.0446,-13.6,9.6
0.0447,-13.6,9.6
0.0448,-13.6,9.6
0.0449,-13.6,9.6
0.045,-13.6,9.6
0.0451,-13.4,9.6
0.0452,-13.6,9.6
0.0453,-13.6,9.8
0.0454,-13.6,9.8
0.0455,-13.6,9.8
0.0456,-13.6,9.8
0.0457,-13.6,9.8
0.0458,-13.6,9.8
0.0459,-13.6,9.8
0.046,-13.6,9.8
0.0461,-13.6,10
0.0462,-13.6,9.8
0.0463,-13.4,9.8
0.0464,-13.6,10
0.0465,-13.6,10
0.0466,-13.6,10
0.0467,-13.6,10
0.0468,-13.4,10
0.0469,-13.6,10
0.047,-13.6,10
0.0471,-13.6,10
0.0472,-13.4,10
0.0473,-13.6,10
0.0474,-13.6,10
0.0475,-13.6,10
0.0476,-13.6,10
0.0477,-13.6,10.2
0.0478,-13.6,10
0.0479,-13.6,10
0.048,-13.6,10
0.0481,-13.6,10
0.0482,-13.6,10
0.0483,-13.6,10.2
0.0484,-13.6,10.2
0.0485,-13.4,10.2
0.0486,-13.6,10
0.0487,-13.6,10.2
0.0488,-13.6,10.2
0.0489,-13.6,10.2
0.049,-13.6,10.2
0.0491,-13.4,10.2
0.0492,-13.6,10.2
0.0493,-13.6,10.2
0.0494,-13.6,10.2
0.0495,-13.6,10.2
0.0496,-13.6,10.2
0.0497,-13.6,10.2
0.0498,-13.6,10.2
0.0499,-13.6,10.2
0.05,-13.6,10.2
0.0501,-13.4,10.2
0.0502,-13.6,10.2
0.0503,-13.6,10
0.0504,-13.6,10
0.0505,-13.6,10.2
0.0506,-13.6,10.2
0.0507,-13.6,10.2
0.0508,-13.6,10.2
0.0509,-13.6,10.2
0.051,-13.6,10.2
0.0511,-13.4,10
0.0512,-13.6,10.2
0.0513,-13.6,10.2
0.0514,-13.6,10.2
0.0515,-13.6,10.2
0.0516,-13.6,10.2
0.0517,-13.6,10.2
0.0518,-13.6,10.2
0.0519,-13.6,10
0.052,-13.6,10
0.0521,-13.4,10
0.0522,-13.6,10
0.0523,-13.4,10
0.0524,-13.4,10
0.0525,-13.6,10
0.0526,-13.4,10
0.0527,-13.6,10
0.0528,-13.6,10
0.0529,-13.6,10
0.053,-13.6,10
0.0531,-13.6,10
0.0532,-13.6,10
0.0533,-13.6,9.8
0.0534,-13.6,9.8
0.0535,-13.6,10
0.0536,-13.4,9.8
0.0537,-13.4,10
0.0538,-13.6,9.8
0.0539,-13.6,9.8
0.054,-13.6,9.8
0.0541,-13.6,9.8
0.0542,-13.4,9.8
0.0543,-13.6,9.8
0.0544,-13.6,9.8
0.0545,-13.6,9.8
0.0546,-13.6,9.6
0.0547,-13.6,9.6
0.0548,-13.6,9.6
0.0549,-13.6,9.6
0.055,-13.6,9.6
0.0551,-13.6,9.6
0.0552,-13.6,9.6
0.0553,-13.6,9.6
0.0554,-13.6,9.6
0.0555,-13.6,9.4
0.0556,-13.6,9.4
0.0557,-13.6,9.4
0.0558,-13.6,9.4
0.0559,-13.6,9.4
0.056,-13.6,9.4
0.0561,-13.4,9.4
0.0562,-13.6,9.4
0.0563,-13.6,9.4
0.0564,-13.6,9.4
0.0565,-13.6,9.4
0.0566,-13.6,9.2
0.0567,-13.6,9.2
0.0568,-13.6,9.2
0.0569,-13.6,9.2
0.057,-13.6,9.2
0.0571,-13.6,9.2
0.0572,-13.6,9
0.0573,-13.4,9
0.0574,-13.6,9
0.0575,-13.6,9
0.0576,-13.6,9
0.0577,-13.6,9
0.0578,-13.6,8.8
0.0579,-13.6,9
0.058,-13.4,8.8
0.0581,-13.6,8.8
0.0582,-13.6,8.8
0.0583,-13.4,8.8
0.0584,-13.6,8.8
0.0585,-13.6,8.6
0.0586,-13.6,8.6
0.0587,-13.6,8.6
0.0588,-13.6,8.6
0.0589,-13.6,8.6
0.059,-13.6,8.6
0.0591,-13.6,8.4
0.0592,-13.6,8.6
0.0593,-13.6,8.6
0.0594,-13.6,8.4
0.0595,-13.6,8.4
0.0596,-13.6,8.4
0.0597,-13.6,8.4
0.0598,-13.6,8.2
0.0599,-13.6,8.2
0.06,-13.4,8
0.0601,-13.6,8.2
0.0602,-13.6,8.2
0.0603,-13.6,8
0.0604,-13.6,8
0.0605,-13.6,8
0.0606,-13.6,8
0.0607,-13.6,7.8
0.0608,-13.6,8
0.0609,-13.6,7.8
0.061,-13.6,7.8
0.0611,-13.6,7.8
0.0612,-13.6,7.6
0.0613,-13.6,7.6
0.0614,-13.6,7.6
0.0615,-13.6,7.6
0.0616,-13.6,7.4
0.0617,-13.6,7.4
0.0618,-13.6,7.4
0.0619,-13.4,7.4
0.062,-13.6,7.4
0.0621,-13.6,7.2
0.0622,-13.6,7.2
0.0623,-13.6,7.2
0.0624,-13.6,7.2
0.0625,-13.6,7
0.0626,-13.6,7
0.0627,-13.6,7
0.0628,-13.6,7
0.0629,-13.6,7
0.063,-13.6,6.8
0.0631,-13.6,6.8
0.0632,-13.6,6.8
0.0633,-13.6,6.8
0.0634,-13.6,6.8
0.0635,-13.6,6.8
0.0636,-13.6,6.6
0.0637,-13.6,6.6
0.0638,-13.6,6.6
0.0639,-13.6,6.6
0.064,-13.4,6.6
0.0641,-13.6,6.4
0.0642,-13.6,6.4
0.0643,-13.6,6.4
0.0644,-13.6,6.4
0.0645,-13.6,6.2
0.0646,-13.6,6.2
0.0647,-13.6,6
0.0648,-13.6,6
0.0649,-13.6,6
0.065,-13.6,6
0.0651,-13.6,6
0.0652,-13.6,5.8
0.0653,-13.6,5.8
0.0654,-13.6,5.8
0.0655,-13.6,5.6
0.0656,-13.6,5.6
0.0657,-13.4,5.6
0.0658,-13.6,5.6
0.0659,-13.6,5.6
0.066,-13.6,5.4
0.0661,-13.6,5.4
0.0662,-13.6,5.4
0.0663,-13.6,5.2
0.0664,-13.6,5.2
0.0665,-13.6,5.2
0.0666,-13.6,5
0.0667,-13.6,5
0.0668,-13.6,5
0.0669,-13.6,5
0.067,-13.6,5
0.0671,-13.6,4.8
0.0672,-13.6,4.8
0.0673,-13.6,4.8
0.0674,-13.6,4.8
0.0675,-13.6,4.6
0.0676,-13.6,4.6
0.0677,-13.6,4.6
0.0678,-13.4,4.6
0.0679,-13.6,4.4
0.068,-13.6,4.4
0.0681,-13.6,4.2
0.0682,-13.6,4.2
0.0683,-13.6,4.2
0.0684,-13.6,4
0.0685,-13.6,4
0.0686,-13.6,4
0.0687,-13.6,4
0.0688,-13.6,4
0.0689,-13.6,3.8
0.069,-13.6,3.8
0.0691,-13.6,3.8
0.0692,-13.6,3.6
0.0693,-13.6,3.6
0.0694,-13.6,3.6
0.0695,-13.6,3.4
0.0696,-13.6,3.4
0.0697,-13.6,3.2
0.0698,-13.6,3.2
0.0699,-13.6,3.2
0.07,-13.6,3.2
0.0701,-13.6,3.2
0.0702,-13.6,3
0.0703,-13.6,3
0.0704,-13.6,3
0.0705,-13.6,2.8
0.0706,-13.6,2.8
0.0707,-13.6,2.6
0.0708,-13.6,2.8
0.0709,-13.6,2.6
0.071,-13.6,2.4
0.0711,-13.6,2.4
0.0712,-13.6,2.4
0.0713,-13.6,2.4
0.0714,-13.6,2.2
0.0715,-13.6,2.2
0.0716,-13.8,2.2
0.0717,-13.6,2
0.0718,-13.6,2
0.0719,-13.6,2
0.072,-13.6,2
0.0721,-13.6,1.8
0.0722,-13.6,1.8
0.0723,-13.6,1.8
0.0724,-13.6,1.8
0.0725,-13.6,1.6
0.0726,-13.6,1.6
0.0727,-13.4,1.4
0.0728,-12.6,1.4
0.0729,-12,1.2
0.073,-11.4,1.2
0.0731,-10.8,1.2
0.0732,-10.4,1.2
0.0733,-9.6,1
0.0734,-9,1
0.0735,-8.4,1
0.0736,-8,0.8
0.0737,-7.2,0.8
0.0738,-6.6,0.8
0.0739,-6,0.8
0.074,-5.4,0.6
0.0741,-4.8,0.6
0.0742,-4.2,0.4
0.0743,-3.6,0.6
0.0744,-3,0.4
0.0745,-2.4,0.4
0.0746,-1.8,0.2
0.0747,-1.2,0.2
0.0748,-0.6,0.2
0.0749,0,0
0.075,0.8,0
0.0751,1.2,0
0.0752,2,-0.2
0.0753,2.6,-0.2
0.0754,3.2,-0.2
0.0755,3.8,-0.4
0.0756,4.4,-0.4
0.0757,5,-0.4
0.0758,5.8,-0.4
0.0759,6.2,-0.6
0.076,6.8,-0.6
0.0761,7.4,-0.6
0.0762,8,-0.8
0.0763,8.6,-0.8
0.0764,9.2,-0.8
0.0765,9.8,-1
0.0766,10.4,-1
0.0767,11,-1.2
0.0768,11.8,-1.2
0.0769,12.2,-1.2
0.077,12.8,-1.2
0.0771,13.4,-1.4
0.0772,14.2,-1.2
0.0773,14.4,-1.4
0.0774,14.4,-1.4
0.0775,14.4,-1.4
0.0776,14.4,-1.6
0.0777,14.4,-1.6
0.0778,14.4,-1.8
0.0779,14.4,-1.8
0.078,14.4,-1.8
0.0781,14.4,-2
0.0782,14.4,-2
0.0783,14.4,-2.2
0.0784,14.4,-2.2
0.0785,14.4,-2.2
0.0786,14.4,-2.2
0.0787,14.4,-2.4
0.0788,14.4,-2.4
0.0789,14.4,-2.4
0.079,14.4,-2.4
0.0791,14.4,-2.6
0.0792,14.2,-2.6
0.0793,14.4,-2.6
0.0794,14.4,-2.8
0.0795,14.4,-2.8
0.0796,14.4,-2.8
0.0797,14.4,-3
0.0798,14.4,-3
0.0799,14.4,-3
0.08,14.4,-3
0.0801,14.4,-3
0.0802,14.4,-3.2
0.0803,14.4,-3.2
0.0804,14.4,-3.2
0.0805,14.4,-3.4
0.0806,14.4,-3.4
0.0807,14.4,-3.4
0.0808,14.4,-3.6
0.0809,14.4,-3.6
0.081,14.4,-3.6
0.0811,14.4,-3.6
0.0812,14.4,-3.8
0.0813,14.4,-3.8
0.0814,14.4,-3.8
0.0815,14.4,-4
0.0816,14.4,-4
0.0817,14.2,-4
0.0818,14.4,-4
0.0819,14.4,-4.2
0.082,14.2,-4.2
0.0821,14.4,-4.4
0.0822,14.4,-4.4
0.0823,14.4,-4.6
0.0824,14.4,-4.4
0.0825,14.4,-4.6
0.0826,14.4,-4.6
0.0827,14.4,-4.6
0.0828,14.4,-4.6
0.0829,14.4,-4.8
0.083,14.4,-4.8
0.0831,14.4,-4.8
0.0832,14.4,-5
0.0833,14.4,-5
0.0834,14.4,-5
0.0835,14.4,-5.2
0.0836,14.4,-5.2
0.0837,14.4,-5.2
0.0838,14.4,-5.2
0.0839,14.4,-5.2
0.084,14.4,-5.4
0.0841,14.4,-5.4
0.0842,14.4,-5.6
0.0843,14.4,-5.6
0.0844,14.4,-5.6
0.0845,14.4,-5.6
0.0846,14.4,-5.8
0.0847,14.4,-5.8
0.0848,14.4,-5.8
0.0849,14.4,-5.8
0.085,14.4,-6
0.0851,14.4,-6
0.0852,14.4,-6
0.0853,14.4,-6.2
0.0854,14.4,-6.2
0.0855,14.4,-6.2
0.0856,14.4,-6.2
0.0857,14.4,-6.4
0.0858,14.4,-6.4
0.0859,14.4,-6.4
0.086,14.4,-6.4
0.0861,14.4,-6.4
0.0862,14.4,-6.6
0.0863,14.4,-6.6
0.0864,14.4,-6.6
0.0865,14.4,-6.6
0.0866,14.4,-6.8
0.0867,14.4,-6.8
0.0868,14.4,-6.8
0.0869,14.4,-7
0.087,14.4,-6.8
0.0871,14.2,-6.8
0.0872,14.4,-7
0.0873,14.4,-7
0.0874,14.4,-7
0.0875,14.4,-7.2
0.0876,14.4,-7.2
0.0877,14.4,-7.4
0.0878,14.4,-7.2
0.0879,14.4,-7.4
0.088,14.4,-7.4
0.0881,14.4,-7.4
0.0882,14.4,-7.4
0.0883,14.4,-7.4
0.0884,14.4,-7.6
0.0885,14.4,-7.6
0.0886,14.4,-7.6
0.0887,14.4,-7.8
0.0888,14.4,-7.8
0.0889,14.4,-7.6
0.089,14.4,-7.8
0.0891,14.4,-7.8
0.0892,14.4,-8
0.0893,14.6,-7.8
0.0894,14.4,-8
0.0895,14.4,-8
0.0896,14.4,-8
0.0897,14.4,-8
0.0898,14.4,-8.2
0.0899,14.4,-8.2
0.09,14.4,-8.2
0.0901,14.4,-8.2
0.0902,14.4,-8.2
0.0903,14.4,-8.4
0.0904,14.4,-8.4
0.0905,14.4,-8.4
0.0906,14.4,-8.4
0.0907,14.4,-8.4
0.0908,14.4,-8.6
0.0909,14.4,-8.6
0.091,14.4,-8.6
0.0911,14.4,-8.6
0.0912,14.4,-8.6
0.0913,14.4,-8.6
0.0914,14.4,-8.6
0.0915,14.4,-8.6
0.0916,14.4,-8.6
0.0917,14.4,-8.6
0.0918,14.4,-8.6
0.0919,14.4,-8.8
0.092,14.4,-8.8
0.0921,14.4,-8.8
0.0922,14.4,-8.8
0.0923,14.4,-9
0.0924,14.4,-9
0.0925,14.4,-9
0.0926,14.4,-9
0.0927,14.4,-9
0.0928,14.4,-9
0.0929,14.4,-9.2
0.093,14.4,-9
0.0931,14.4,-9.2
0.0932,14.4,-9.2
0.0933,14.4,-9.2
0.0934,14.4,-9.2
0.0935,14.4,-9.2
0.0936,14.4,-9.2
0.0937,14.4,-9.2
0.0938,14.4,-9.2
0.0939,14.4,-9.2
0.094,14.4,-9.4
0.0941,14.4,-9.4
0.0942,14.4,-9.4
0.0943,14.4,-9.4
0.0944,14.4,-9.6
0.0945,14.4,-9.4
0.0946,14.4,-9.4
0.0947,14.4,-9.4
0.0948,14.4,-9.6
0.0949,14.4,-9.6
0.095,14.4,-9.4
0.0951,14.4,-9.6
0.0952,14.4,-9.6
0.0953,14.4,-9.6
0.0954,14.4,-9.6
0.0955,14.4,-9.6
0.0956,14.4,-9.6
0.0957,14.4,-9.6
0.0958,14.4,-9.6
0.0959,14.4,-9.8
0.096,14.4,-9.8
0.0961,14.4,-9.8
0.0962,14.4,-9.8
0.0963,14.4,-9.8
0.0964,14.4,-9.8
0.0965,14.4,-9.8
0.0966,14.4,-9.8
0.0967,14.4,-9.8
0.0968,14.4,-9.8
0.0969,14.4,-9.8
0.097,14.4,-10
0.0971,14.4,-10
0.0972,14.4,-10
0.0973,14.4,-10
0.0974,14.4,-10
0.0975,14.4,-10
0.0976,14.4,-10
0.0977,14.4,-10
0.0978,14.4,-10
0.0979,14.4,-10
0.098,14.4,-10
0.0981,14.4,-10
0.0982,14.4,-10
0.0983,14.4,-10
0.0984,14.4,-10
0.0985,14.4,-10
0.0986,14.4,-10
0.0987,14.4,-10
0.0988,14.4,-10
0.0989,14.4,-10
0.099,14.4,-10
0.0991,14.4,-10
0.0992,14.4,-10
0.0993,14.4,-10
0.0994,14.4,-10
0.0995,14.4,-10
0.0996,14.4,-10
0.0997,14.4,-10
0.0998,14.4,-10
0.0999,14.4,-10
0.1,14.4,-10
0.1001,14.4,-10
0.1002,14.4,-10
0.1003,14.4,-10.2
0.1004,14.4,-10
0.1005,14.4,-10
0.1006,14.2,-10
0.1007,14.4,-10
0.1008,14.4,-10
0.1009,14.4,-10
0.101,14.4,-10
0.1011,14.4,-10
0.1012,14.4,-10
0.1013,14.4,-10
0.1014,14.4,-10
0.1015,14.4,-10
0.1016,14.4,-10
0.1017,14.4,-10
0.1018,14.4,-10
0.1019,14.4,-10
0.102,14.4,-10
0.1021,14.4,-10
0.1022,14.4,-10
0.1023,14.4,-10
0.1024,14.4,-10
0.1025,14.4,-10
0.1026,14.4,-10
0.1027,14.2,-9.8
0.1028,14.4,-10
0.1029,14.4,-9.8
0.103,14.4,-9.8
0.1031,14.4,-9.8
0.1032,14.4,-9.8
0.1033,14.4,-9.8
0.1034,14.4,-9.8
0.1035,14.4,-9.8
0.1036,14.4,-9.8
0.1037,14.4,-9.8
0.1038,14.4,-9.6
0.1039,14.4,-9.6
0.104,14.4,-9.8
0.1041,14.4,-9.8
0.1042,14.4,-9.8
0.1043,14.2,-9.8
0.1044,14.4,-9.6
0.1045,14.4,-9.6
0.1046,14.4,-9.6
0.1047,14.4,-9.6
0.1048,14.4,-9.6
0.1049,14.4,-9.6
0.105,14.4,-9.6
0.1051,14.4,-9.6
0.1052,14.4,-9.6
0.1053,14.4,-9.6
0.1054,14.4,-9.4
0.1055,14.4,-9.4
0.1056,14.4,-9.4
0.1057,14.4,-9.4
0.1058,14.4,-9.4
0.1059,14.4,-9.4
0.106,14.4,-9.4
0.1061,14.4,-9.4
0.1062,14.4,-9.2
0.1063,14.4,-9.2
0.1064,14.4,-9.2
0.1065,14.4,-9.2
0.1066,14.2,-9.2
0.1067,14.4,-9
0.1068,14.4,-9
0.1069,14.4,-9
0.107,14.4,-9.2
0.1071,14.4,-9
0.1072,14.4,-9
0.1073,14.4,-9
0.1074,14.4,-9
0.1075,14.4,-9
0.1076,14.4,-9
0.1077,14.2,-8.8
0.1078,14.4,-9
0.1079,14.4,-8.8
0.108,14.4,-8.8
0.1081,14.4,-8.8
0.1082,14.4,-8.8
0.1083,14.4,-8.8
0.1084,14.4,-8.6
0.1085,14.4,-8.6
0.1086,14.4,-8.6
0.1087,14.4,-8.6
0.1088,14.4,-8.6
0.1089,14.4,-8.6
0.109,14.4,-8.6
0.1091,14.4,-8.4
0.1092,14.4,-8.4
0.1093,14.4,-8.4
0.1094,14.4,-8.4
0.1095,14.4,-8.2
0.1096,14.4,-8.4
0.1097,14.4,-8.2
0.1098,14.4,-8.2
0.1099,14.4,-8.2
0.11,14.4,-8.2
0.1101,14.4,-8.2
0.1102,14.4,-8
0.1103,14.4,-8
0.1104,14.4,-8
0.1105,14.4,-8
0.1106,14.4,-7.8
0.1107,14.4,-7.8
0.1108,14.4,-7.8
0.1109,14.4,-7.8
0.111,14.4,-7.8
0.1111,14.4,-7.8
0.1112,14.4,-7.6
0.1113,14.4,-7.6
0.1114,14.4,-7.6
0.1115,14.4,-7.4
0.1116,14.4,-7.4
0.1117,14.4,-7.4
0.1118,14.4,-7.4
0.1119,14.4,-7.4
0.112,14.4,-7.2
0.1121,14.4,-7.4
0.1122,14.4,-7.2
0.1123,14.4,-7.2
0.1124,14.4,-7.2
0.1125,14.4,-7
0.1126,14.4,-7
0.1127,14.4,-7
0.1128,14.4,-7
0.1129,14.4,-6.8
0.113,14.4,-6.8
0.1131,14.4,-6.8
0.1132,14.4,-6.8
0.1133,14.4,-6.6
0.1134,14.4,-6.8
0.1135,14.4,-6.6
0.1136,14.4,-6.6
0.1137,14.4,-6.6
0.1138,14.4,-6.4
0.1139,14.4,-6.4
0.114,14.4,-6.4
0.1141,14.4,-6.4
0.1142,14.4,-6.4
0.1143,14.4,-6.4
0.1144,14.4,-6.2
0.1145,14.4,-6.2
0.1146,14.2,-6
0.1147,14.4,-6
0.1148,14.4,-6
0.1149,14.4,-5.8
0.115,14.4,-6
0.1151,14.4,-5.8
0.1152,14.4,-5.8
0.1153,14.4,-5.8
0.1154,14.4,-5.6
0.1155,14.2,-5.6
0.1156,14.4,-5.6
0.1157,14.4,-5.4
0.1158,14.4,-5.4
0.1159,14.4,-5.4
0.116,14.4,-5.4
0.1161,14.4,-5.2
0.1162,14.4,-5.2
0.1163,14.4,-5.2
0.1164,14.4,-5
0.1165,14.4,-5
0.1166,14.4,-5
0.1167,14.4,-5
0.1168,14.4,-4.8
0.1169,14.4,-4.8
0.117,14.4,-4.8
0.1171,14.4,-4.8
0.1172,14.4,-4.6
0.1173,14.4,-4.6
0.1174,14.4,-4.6
0.1175,14.4,-4.6
0.1176,14.4,-4.4
0.1177,14.4,-4.4
0.1178,14.4,-4.4
0.1179,14.4,-4.2
0.118,14.4,-4.2
0.1181,14.4,-4.2
0.1182,14.4,-4.2
0.1183,14.4,-4
0.1184,14.2,-4
0.1185,14.4,-3.8
0.1186,14.4,-3.8
0.1187,14.2,-3.8
0.1188,14.4,-3.6
0.1189,14.4,-3.6
0.119,14.4,-3.6
0.1191,14.4,-3.6
0.1192,14.4,-3.4
0.1193,14.4,-3.4
0.1194,14.4,-3.4
0.1195,14.4,-3.2
0.1196,14.4,-3.2
0.1197,14.4,-3.2
0.1198,14.4,-3.2
0.1199,14.4,-3.2
0.12,14.2,-3
0.1201,14.4,-3
0.1202,14.4,-2.8
0.1203,14.4,-2.8
0.1204,14.4,-2.8
0.1205,14.4,-2.6
0.1206,14.4,-2.6
0.1207,14.4,-2.6
0.1208,14.4,-2.6
0.1209,14.6,-2.4
0.121,14.4,-2.4
0.1211,14.4,-2.4
0.1212,14.4,-2.2
0.1213,14.4,-2.2
0.1214,14.4,-2.2
0.1215,14.4,-2.2
0.1216,14.4,-2
0.1217,14.4,-2
0.1218,14.4,-2
0.1219,14.4,-2
0.122,14.4,-1.8
0.1221,14.4,-1.8
0.1222,14.4,-1.8
0.1223,14.4,-1.6
0.1224,14.4,-1.6
0.1225,14.4,-1.6
0.1226,14.4,-1.4
0.1227,13.6,-1.4
0.1228,13,-1.4
0.1229,12.4,-1.2
0.123,11.8,-1.2
0.1231,11.2,-1.2
0.1232,10.6,-1
0.1233,9.8,-1
0.1234,9.4,-1
0.1235,8.8,-0.8
0.1236,8.2,-0.8
0.1237,7.4,-0.8
0.1238,6.8,-0.6
0.1239,6.4,-0.6
0.124,5.8,-0.6
0.1241,5,-0.4
0.1242,4.4,-0.4
0.1243,3.8,-0.4
0.1244,3.2,-0.2
0.1245,2.6,-0.2
0.1246,2,-0.2
0.1247,1.4,-0.2
0.1248,0.8,0
0.1249,0.2,0
0.125,-0.4,0
0.1251,-1.2,0.2
0.1252,-1.6,0.2
0.1253,-2.2,0.2
0.1254,-2.8,0.2
0.1255,-3.6,0.4
0.1256,-4.2,0.4
0.1257,-4.8,0.6
0.1258,-5.2,0.6
0.1259,-6,0.6
0.126,-6.6,0.8
0.1261,-7.2,0.8
0.1262,-7.8,0.8
0.1263,-8.4,0.8
0.1264,-9,0.8
0.1265,-9.4,1
0.1266,-10.2,1
0.1267,-10.6,1.2
0.1268,-11.2,1.2
0.1269,-11.8,1.2
0.127,-12.6,1.4
0.1271,-13.2,1.4
0.1272,-13.6,1.4
0.1273,-13.4,1.4
0.1274,-13.6,1.6
0.1275,-13.6,1.6
0.1276,-13.6,1.8
0.1277,-13.6,1.8
0.1278,-13.6,1.8
0.1279,-13.6,2
0.128,-13.6,2
0.1281,-13.6,2
0.1282,-13.6,2.2
0.1283,-13.6,2.2
0.1284,-13.6,2.2
0.1285,-13.6,2.4
0.1286,-13.6,2.4
0.1287,-13.6,2.4
0.1288,-13.6,2.4
0.1289,-13.6,2.6
0.129,-13.6,2.6
0.1291,-13.6,2.6
0.1292,-13.6,2.8
0.1293,-13.6,2.8
0.1294,-13.6,2.8
0.1295,-13.6,2.8
0.1296,-13.6,3
0.1297,-13.6,3
0.1298,-13.6,3.2
0.1299,-13.6,3.2
0.13,-13.6,3.2
0.1301,-13.6,3.2
0.1302,-13.6,3.4
0.1303,-13.6,3.4
0.1304,-13.6,3.4
0.1305,-13.6,3.6
0.1306,-13.6,3.6
0.1307,-13.6,3.6
0.1308,-13.6,3.8
0.1309,-13.6,3.8
0.131,-13.6,3.8
0.1311,-13.6,3.8
0.1312,-13.6,3.8
0.1313,-13.4,4
0.1314,-13.6,4
0.1315,-13.6,4.2
0.1316,-13.6,4.2
0.1317,-13.6,4.2
0.1318,-13.6,4.2
0.1319,-13.6,4.4
0.132,-13.6,4.6
0.1321,-13.6,4.4
0.1322,-13.6,4.6
0.1323,-13.6,4.6
0.1324,-13.6,4.8
0.1325,-13.6,4.8
0.1326,-13.6,4.8
0.1327,-13.6,4.8
0.1328,-13.6,4.8
0.1329,-13.6,5
0.133,-13.6,5
0.1331,-13.6,5
0.1332,-13.6,5.2
0.1333,-13.6,5.2
0.1334,-13.6,5.2
0.1335,-13.6,5.2
0.1336,-13.6,5.4
0.1337,-13.6,5.4
0.1338,-13.6,5.6
0.1339,-13.6,5.6
0.134,-13.6,5.6
0.1341,-13.6,5.6
0.1342,-13.6,5.6
0.1343,-13.6,5.6
0.1344,-13.6,5.6
0.1345,-13.6,5.8
0.1346,-13.6,5.8
0.1347,-13.6,5.8
0.1348,-13.6,6
0.1349,-13.6,6
0.135,-13.6,6
0.1351,-13.6,6
0.1352,-13.6,6.2
0.1353,-13.6,6.2
0.1354,-13.4,6.2
0.1355,-13.6,6.2
0.1356,-13.6,6.4
0.1357,-13.6,6.4
0.1358,-13.6,6.4
0.1359,-13.6,6.6
0.136,-13.6,6.4
0.1361,-13.6,6.6
0.1362,-13.6,6.6
0.1363,-13.6,6.6
0.1364,-13.6,6.8
0.1365,-13.6,6.6
0.1366,-13.6,6.8
0.1367,-13.6,6.8
0.1368,-13.6,6.8
0.1369,-13.6,6.8
0.137,-13.6,7
0.1371,-13.6,7
0.1372,-13.6,7
0.1373,-13.6,7
0.1374,-13.6,7.2
0.1375,-13.6,7.2
0.1376,-13.6,7.2
0.1377,-13.6,7.2
0.1378,-13.6,7.2
0.1379,-13.6,7.4
0.138,-13.6,7.4
0.1381,-13.6,7.6
0.1382,-13.6,7.6
0.1383,-13.6,7.6
0.1384,-13.6,7.6
0.1385,-13.6,7.6
0.1386,-13.6,7.6
0.1387,-13.6,7.6
0.1388,-13.6,7.8
0.1389,-13.6,7.8
0.139,-13.6,7.8
0.1391,-13.6,7.8
0.1392,-13.6,8
0.1393,-13.6,8
0.1394,-13.6,8
0.1395,-13.6,8
0.1396,-13.6,8
0.1397,-13.6,8
0.1398,-13.6,8.2
0.1399,-13.6,8.2
0.14,-13.6,8.2
0.1401,-13.6,8.2
0.1402,-13.4,8.2
0.1403,-13.6,8.4
0.1404,-13.6,8.4
0.1405,-13.6,8.4
0.1406,-13.6,8.4
0.1407,-13.6,8.4
0.1408,-13.6,8.6
0.1409,-13.6,8.6
0.141,-13.6,8.6
0.1411,-13.6,8.6
0.1412,-13.4,8.6
0.1413,-13.6,8.6
0.1414,-13.6,8.6
0.1415,-13.6,8.8
0.1416,-13.6,8.8
0.1417,-13.6,8.8
0.1418,-13.6,9
0.1419,-13.6,8.8
0.142,-13.6,8.8
0.1421,-13.6,9
0.1422,-13.6,9
0.1423,-13.6,9
0.1424,-13.6,9
0.1425,-13.6,9
0.1426,-13.6,9
0.1427,-13.4,9
0.1428,-13.6,9
0.1429,-13.6,9.2
0.143,-13.4,9.2
0.1431,-13.6,9.2
0.1432,-13.6,9.2
0.1433,-13.6,9.4
0.1434,-13.6,9.2
0.1435,-13.6,9.4
0.1436,-13.6,9.4
0.1437,-13.6,9.4
0.1438,-13.6,9.4
0.1439,-13.6,9.4
0.144,-13.6,9.4
0.1441,-13.4,9.4
0.1442,-13.6,9.4
0.1443,-13.6,9.4
0.1444,-13.6,9.6
0.1445,-13.6,9.6
0.1446,-13.6,9.6
0.1447,-13.4,9.6
0.1448,-13.6,9.6
0.1449,-13.6,9.6
0.145,-13.6,9.6
0.1451,-13.6,9.8
0.1452,-13.6,9.6
0.1453,-13.6,9.8
0.1454,-13.6,9.8
0.1455,-13.6,9.8
0.1456,-13.6,9.8
0.1457,-13.6,9.8
0.1458,-13.6,9.8
0.1459,-13.6,9.8
0.146,-13.6,9.8
0.1461,-13.6,9.8
0.1462,-13.6,9.8
0.1463,-13.6,10
0.1464,-13.6,9.8
0.1465,-13.6,9.8
0.1466,-13.6,10
0.1467,-13.6,10
0.1468,-13.6,10
0.1469,-13.6,10
0.147,-13.4,10
0.1471,-13.6,10
0.1472,-13.6,10
0.1473,-13.6,10
0.1474,-13.6,10
0.1475,-13.6,10
0.1476,-13.4,10
0.1477,-13.6,10
0.1478,-13.6,10.2
0.1479,-13.6,10
0.148,-13.6,10
0.1481,-13.6,10
0.1482,-13.6,10.2
0.1483,-13.6,10
0.1484,-13.6,10
0.1485,-13.4,10
0.1486,-13.6,10.2
0.1487,-13.6,10.2
0.1488,-13.6,10.2
0.1489,-13.6,10.2
0.149,-13.6,10.2
0.1491,-13.6,10.2
0.1492,-13.6,10
0.1493,-13.6,10.2
0.1494,-13.6,10.2
0.1495,-13.6,10.2
0.1496,-13.6,10.2
0.1497,-13.6,10.2
0.1498,-13.4,10.2
0.1499,-13.6,10.2
0.15,-13.6,10
0.1501,-13.6,10.2
0.1502,-13.6,10.2
0.1503,-13.6,10.2
0.1504,-13.6,10.2
0.1505,-13.6,10
0.1506,-13.6,10.2
0.1507,-13.6,10.2
0.1508,-13.6,10.2
0.1509,-13.6,10
0.151,-13.6,10.2
0.1511,-13.6,10.2
0.1512,-13.6,10.2
0.1513,-13.6,10
0.1514,-13.6,10.2
0.1515,-13.6,10
0.1516,-13.6,10
0.1517,-13.6,10.2
0.1518,-13.6,10
0.1519,-13.6,10
0.152,-13.6,10.2
0.1521,-13.4,10
0.1522,-13.6,10
0.1523,-13.6,10
0.1524,-13.6,10
0.1525,-13.6,10.2
0.1526,-13.6,10
0.1527,-13.6,10
0.1528,-13.6,10
0.1529,-13.6,10
0.153,-13.4,10
0.1531,-13.6,10
0.1532,-13.6,10
0.1533,-13.6,9.8
0.1534,-13.6,9.8
0.1535,-13.6,9.8
0.1536,-13.6,9.8
0.1537,-13.6,9.8
0.1538,-13.6,9.8
0.1539,-13.6,9.8
0.154,-13.6,9.8
0.1541,-13.6,9.8
0.1542,-13.6,9.8
0.1543,-13.6,9.8
0.1544,-13.6,9.8
0.1545,-13.6,9.8
0.1546,-13.6,9.8
0.1547,-13.6,9.6
0.1548,-13.6,9.6
0.1549,-13.6,9.6
0.155,-13.6,9.6
0.1551,-13.6,9.6
0.1552,-13.4,9.6
0.1553,-13.6,9.6
0.1554,-13.4,9.6
0.1555,-13.6,9.6
0.1556,-13.6,9.6
0.1557,-13.6,9.4
0.1558,-13.6,9.6
0.1559,-13.6,9.4
0.156,-13.6,9.4
0.1561,-13.6,9.4
0.1562,-13.6,9.4
0.1563,-13.4,9.4
0.1564,-13.6,9.4
0.1565,-13.6,9.2
0.1566,-13.6,9.2
0.1567,-13.6,9.2
0.1568,-13.6,9.2
0.1569,-13.6,9.2
0.157,-13.6,9.2
0.1571,-13.4,9
0.1572,-13.6,9.2
0.1573,-13.6,9
0.1574,-13.6,9
0.1575,-13.6,9
0.1576,-13.6,9
0.1577,-13.6,9
0.1578,-13.6,8.8
0.1579,-13.6,9
0.158,-13.6,8.8
0.1581,-13.6,8.8
0.1582,-13.4,8.8
0.1583,-13.6,8.8
0.1584,-13.6,8.8
0.1585,-13.6,8.8
0.1586,-13.6,8.6
0.1587,-13.6,8.6
0.1588,-13.6,8.6
0.1589,-13.6,8.6
0.159,-13.6,8.6
0.1591,-13.6,8.6
0.1592,-13.6,8.6
0.1593,-13.6,8.6
0.1594,-13.6,8.4
0.1595,-13.6,8.4
0.1596,-13.6,8.4
0.1597,-13.6,8.4
0.1598,-13.6,8.4
0.1599,-13.6,8.2
0.16,-13.6,8.2
0.1601,-13.6,8.2
0.1602,-13.6,8.2
0.1603,-13.6,8
0.1604,-13.6,8
0.1605,-13.6,8
0.1606,-13.6,8
0.1607,-13.6,8
0.1608,-13.6,7.8
0.1609,-13.6,7.8
0.161,-13.6,7.8
0.1611,-13.6,7.8
0.1612,-13.6,7.6
0.1613,-13.6,7.6
0.1614,-13.6,7.6
0.1615,-13.6,7.6
0.1616,-13.6,7.6
0.1617,-13.6,7.4
0.1618,-13.6,7.4
0.1619,-13.6,7.4
0.162,-13.6,7.2
0.1621,-13.6,7.2
0.1622,-13.6,7.2
0.1623,-13.6,7.2
0.1624,-13.6,7.2
0.1625,-13.6,7
0.1626,-13.6,7
0.1627,-13.6,7
0.1628,-13.6,7
0.1629,-13.6,6.8
0.163,-13.6,6.8
0.1631,-13.6,6.8
0.1632,-13.6,6.8
0.1633,-13.6,6.8
0.1634,-13.6,6.8
0.1635,-13.6,6.8
0.1636,-13.6,6.6
0.1637,-13.6,6.6
0.1638,-13.6,6.6
0.1639,-13.6,6.6
0.164,-13.6,6.6
0.1641,-13.6,6.4
0.1642,-13.6,6.4
0.1643,-13.6,6.4
0.1644,-13.6,6.2
0.1645,-13.6,6.2
0.1646,-13.6,6.2
0.1647,-13.6,6.2
0.1648,-13.6,6.2
0.1649,-13.6,6
0.165,-13.4,6
0.1651,-13.4,6
0.1652,-13.6,5.8
0.1653,-13.6,5.8
0.1654,-13.6,5.8
0.1655,-13.6,5.6
0.1656,-13.6,5.6
0.1657,-13.6,5.6
0.1658,-13.6,5.6
0.1659,-13.6,5.6
0.166,-13.6,5.4
0.1661,-13.6,5.4
0.1662,-13.6,5.4
0.1663,-13.6,5.2
0.1664,-13.6,5.2
0.1665,-13.6,5.2
0.1666,-13.6,5.2
0.1667,-13.6,5
0.1668,-13.6,5
0.1669,-13.6,5
0.167,-13.6,5
0.1671,-13.4,4.8
0.1672,-13.6,4.8
0.1673,-13.6,4.8
0.1674,-13.6,4.8
0.1675,-13.6,4.6
0.1676,-13.6,4.6
0.1677,-13.6,4.6
0.1678,-13.6,4.4
0.1679,-13.6,4.4
0.168,-13.6,4.4
0.1681,-13.6,4.2
0.1682,-13.6,4.2
0.1683,-13.6,4.2
0.1684,-13.6,4.2
0.1685,-13.6,4
0.1686,-13.6,4
0.1687,-13.6,4
0.1688,-13.6,3.8
0.1689,-13.6,3.8
0.169,-13.6,3.8
0.1691,-13.6,3.6
0.1692,-13.6,3.6
0.1693,-13.6,3.6
0.1694,-13.6,3.4
0.1695,-13.6,3.4
0.1696,-13.6,3.4
0.1697,-13.6,3.4
0.1698,-13.6,3.2
0.1699,-13.6,3.2
0.17,-13.6,3.2
0.1701,-13.6,3.2
0.1702,-13.6,3
0.1703,-13.6,3
0.1704,-13.6,2.8
0.1705,-13.6,2.8
0.1706,-13.6,2.8
0.1707,-13.6,2.8
0.1708,-13.6,2.6
0.1709,-13.6,2.6
0.171,-13.6,2.4
0.1711,-13.6,2.4
0.1712,-13.6,2.4
0.1713,-13.6,2.4
0.1714,-13.6,2.4
0.1715,-13.6,2.2
0.1716,-13.6,2.2
0.1717,-13.6,2.2
0.1718,-13.6,2
0.1719,-13.6,2
0.172,-13.6,2
0.1721,-13.6,1.8
0.1722,-13.6,1.8
0.1723,-13.6,1.6
0.1724,-13.6,1.6
0.1725,-13.6,1.6
0.1726,-13.6,1.6
0.1727,-13.2,1.4
0.1728,-12.8,1.4
0.1729,-12.2,1.4
0.173,-11.4,1.2
0.1731,-10.8,1.2
0.1732,-10.2,1.2
0.1733,-9.6,1
0.1734,-9,1
0.1735,-8.4,1
0.1736,-7.8,0.8
0.1737,-7.2,0.8
0.1738,-6.6,0.8
0.1739,-6,0.8
0.174,-5.4,0.6
0.1741,-4.8,0.6
0.1742,-4.2,0.4
0.1743,-3.6,0.4
0.1744,-3,0.4
0.1745,-2.4,0.4
0.1746,-1.8,0.2
0.1747,-1.2,0.2
0.1748,-0.4,0.2
0.1749,0.2,0.2
0.175,0.6,0
0.1751,1.2,0
0.1752,2,0
0.1753,2.6,-0.2
0.1754,3.2,-0.4
0.1755,3.8,-0.2
0.1756,4.4,-0.4
0.1757,4.8,-0.4
0.1758,5.6,-0.4
0.1759,6.2,-0.4
0.176,6.8,-0.6
0.1761,7.4,-0.8
0.1762,8,-0.8
0.1763,8.6,-0.8
0.1764,9.2,-0.8
0.1765,9.8,-0.8
0.1766,10.4,-1
0.1767,11,-1.2
0.1768,11.8,-1
0.1769,12.2,-1.2
0.177,12.8,-1.2
0.1771,13.4,-1.4
0.1772,14,-1.4
0.1773,14.4,-1.4
0.1774,14.4,-1.4
0.1775,14.4,-1.6
0.1776,14.4,-1.6
0.1777,14.4,-1.6
0.1778,14.4,-1.8
0.1779,14.4,-1.8
0.178,14.4,-1.8
0.1781,14.4,-2
0.1782,14.4,-2
0.1783,14.4,-2.2
0.1784,14.4,-2.2
0.1785,14.4,-2.2
0.1786,14.4,-2.2
0.1787,14.4,-2.4
0.1788,14.4,-2.4
0.1789,14.4,-2.4
0.179,14.4,-2.6
0.1791,14.4,-2.6
0.1792,14.4,-2.6
0.1793,14.4,-2.8
0.1794,14.4,-2.8
0.1795,14.4,-2.8
0.1796,14.2,-2.8
0.1797,14.4,-3
0.1798,14.4,-3
0.1799,14.4,-3
0.18,14.4,-3
0.1801,14.4,-3.2
0.1802,14.4,-3.2
0.1803,14.4,-3.2
0.1804,14.4,-3.2
0.1805,14.4,-3.4
0.1806,14.4,-3.4
0.1807,14.4,-3.6
0.1808,14.4,-3.6
0.1809,14.4,-3.6
0.181,14.4,-3.6
0.1811,14.4,-3.8
0.1812,14.4,-3.8
0.1813,14.4,-3.8
0.1814,14.4,-3.8
0.1815,14.4,-4
0.1816,14.4,-4
0.1817,14.4,-4
0.1818,14.4,-4
0.1819,14.4,-4.2
0.182,14.4,-4.2
0.1821,14.2,-4.4
0.1822,14.4,-4.4
0.1823,14.4,-4.4
0.1824,14.4,-4.6
0.1825,14.4,-4.6
0.1826,14.4,-4.6
0.1827,14.4,-4.8
0.1828,14.4,-4.8
0.1829,14.4,-4.8
0.183,14.4,-4.8
0.1831,14.4,-4.8
0.1832,14.4,-5
0.1833,14.4,-5
0.1834,14.4,-5
0.1835,14.4,-5.2
0.1836,14.4,-5.2
0.1837,14.4,-5.2
0.1838,14.4,-5.2
0.1839,14.4,-5.4
0.184,14.4,-5.4
0.1841,14.4,-5.4
0.1842,14.4,-5.6
0.1843,14.4,-5.6
0.1844,14.4,-5.6
0.1845,14.4,-5.6
0.1846,14.4,-5.6
0.1847,14.4,-5.8
0.1848,14.4,-5.8
0.1849,14.4,-5.8
0.185,14.4,-6
0.1851,14.4,-6
0.1852,14.4,-6
0.1853,14.4,-6
0.1854,14.4,-6.2
0.1855,14.4,-6.2
0.1856,14.4,-6.4
0.1857,14.4,-6.4
0.1858,14.4,-6.4
0.1859,14.4,-6.4
0.186,14.4,-6.4
0.1861,14.4,-6.6
0.1862,14.4,-6.6
0.1863,14.4,-6.6
0.1864,14.4,-6.6
0.1865,14.4,-6.8
0.1866,14.4,-6.8
0.1867,14.4,-6.8
0.1868,14.4,-7
0.1869,14.4,-6.8
0.187,14.4,-7
0.1871,14.4,-7
0.1872,14.4,-7
0.1873,14.4,-7
0.1874,14.4,-7
0.1875,14.4,-7.2
0.1876,14.4,-7.2
0.1877,14.4,-7.2
0.1878,14.4,-7.2
0.1879,14.4,-7.4
0.188,14.4,-7.4
0.1881,14.4,-7.4
0.1882,14.4,-7.4
0.1883,14.4,-7.4
0.1884,14.4,-7.6
0.1885,14.4,-7.6
0.1886,14.4,-7.6
0.1887,14.4,-7.6
0.1888,14.4,-7.6
0.1889,14.4,-7.8
0.189,14.4,-7.8
0.1891,14.4,-7.8
0.1892,14.4,-7.8
0.1893,14.4,-8
0.1894,14.4,-8
0.1895,14.4,-8
0.1896,14.4,-8
0.1897,14.4,-8
0.1898,14.4,-8
0.1899,14.4,-8.2
0.19,14.4,-8.2
0.1901,14.4,-8.2
0.1902,14.4,-8.4
0.1903,14.4,-8.4
0.1904,14.4,-8.4
0.1905,14.4,-8.4
0.1906,14.4,-8.4
0.1907,14.4,-8.4
0.1908,14.4,-8.4
0.1909,14.4,-8.6
0.191,14.4,-8.6
0.1911,14.4,-8.6
0.1912,14.4,-8.6
0.1913,14.4,-8.6
0.1914,14.4,-8.6
0.1915,14.4,-8.6
0.1916,14.4,-8.8
0.1917,14.4,-8.8
0.1918,14.4,-8.6
0.1919,14.4,-8.8
0.192,14.4,-8.8
0.1921,14.4,-8.8
0.1922,14.4,-8.8
0.1923,14.4,-9
0.1924,14.4,-9
0.1925,14.4,-9
0.1926,14.4,-9
0.1927,14.4,-9
0.1928,14.4,-9
0.1929,14.4,-9
0.193,14.4,-9.2
0.1931,14.4,-9.2
0.1932,14.4,-9.2
0.1933,14.4,-9.2
0.1934,14.4,-9.2
0.1935,14.4,-9.2
0.1936,14.4,-9.2
0.1937,14.4,-9.2
0.1938,14.4,-9.4
0.1939,14.4,-9.4
0.194,14.4,-9.4
0.1941,14.4,-9.4
0.1942,14.4,-9.4
0.1943,14.4,-9.4
0.1944,14.4,-9.4
0.1945,14.4,-9.4
0.1946,14.4,-9.4
0.1947,14.4,-9.6
0.1948,14.4,-9.6
0.1949,14.4,-9.6
0.195,14.4,-9.6
0.1951,14.4,-9.6
0.1952,14.4,-9.6
0.1953,14.4,-9.6
0.1954,14.4,-9.6
0.1955,14.4,-9.6
0.1956,14.4,-9.6
0.1957,14.4,-9.8
0.1958,14.4,-9.8
0.1959,14.4,-9.8
0.196,14.4,-9.8
0.1961,14.4,-9.8
0.1962,14.4,-9.8
0.1963,14.4,-9.8
0.1964,14.4,-9.8
0.1965,14.4,-9.8
0.1966,14.4,-9.8
0.1967,14.4,-9.8
0.1968,14.4,-9.8
0.1969,14.2,-9.8
0.197,14.4,-9.8
0.1971,14.4,-9.8
0.1972,14.4,-10
0.1973,14.4,-10
0.1974,14.4,-9.8
0.1975,14.4,-10
0.1976,14.4,-10
0.1977,14.4,-10
0.1978,14.4,-10
0.1979,14.4,-10
0.198,14.4,-10
0.1981,14.4,-10
0.1982,14.4,-10
0.1983,14.4,-10
0.1984,14.4,-10
0.1985,14.4,-10
0.1986,14.4,-10
0.1987,14.4,-10
0.1988,14.4,-10
0.1989,14.4,-10
0.199,14.4,-10
0.1991,14.4,-10.2
0.1992,14.4,-10.2
0.1993,14.4,-10
0.1994,14.4,-10
0.1995,14.4,-10
0.1996,14.4,-10
0.1997,14.4,-10
0.1998,14.4,-10
0.1999,14.4,-10.2
0.2,14.4,-10
0.2001,14.4,-10
0.2002,14.4,-10
0.2003,14.4,-10
0.2004,14.4,-10.2
0.2005,14.4,-10
0.2006,14.4,-10
0.2007,14.4,-10
0.2008,14.4,-10
0.2009,14.4,-10
0.201,14.4,-10
0.2011,14.4,-10
0.2012,14.4,-10
0.2013,14.4,-10
0.2014,14.4,-10
0.2015,14.4,-10
0.2016,14.2,-10
0.2017,14.4,-10
0.2018,14.4,-10
0.2019,14.4,-10
0.202,14.4,-10
0.2021,14.4,-10
0.2022,14.4,-10
0.2023,14.4,-10
0.2024,14.4,-10
0.2025,14.4,-10
0.2026,14.4,-10
0.2027,14.4,-10
0.2028,14.4,-9.8
0.2029,14.4,-10
0.203,14.4,-9.8
0.2031,14.4,-9.8
0.2032,14.4,-9.8
0.2033,14.4,-9.8
0.2034,14.4,-9.8
0.2035,14.4,-9.8
0.2036,14.4,-9.8
0.2037,14.2,-9.8
0.2038,14.4,-9.8
0.2039,14.4,-9.8
0.204,14.4,-9.8
0.2041,14.4,-9.8
0.2042,14.4,-9.6
0.2043,14.4,-9.8
0.2044,14.4,-9.6
0.2045,14.4,-9.6
0.2046,14.4,-9.6
0.2047,14.4,-9.6
0.2048,14.2,-9.6
0.2049,14.4,-9.6
0.205,14.4,-9.6
0.2051,14.4,-9.6
0.2052,14.4,-9.4
0.2053,14.4,-9.4
0.2054,14.4,-9.6
0.2055,14.4,-9.4
0.2056,14.4,-9.4
0.2057,14.4,-9.4
0.2058,14.4,-9.4
0.2059,14.4,-9.4
0.206,14.4,-9.4
0.2061,14.4,-9.4
0.2062,14.4,-9.4
0.2063,14.4,-9.2
0.2064,14.4,-9.2
0.2065,14.4,-9.2
0.2066,14.4,-9.2
0.2067,14.4,-9.2
0.2068,14.4,-9
0.2069,14.4,-9
0.207,14.4,-9.2
0.2071,14.4,-9
0.2072,14.4,-9
0.2073,14.4,-9
0.2074,14.4,-9
0.2075,14.4,-9
0.2076,14.4,-9
0.2077,14.4,-8.8
0.2078,14.4,-8.8
0.2079,14.4,-8.8
0.208,14.4,-8.8
0.2081,14.4,-8.8
0.2082,14.4,-8.8
0.2083,14.4,-8.8
0.2084,14.4,-8.6
0.2085,14.4,-8.6
0.2086,14.4,-8.6
0.2087,14.4,-8.6
0.2088,14.4,-8.6
0.2089,14.4,-8.6
0.209,14.4,-8.6
0.2091,14.6,-8.4
0.2092,14.4,-8.4
0.2093,14.4,-8.4
0.2094,14.4,-8.4
0.2095,14.4,-8.2
0.2096,14.4,-8.4
0.2097,14.4,-8.2
0.2098,14.4,-8.2
0.2099,14.4,-8.2
0.21,14.4,-8.2
0.2101,14.4,-8.2
0.2102,14.4,-8
0.2103,14.4,-8
0.2104,14.4,-8
0.2105,14.4,-8
0.2106,14.4,-7.8
0.2107,14.4,-7.8
0.2108,14.4,-7.8
0.2109,14.4,-7.8
0.211,14.4,-7.8
0.2111,14.4,-7.8
0.2112,14.4,-7.6
0.2113,14.4,-7.6
0.2114,14.4,-7.6
0.2115,14.4,-7.6
0.2116,14.4,-7.4
0.2117,14.4,-7.4
0.2118,14.4,-7.4
0.2119,14.4,-7.2
0.212,14.4,-7.4
0.2121,14.4,-7.2
0.2122,14.4,-7.2
0.2123,14.4,-7.2
0.2124,14.4,-7.2
0.2125,14.4,-7
0.2126,14.4,-7
0.2127,14.4,-7
0.2128,14.4,-7
0.2129,14.4,-7
0.213,14.4,-6.8
0.2131,14.4,-6.8
0.2132,14.4,-6.8
0.2133,14.4,-6.8
0.2134,14.4,-6.6
0.2135,14.4,-6.6
0.2136,14.4,-6.6
0.2137,14.4,-6.6
0.2138,14.4,-6.4
0.2139,14.4,-6.4
0.214,14.4,-6.4
0.2141,14.4,-6.4
0.2142,14.4,-6.4
0.2143,14.4,-6.4
0.2144,14.4,-6.2
0.2145,14.4,-6.2
0.2146,14.4,-6
0.2147,14.4,-6
0.2148,14.4,-6
0.2149,14.4,-6
0.215,14.4,-5.8
0.2151,14.4,-5.6
0.2152,14.4,-5.8
0.2153,14.4,-5.8
0.2154,14.4,-5.6
0.2155,14.4,-5.6
0.2156,14.4,-5.6
0.2157,14.4,-5.4
0.2158,14.4,-5.4
0.2159,14.4,-5.4
0.216,14.4,-5.4
0.2161,14.4,-5.2
0.2162,14.4,-5.2
0.2163,14.4,-5.2
0.2164,14.4,-5
0.2165,14.4,-5
0.2166,14.4,-5
0.2167,14.4,-4.8
0.2168,14.4,-5
0.2169,14.4,-4.8
0.217,14.4,-4.8
0.2171,14.6,-4.8
0.2172,14.4,-4.6
0.2173,14.4,-4.6
0.2174,14.4,-4.6
0.2175,14.4,-4.4
0.2176,14.4,-4.4
0.2177,14.4,-4.4
0.2178,14.4,-4.4
0.2179,14.4,-4.2
0.218,14.4,-4.2
0.2181,14.4,-4.2
0.2182,14.4,-4
0.2183,14.4,-4
0.2184,14.4,-4
0.2185,14.4,-3.8
0.2186,14.4,-3.8
0.2187,14.4,-3.8
0.2188,14.4,-3.6
0.2189,14.4,-3.6
0.219,14.4,-3.6
0.2191,14.4,-3.6
0.2192,14.4,-3.4
0.2193,14.4,-3.4
0.2194,14.4,-3.4
0.2195,14.4,-3.2
0.2196,14.4,-3.2
0.2197,14.4,-3.2
0.2198,14.4,-3
0.2199,14.4,-3
0.22,14.4,-3
0.2201,14.4,-3
0.2202,14.4,-3
0.2203,14.4,-2.8
0.2204,14.4,-2.8
0.2205,14.4,-2.8
0.2206,14.4,-2.8
0.2207,14.4,-2.6
0.2208,14.4,-2.6
0.2209,14.4,-2.6
0.221,14.4,-2.4
0.2211,14.4,-2.4
0.2212,14.4,-2.4
0.2213,14.4,-2.2
0.2214,14.4,-2.2
0.2215,14.4,-2.2
0.2216,14.4,-2
0.2217,14.4,-2
0.2218,14.4,-2
0.2219,14.4,-1.8
0.222,14.4,-1.8
0.2221,14.4,-1.8
0.2222,14.4,-1.6
0.2223,14.4,-1.6
0.2224,14.4,-1.6
0.2225,14.4,-1.4
0.2226,14.4,-1.4
0.2227,13.4,-1.2
0.2228,12.8,-1.2
0.2229,12.4,-1.2
0.223,11.8,-1.2
0.2231,11.2,-1
0.2232,10.4,-1
0.2233,9.8,-1
0.2234,9.4,-1
0.2235,8.6,-0.8
0.2236,8,-0.8
0.2237,7.4,-0.8
0.2238,6.8,-0.6
0.2239,6.4,-0.6
0.224,5.8,-0.4
0.2241,5.2,-0.4
0.2242,4.4,-0.4
0.2243,3.8,-0.4
0.2244,3.2,-0.4
0.2245,2.6,-0.2
0.2246,2,-0.2
0.2247,1.4,0
0.2248,0.8,0
0.2249,0.2,0
0.225,-0.4,0.2
0.2251,-1,0.2
0.2252,-1.8,0.4
0.2253,-2.4,0.4
0.2254,-2.8,0.4
0.2255,-3.4,0.4
0.2256,-4.2,0.4
0.2257,-4.8,0.6
0.2258,-5.4,0.6
0.2259,-6,0.6
0.226,-6.6,0.8
0.2261,-7.2,0.8
0.2262,-7.8,0.8
0.2263,-8.4,0.8
0.2264,-8.8,1
0.2265,-9.6,1
0.2266,-10.2,1
0.2267,-10.8,1.2
0.2268,-11.4,1.2
0.2269,-12,1.2
0.227,-12.6,1.4
0.2271,-13.2,1.4
0.2272,-13.6,1.4
0.2273,-13.6,1.4
0.2274,-13.6,1.6
0.2275,-13.6,1.6
0.2276,-13.6,1.8
0.2277,-13.6,1.8
0.2278,-13.6,1.8
0.2279,-13.6,1.8
0.228,-13.6,2
0.2281,-13.6,2
0.2282,-13.6,2
0.2283,-13.6,2.2
0.2284,-13.6,2.2
0.2285,-13.6,2.2
0.2286,-13.6,2.4
0.2287,-13.6,2.4
0.2288,-13.6,2.6
0.2289,-13.6,2.6
0.229,-13.6,2.6
0.2291,-13.6,2.6
0.2292,-13.6,2.8
0.2293,-13.6,2.8
0.2294,-13.6,2.8
0.2295,-13.6,2.8
0.2296,-13.6,3
0.2297,-13.6,3
0.2298,-13.6,3.2
0.2299,-13.6,3.2
0.23,-13.6,3.2
0.2301,-13.6,3.2
0.2302,-13.6,3.2
0.2303,-13.6,3.4
0.2304,-13.6,3.4
0.2305,-13.6,3.6
0.2306,-13.6,3.6
0.2307,-13.6,3.6
0.2308,-13.6,3.8
0.2309,-13.6,3.8
0.231,-13.6,3.8
0.2311,-13.6,3.8
0.2312,-13.6,4
0.2313,-13.6,4
0.2314,-13.6,4
0.2315,-13.6,4.2
0.2316,-13.6,4.2
0.2317,-13.6,4.2
0.2318,-13.6,4.2
0.2319,-13.6,4.4
0.232,-13.6,4.4
0.2321,-13.6,4.4
0.2322,-13.6,4.6
0.2323,-13.6,4.6
0.2324,-13.6,4.6
0.2325,-13.6,4.8
0.2326,-13.6,4.8
0.2327,-13.6,4.8
0.2328,-13.6,4.8
0.2329,-13.6,4.8
0.233,-13.6,5
0.2331,-13.6,5
0.2332,-13.6,5.2
0.2333,-13.6,5.2
0.2334,-13.6,5.2
0.2335,-13.6,5.2
0.2336,-13.6,5.4
0.2337,-13.6,5.4
0.2338,-13.6,5.4
0.2339,-13.6,5.4
0.234,-13.4,5.6
0.2341,-13.6,5.6
0.2342,-13.6,5.6
0.2343,-13.4,5.6
0.2344,-13.6,5.6
0.2345,-13.6,5.6
0.2346,-13.6,5.8
0.2347,-13.6,5.8
0.2348,-13.6,6
0.2349,-13.6,6
0.235,-13.6,6
0.2351,-13.4,6
0.2352,-13.6,6.2
0.2353,-13.4,6.2
0.2354,-13.6,6.4
0.2355,-13.6,6.2
0.2356,-13.4,6.4
0.2357,-13.6,6.4
0.2358,-13.6,6.4
0.2359,-13.6,6.6
0.236,-13.6,6.6
0.2361,-13.4,6.6
0.2362,-13.6,6.8
0.2363,-13.6,6.8
0.2364,-13.6,6.6
0.2365,-13.6,6.8
0.2366,-13.6,6.8
0.2367,-13.6,6.8
0.2368,-13.6,6.8
0.2369,-13.6,6.8
0.237,-13.6,6.8
0.2371,-13.6,7
0.2372,-13.6,7
0.2373,-13.6,7.2
0.2374,-13.6,7
0.2375,-13.6,7.2
0.2376,-13.6,7.2
0.2377,-13.6,7.2
0.2378,-13.6,7.4
0.2379,-13.6,7.4
0.238,-13.6,7.4
0.2381,-13.6,7.4
0.2382,-13.6,7.4
0.2383,-13.6,7.6
0.2384,-13.6,7.6
0.2385,-13.6,7.6
0.2386,-13.6,7.6
0.2387,-13.6,7.6
0.2388,-13.6,7.8
0.2389,-13.6,7.8
0.239,-13.6,7.8
0.2391,-13.6,7.8
0.2392,-13.6,8
0.2393,-13.6,8
0.2394,-13.6,7.8
0.2395,-13.6,8
0.2396,-13.6,8
0.2397,-13.6,8.2
0.2398,-13.6,8.2
0.2399,-13.6,8.2
0.24,-13.6,8.2
0.2401,-13.6,8.2
0.2402,-13.6,8.4
0.2403,-13.6,8.4
0.2404,-13.6,8.4
0.2405,-13.6,8.4
0.2406,-13.6,8.4
0.2407,-13.6,8.6
0.2408,-13.6,8.6
0.2409,-13.6,8.6
0.241,-13.6,8.6
0.2411,-13.6,8.6
0.2412,-13.6,8.6
0.2413,-13.6,8.6
0.2414,-13.6,8.6
0.2415,-13.6,8.8
0.2416,-13.6,8.8
0.2417,-13.6,8.8
0.2418,-13.6,8.8
0.2419,-13.6,8.8
0.242,-13.6,8.8
0.2421,-13.6,9
0.2422,-13.6,8.8
0.2423,-13.6,8.8
0.2424,-13.6,9
0.2425,-13.6,9
0.2426,-13.6,9
0.2427,-13.6,9
0.2428,-13.6,9
0.2429,-13.6,9.2
0.243,-13.6,9.2
0.2431,-13.6,9.2
0.2432,-13.6,9.2
0.2433,-13.6,9.2
0.2434,-13.6,9.4
0.2435,-13.6,9.2
0.2436,-13.6,9.2
0.2437,-13.6,9.4
0.2438,-13.6,9.4
0.2439,-13.6,9.4
0.244,-13.6,9.4
0.2441,-13.6,9.4
0.2442,-13.6,9.4
0.2443,-13.6,9.4
0.2444,-13.4,9.6
0.2445,-13.4,9.6
0.2446,-13.6,9.6
0.2447,-13.6,9.6
0.2448,-13.6,9.6
0.2449,-13.4,9.6
0.245,-13.6,9.6
0.2451,-13.6,9.6
0.2452,-13.6,9.6
0.2453,-13.6,9.8
0.2454,-13.6,9.8
0.2455,-13.6,9.8
0.2456,-13.6,9.8
0.2457,-13.6,9.8
0.2458,-13.6,9.8
0.2459,-13.6,9.8
0.246,-13.6,9.8
0.2461,-13.6,9.8
0.2462,-13.4,9.8
0.2463,-13.6,9.8
0.2464,-13.6,10
0.2465,-13.6,9.8
0.2466,-13.6,10
0.2467,-13.4,9.8
0.2468,-13.6,10
0.2469,-13.6,10
0.247,-13.6,10
0.2471,-13.6,10
0.2472,-13.6,10
0.2473,-13.6,10
0.2474,-13.6,10
0.2475,-13.6,10
0.2476,-13.4,10
0.2477,-13.6,10
0.2478,-13.6,10
0.2479,-13.6,10
0.248,-13.4,10.2
0.2481,-13.4,10
0.2482,-13.4,10
0.2483,-13.6,10.2
0.2484,-13.6,10.2
0.2485,-13.6,10
0.2486,-13.6,10
0.2487,-13.4,10
0.2488,-13.4,10.2
0.2489,-13.6,10.2
0.249,-13.6,10.2
0.2491,-13.6,10.2
0.2492,-13.6,10.2
0.2493,-13.6,10.2
0.2494,-13.4,10
0.2495,-13.6,10
0.2496,-13.6,10.2
0.2497,-13.4,10.2
0.2498,-13.6,10
0.2499,-13.6,10.2