Time - Plot 0,Amplitude - Plot 0,Time - Plot 1,Amplitude - Plot 1
0,-13.6,0,-6.8
4.00E-05,2.6,4.00E-05,-6.8
8.00E-05,14.6,8.00E-05,-6.8
0.00012,14.6,0.00012,-6.8
0.00016,14.4,0.00016,-6.6
0.0002,14.4,0.0002,-6.4
0.00024,14.6,0.00024,-6.4
0.00028,14.4,0.00028,-6.2
0.00032,14.4,0.00032,-6.2
0.00036,14.4,0.00036,-6.2
0.0004,14.4,0.0004,-6.2
0.00044,14.6,0.00044,-6
0.00048,14.4,0.00048,-6
0.00052,14.4,0.00052,-5.8
0.00056,14.4,0.00056,-5.8
0.0006,14.4,0.0006,-5.6
0.00064,14.4,0.00064,-5.6
0.00068,14.4,0.00068,-5.6
0.00072,14.6,0.00072,-5.4
0.00076,14.4,0.00076,-5.4
0.0008,14.6,0.0008,-5.2
0.00084,14.4,0.00084,-5.2
0.00088,14.4,0.00088,-5.2
0.00092,14.6,0.00092,-5.2
0.00096,14.6,0.00096,-5
0.001,14.4,0.001,-5
0.00104,14.4,0.00104,-4.8
0.00108,14.4,0.00108,-4.6
0.00112,14.4,0.00112,-4.6
0.00116,14.4,0.00116,-4.6
0.0012,14.4,0.0012,-4.4
0.00124,14.4,0.00124,-4.4
0.00128,14.4,0.00128,-4.4
0.00132,14.4,0.00132,-4.2
0.00136,14.4,0.00136,-4.2
0.0014,14.4,0.0014,-4.2
0.00144,14.4,0.00144,-4
0.00148,14.4,0.00148,-4
0.00152,14.4,0.00152,-4
0.00156,14.4,0.00156,-3.8
0.0016,14.4,0.0016,-3.8
0.00164,14.4,0.00164,-3.6
0.00168,14.6,0.00168,-3.6
0.00172,14.4,0.00172,-3.6
0.00176,14.4,0.00176,-3.6
0.0018,14.4,0.0018,-3.4
0.00184,14.6,0.00184,-3.4
0.00188,14.4,0.00188,-3.4
0.00192,14.4,0.00192,-3.2
0.00196,14.4,0.00196,-3.2
0.002,14.4,0.002,-3.2
0.00204,14.4,0.00204,-3
0.00208,14.4,0.00208,-3
0.00212,14.4,0.00212,-3
0.00216,14.4,0.00216,-2.8
0.0022,14.6,0.0022,-2.8
0.00224,14.4,0.00224,-2.8
0.00228,14.4,0.00228,-2.8
0.00232,14.4,0.00232,-2.6
0.00236,14.4,0.00236,-2.6
0.0024,14.4,0.0024,-2.4
0.00244,14.4,0.00244,-2.4
0.00248,14.4,0.00248,-2.4
0.00252,14.4,0.00252,-2.2
0.00256,14.4,0.00256,-2.2
0.0026,14.4,0.0026,-2.2
0.00264,14.4,0.00264,-2
0.00268,14.6,0.00268,-2
0.00272,14.4,0.00272,-2
0.00276,14.4,0.00276,-2
0.0028,14.4,0.0028,-1.8
0.00284,14.4,0.00284,-1.8
0.00288,14.4,0.00288,-1.8
0.00292,14.4,0.00292,-1.6
0.00296,14.4,0.00296,-1.6
0.003,14.6,0.003,-1.6
0.00304,14.4,0.00304,-1.6
0.00308,14.4,0.00308,-1.4
0.00312,14.6,0.00312,-1.4
0.00316,14.4,0.00316,-1.2
0.0032,14.6,0.0032,-1.2
0.00324,14.6,0.00324,-1.2
0.00328,14.4,0.00328,-1.2
0.00332,14.4,0.00332,-1
0.00336,14.4,0.00336,-1
0.0034,14.4,0.0034,-1
0.00344,14.4,0.00344,-1
0.00348,14.4,0.00348,-0.8
0.00352,14.4,0.00352,-0.8
0.00356,14.6,0.00356,-0.8
0.0036,14.4,0.0036,-0.6
0.00364,14.6,0.00364,-0.6
0.00368,14.6,0.00368,-0.6
0.00372,14.6,0.00372,-0.4
0.00376,14.6,0.00376,-0.6
0.0038,14.4,0.0038,-0.4
0.00384,14.6,0.00384,-0.2
0.00388,14.4,0.00388,-0.2
0.00392,14.4,0.00392,-0.2
0.00396,14.4,0.00396,-0.2
0.004,14.4,0.004,-0.2
0.00404,14.4,0.00404,0
0.00408,14.4,0.00408,0
0.00412,14.4,0.00412,0
0.00416,14.4,0.00416,0
0.0042,14.4,0.0042,0.2
0.00424,14.4,0.00424,0.2
0.00428,14.6,0.00428,0.4
0.00432,14.4,0.00432,0.2
0.00436,14.4,0.00436,0.4
0.0044,14.6,0.0044,0.4
0.00444,14.4,0.00444,0.4
0.00448,14.4,0.00448,0.6
0.00452,14.6,0.00452,0.6
0.00456,14.4,0.00456,0.6
0.0046,14.6,0.0046,0.6
0.00464,14.4,0.00464,0.8
0.00468,14.4,0.00468,0.6
0.00472,14.4,0.00472,0.8
0.00476,14.4,0.00476,1
0.0048,14.4,0.0048,1
0.00484,14.4,0.00484,1
0.00488,14.4,0.00488,1
0.00492,14.4,0.00492,1
0.00496,14.4,0.00496,1
0.005,14.4,0.005,1.2
0.00504,14.4,0.00504,1.2
0.00508,14.4,0.00508,1.2
0.00512,14.4,0.00512,1.4
0.00516,14.6,0.00516,1.4
0.0052,14.4,0.0052,1.4
0.00524,14.4,0.00524,1.4
0.00528,14.4,0.00528,1.6
0.00532,14.4,0.00532,1.6
0.00536,14.4,0.00536,1.6
0.0054,14.4,0.0054,1.8
0.00544,14.4,0.00544,1.8
0.00548,14.4,0.00548,1.8
0.00552,14.6,0.00552,1.8
0.00556,14.4,0.00556,1.8
0.0056,14.4,0.0056,1.8
0.00564,14.4,0.00564,2
0.00568,14.4,0.00568,2
0.00572,14.4,0.00572,2
0.00576,14.4,0.00576,2
0.0058,14.4,0.0058,2
0.00584,14.4,0.00584,2.2
0.00588,14.4,0.00588,2.2
0.00592,14.4,0.00592,2.2
0.00596,14.4,0.00596,2.2
0.006,14.4,0.006,2.4
0.00604,14.4,0.00604,2.4
0.00608,14.4,0.00608,2.4
0.00612,14.4,0.00612,2.4
0.00616,14.4,0.00616,2.6
0.0062,14.4,0.0062,2.6
0.00624,14.4,0.00624,2.6
0.00628,14.4,0.00628,2.6
0.00632,14.4,0.00632,2.8
0.00636,14.4,0.00636,2.6
0.0064,14.4,0.0064,2.8
0.00644,14.4,0.00644,2.8
0.00648,14.4,0.00648,2.8
0.00652,14.4,0.00652,2.8
0.00656,14.4,0.00656,3
0.0066,14.4,0.0066,3
0.00664,14.4,0.00664,3
0.00668,14.4,0.00668,3
0.00672,14.4,0.00672,3.2
0.00676,14.4,0.00676,3.2
0.0068,14.4,0.0068,3.2
0.00684,14.4,0.00684,3.2
0.00688,14.4,0.00688,3.2
0.00692,14.4,0.00692,3.4
0.00696,14.4,0.00696,3.4
0.007,14.4,0.007,3.4
0.00704,14.4,0.00704,3.4
0.00708,14.4,0.00708,3.4
0.00712,14.4,0.00712,3.4
0.00716,14.4,0.00716,3.6
0.0072,14.4,0.0072,3.6
0.00724,14.4,0.00724,3.6
0.00728,14.4,0.00728,3.6
0.00732,14.4,0.00732,3.6
0.00736,14.4,0.00736,3.8
0.0074,14.6,0.0074,3.8
0.00744,14.4,0.00744,3.8
0.00748,14.4,0.00748,3.8
0.00752,14.4,0.00752,3.8
0.00756,14.4,0.00756,4
0.0076,14.4,0.0076,3.8
0.00764,14.4,0.00764,4
0.00768,14.4,0.00768,4
0.00772,14.6,0.00772,4
0.00776,14.4,0.00776,4.2
0.0078,14.4,0.0078,4.2
0.00784,14.4,0.00784,4.2
0.00788,14.4,0.00788,4.2
0.00792,14.4,0.00792,4.2
0.00796,14.4,0.00796,4.2
0.008,14.6,0.008,4.4
0.00804,14.4,0.00804,4.2
0.00808,14.4,0.00808,4.4
0.00812,14.4,0.00812,4.4
0.00816,14.4,0.00816,4.4
0.0082,14.6,0.0082,4.4
0.00824,14.4,0.00824,4.6
0.00828,14.4,0.00828,4.6
0.00832,14.6,0.00832,4.4
0.00836,14.4,0.00836,4.6
0.0084,14.4,0.0084,4.6
0.00844,14.4,0.00844,4.6
0.00848,14.4,0.00848,4.8
0.00852,14.4,0.00852,4.8
0.00856,14.4,0.00856,4.6
0.0086,14.4,0.0086,4.8
0.00864,14.4,0.00864,5
0.00868,14.6,0.00868,4.8
0.00872,14.4,0.00872,4.8
0.00876,14.6,0.00876,5
0.0088,14.4,0.0088,5
0.00884,14.4,0.00884,5
0.00888,14.4,0.00888,5
0.00892,14.4,0.00892,5
0.00896,14.6,0.00896,5
0.009,14.4,0.009,5.2
0.00904,14.4,0.00904,5.2
0.00908,14.4,0.00908,5.4
0.00912,14.4,0.00912,5.2
0.00916,14.4,0.00916,5.2
0.0092,14.4,0.0092,5.4
0.00924,14.4,0.00924,5.4
0.00928,14.6,0.00928,5.4
0.00932,14.4,0.00932,5.4
0.00936,14.4,0.00936,5.4
0.0094,14.4,0.0094,5.4
0.00944,14.4,0.00944,5.4
0.00948,14.4,0.00948,5.6
0.00952,14.6,0.00952,5.6
0.00956,14.4,0.00956,5.4
0.0096,14.4,0.0096,5.6
0.00964,14.4,0.00964,5.6
0.00968,14.4,0.00968,5.6
0.00972,14.4,0.00972,5.6
0.00976,14.4,0.00976,5.6
0.0098,14.4,0.0098,5.6
0.00984,14.4,0.00984,5.8
0.00988,14.4,0.00988,5.6
0.00992,14.6,0.00992,5.8
0.00996,14.4,0.00996,5.8
0.01,14.4,0.01,5.8
0.01004,14.4,0.01004,5.8
0.01008,14.4,0.01008,5.8
0.01012,14.4,0.01012,5.8
0.01016,14.4,0.01016,6
0.0102,14.4,0.0102,6
0.01024,14.4,0.01024,6
0.01028,14.4,0.01028,6
0.01032,14.4,0.01032,6
0.01036,14.4,0.01036,6
0.0104,14.4,0.0104,6.2
0.01044,14.4,0.01044,6.2
0.01048,14.4,0.01048,6.2
0.01052,14.6,0.01052,6.2
0.01056,14.4,0.01056,6.2
0.0106,14.4,0.0106,6.2
0.01064,14.6,0.01064,6.2
0.01068,14.4,0.01068,6.2
0.01072,14.6,0.01072,6.4
0.01076,14.4,0.01076,6.4
0.0108,14.6,0.0108,6.4
0.01084,14.4,0.01084,6.4
0.01088,14.4,0.01088,6.4
0.01092,14.4,0.01092,6.4
0.01096,14.4,0.01096,6.4
0.011,14.4,0.011,6.4
0.01104,14.4,0.01104,6.4
0.01108,14.4,0.01108,6.6
0.01112,14.4,0.01112,6.6
0.01116,14.4,0.01116,6.6
0.0112,14.4,0.0112,6.6
0.01124,14.4,0.01124,6.6
0.01128,14.4,0.01128,6.6
0.01132,14.4,0.01132,6.6
0.01136,14.4,0.01136,6.6
0.0114,14.4,0.0114,6.6
0.01144,14.4,0.01144,6.8
0.01148,14.4,0.01148,6.8
0.01152,14.4,0.01152,6.8
0.01156,14.6,0.01156,6.8
0.0116,14.6,0.0116,6.8
0.01164,14.6,0.01164,7
0.01168,14.4,0.01168,6.8
0.01172,14.6,0.01172,7
0.01176,14.6,0.01176,7
0.0118,14.6,0.0118,7
0.01184,14.6,0.01184,7
0.01188,14.4,0.01188,7
0.01192,14.6,0.01192,7
0.01196,14.4,0.01196,7
0.012,14.6,0.012,7
0.01204,14.6,0.01204,7
0.01208,14.4,0.01208,7.2
0.01212,14.4,0.01212,7.2
0.01216,14.4,0.01216,7.2
0.0122,14.4,0.0122,7.2
0.01224,14.4,0.01224,7.2
0.01228,14.4,0.01228,7.2
0.01232,14.4,0.01232,7.4
0.01236,-0.6,0.01236,7.2
0.0124,-13.6,0.0124,7.2
0.01244,-13.8,0.01244,7.2
0.01248,-13.8,0.01248,7
0.01252,-13.6,0.01252,7
0.01256,-13.6,0.01256,6.8
0.0126,-13.8,0.0126,6.8
0.01264,-13.6,0.01264,6.6
0.01268,-13.6,0.01268,6.6
0.01272,-13.6,0.01272,6.6
0.01276,-13.6,0.01276,6.4
0.0128,-13.6,0.0128,6.4
0.01284,-13.6,0.01284,6.2
0.01288,-13.6,0.01288,6.2
0.01292,-13.6,0.01292,6
0.01296,-13.6,0.01296,6
0.013,-13.6,0.013,5.8
0.01304,-13.6,0.01304,5.8
0.01308,-13.6,0.01308,5.8
0.01312,-13.6,0.01312,5.6
0.01316,-13.6,0.01316,5.6
0.0132,-13.6,0.0132,5.6
0.01324,-13.6,0.01324,5.4
0.01328,-13.6,0.01328,5.4
0.01332,-13.6,0.01332,5.4
0.01336,-13.6,0.01336,5.4
0.0134,-13.6,0.0134,5.2
0.01344,-13.6,0.01344,5.2
0.01348,-13.6,0.01348,5
0.01352,-13.6,0.01352,5
0.01356,-13.6,0.01356,4.8
0.0136,-13.6,0.0136,4.8
0.01364,-13.6,0.01364,4.8
0.01368,-13.6,0.01368,4.8
0.01372,-13.6,0.01372,4.6
0.01376,-13.6,0.01376,4.6
0.0138,-13.6,0.0138,4.4
0.01384,-13.6,0.01384,4.4
0.01388,-13.6,0.01388,4.4
0.01392,-13.6,0.01392,4.4
0.01396,-13.6,0.01396,4.2
0.014,-13.6,0.014,4.2
0.01404,-13.6,0.01404,4
0.01408,-13.6,0.01408,4
0.01412,-13.6,0.01412,4
0.01416,-13.6,0.01416,3.8
0.0142,-13.6,0.0142,3.8
0.01424,-13.6,0.01424,3.8
0.01428,-13.6,0.01428,3.6
0.01432,-13.6,0.01432,3.6
0.01436,-13.6,0.01436,3.6
0.0144,-13.6,0.0144,3.6
0.01444,-13.6,0.01444,3.4
0.01448,-13.6,0.01448,3.2
0.01452,-13.6,0.01452,3.2
0.01456,-13.6,0.01456,3.2
0.0146,-13.6,0.0146,3.2
0.01464,-13.6,0.01464,3
0.01468,-13.6,0.01468,3
0.01472,-13.6,0.01472,3
0.01476,-13.6,0.01476,3
0.0148,-13.6,0.0148,2.8
0.01484,-13.6,0.01484,2.8
0.01488,-13.6,0.01488,2.8
0.01492,-13.6,0.01492,2.6
0.01496,-13.6,0.01496,2.6
0.015,-13.6,0.015,2.6
0.01504,-13.6,0.01504,2.4
0.01508,-13.6,0.01508,2.4
0.01512,-13.6,0.01512,2.2
0.01516,-13.6,0.01516,2.2
0.0152,-13.6,0.0152,2.2
0.01524,-13.6,0.01524,2
0.01528,-13.6,0.01528,2
0.01532,-13.6,0.01532,2
0.01536,-13.6,0.01536,2
0.0154,-13.6,0.0154,2
0.01544,-13.6,0.01544,1.8
0.01548,-13.6,0.01548,1.8
0.01552,-13.6,0.01552,1.8
0.01556,-13.6,0.01556,1.8
0.0156,-13.6,0.0156,1.6
0.01564,-13.6,0.01564,1.6
0.01568,-13.6,0.01568,1.4
0.01572,-13.6,0.01572,1.4
0.01576,-13.6,0.01576,1.4
0.0158,-13.6,0.0158,1.2
0.01584,-13.8,0.01584,1.2
0.01588,-13.6,0.01588,1.2
0.01592,-13.6,0.01592,1.2
0.01596,-13.6,0.01596,1.2
0.016,-13.6,0.016,1
0.01604,-13.6,0.01604,1
0.01608,-13.6,0.01608,1
0.01612,-13.6,0.01612,1
0.01616,-13.6,0.01616,0.8
0.0162,-13.6,0.0162,0.8
0.01624,-13.6,0.01624,0.6
0.01628,-13.6,0.01628,0.6
0.01632,-13.6,0.01632,0.6
0.01636,-13.6,0.01636,0.6
0.0164,-13.8,0.0164,0.6
0.01644,-13.6,0.01644,0.4
0.01648,-13.6,0.01648,0.4
0.01652,-13.6,0.01652,0.4
0.01656,-13.6,0.01656,0.2
0.0166,-13.6,0.0166,0.4
0.01664,-13.6,0.01664,0.2
0.01668,-13.6,0.01668,0.2
0.01672,-13.6,0.01672,0
0.01676,-13.8,0.01676,0.2
0.0168,-13.8,0.0168,0
0.01684,-13.6,0.01684,-0.2
0.01688,-13.6,0.01688,0
0.01692,-13.8,0.01692,-0.2
0.01696,-13.6,0.01696,-0.2
0.017,-13.6,0.017,-0.2
0.01704,-13.8,0.01704,-0.2
0.01708,-13.6,0.01708,-0.4
0.01712,-13.6,0.01712,-0.4
0.01716,-13.6,0.01716,-0.6
0.0172,-13.8,0.0172,-0.4
0.01724,-13.6,0.01724,-0.6
0.01728,-13.6,0.01728,-0.6
0.01732,-13.8,0.01732,-0.6
0.01736,-13.6,0.01736,-0.6
0.0174,-13.6,0.0174,-0.8
0.01744,-13.6,0.01744,-0.8
0.01748,-13.6,0.01748,-0.8
0.01752,-13.6,0.01752,-0.8
0.01756,-13.6,0.01756,-1
0.0176,-13.6,0.0176,-1
0.01764,-13.6,0.01764,-1.2
0.01768,-13.6,0.01768,-1
0.01772,-13.8,0.01772,-1.2
0.01776,-13.6,0.01776,-1.2
0.0178,-13.6,0.0178,-1.2
0.01784,-13.6,0.01784,-1.2
0.01788,-13.6,0.01788,-1.4
0.01792,-13.6,0.01792,-1.4
0.01796,-13.6,0.01796,-1.4
0.018,-13.6,0.018,-1.4
0.01804,-13.6,0.01804,-1.4
0.01808,-13.6,0.01808,-1.6
0.01812,-13.6,0.01812,-1.6
0.01816,-13.6,0.01816,-1.6
0.0182,-13.6,0.0182,-1.8
0.01824,-13.6,0.01824,-1.8
0.01828,-13.6,0.01828,-1.8
0.01832,-13.6,0.01832,-1.8
0.01836,-13.6,0.01836,-1.8
0.0184,-13.6,0.0184,-2
0.01844,-13.6,0.01844,-2
0.01848,-13.6,0.01848,-2
0.01852,-13.6,0.01852,-2
0.01856,-13.6,0.01856,-2
0.0186,-13.6,0.0186,-2.2
0.01864,-13.6,0.01864,-2.2
0.01868,-13.6,0.01868,-2.2
0.01872,-13.6,0.01872,-2.2
0.01876,-13.6,0.01876,-2.2
0.0188,-13.8,0.0188,-2.2
0.01884,-13.6,0.01884,-2.4
0.01888,-13.6,0.01888,-2.4
0.01892,-13.6,0.01892,-2.4
0.01896,-13.6,0.01896,-2.4
0.019,-13.8,0.019,-2.4
0.01904,-13.6,0.01904,-2.6
0.01908,-13.6,0.01908,-2.6
0.01912,-13.6,0.01912,-2.6
0.01916,-13.6,0.01916,-2.8
0.0192,-13.6,0.0192,-2.8
0.01924,-13.6,0.01924,-2.8
0.01928,-13.6,0.01928,-3
0.01932,-13.6,0.01932,-2.8
0.01936,-13.6,0.01936,-3
0.0194,-13.6,0.0194,-2.8
0.01944,-13.6,0.01944,-3
0.01948,-13.6,0.01948,-3
0.01952,-13.6,0.01952,-3
0.01956,-13.6,0.01956,-3
0.0196,-13.6,0.0196,-3
0.01964,-13.6,0.01964,-3.2
0.01968,-13.6,0.01968,-3.2
0.01972,-13.6,0.01972,-3.2
0.01976,-13.6,0.01976,-3.2
0.0198,-13.6,0.0198,-3.2
0.01984,-13.6,0.01984,-3.2
0.01988,-13.6,0.01988,-3.2
0.01992,-13.6,0.01992,-3.4
0.01996,-13.6,0.01996,-3.4
0.02,-13.6,0.02,-3.4
0.02004,-13.6,0.02004,-3.4
0.02008,-13.6,0.02008,-3.4
0.02012,-13.6,0.02012,-3.4
0.02016,-13.6,0.02016,-3.4
0.0202,-13.8,0.0202,-3.6
0.02024,-13.6,0.02024,-3.6
0.02028,-13.6,0.02028,-3.6
0.02032,-13.6,0.02032,-3.8
0.02036,-13.6,0.02036,-3.6
0.0204,-13.6,0.0204,-3.8
0.02044,-13.8,0.02044,-3.8
0.02048,-13.6,0.02048,-3.8
0.02052,-13.6,0.02052,-3.8
0.02056,-13.6,0.02056,-3.8
0.0206,-13.6,0.0206,-4
0.02064,-13.6,0.02064,-3.8
0.02068,-13.6,0.02068,-4
0.02072,-13.6,0.02072,-4
0.02076,-13.6,0.02076,-4
0.0208,-13.6,0.0208,-4.2
0.02084,-13.6,0.02084,-4
0.02088,-13.6,0.02088,-4
0.02092,-13.6,0.02092,-4.2
0.02096,-13.6,0.02096,-4.2
0.021,-13.6,0.021,-4.2
0.02104,-13.6,0.02104,-4.4
0.02108,-13.6,0.02108,-4.2
0.02112,-13.6,0.02112,-4.4
0.02116,-13.6,0.02116,-4.4
0.0212,-13.6,0.0212,-4.4
0.02124,-13.6,0.02124,-4.4
0.02128,-13.6,0.02128,-4.4
0.02132,-13.6,0.02132,-4.6
0.02136,-13.6,0.02136,-4.4
0.0214,-13.6,0.0214,-4.6
0.02144,-13.6,0.02144,-4.6
0.02148,-13.6,0.02148,-4.6
0.02152,-13.8,0.02152,-4.8
0.02156,-13.6,0.02156,-4.6
0.0216,-13.6,0.0216,-4.8
0.02164,-13.6,0.02164,-4.6
0.02168,-13.6,0.02168,-4.8
0.02172,-13.6,0.02172,-4.8
0.02176,-13.6,0.02176,-4.8
0.0218,-13.8,0.0218,-4.8
0.02184,-13.6,0.02184,-5
0.02188,-13.6,0.02188,-5
0.02192,-13.6,0.02192,-5
0.02196,-13.6,0.02196,-5
0.022,-13.6,0.022,-5
0.02204,-13.6,0.02204,-5
0.02208,-13.6,0.02208,-5
0.02212,-13.6,0.02212,-5.2
0.02216,-13.6,0.02216,-5.2
0.0222,-13.6,0.0222,-5.2
0.02224,-13.6,0.02224,-5
0.02228,-13.6,0.02228,-5.2
0.02232,-13.6,0.02232,-5.2
0.02236,-13.6,0.02236,-5.2
0.0224,-13.6,0.0224,-5.4
0.02244,-13.6,0.02244,-5.2
0.02248,-13.6,0.02248,-5.4
0.02252,-13.6,0.02252,-5.4
0.02256,-13.6,0.02256,-5.4
0.0226,-13.6,0.0226,-5.4
0.02264,-13.6,0.02264,-5.4
0.02268,-13.6,0.02268,-5.4
0.02272,-13.6,0.02272,-5.6
0.02276,-13.8,0.02276,-5.6
0.0228,-13.6,0.0228,-5.6
0.02284,-13.6,0.02284,-5.6
0.02288,-13.6,0.02288,-5.6
0.02292,-13.6,0.02292,-5.6
0.02296,-13.6,0.02296,-5.6
0.023,-13.6,0.023,-5.6
0.02304,-13.6,0.02304,-5.6
0.02308,-13.6,0.02308,-5.6
0.02312,-13.6,0.02312,-5.8
0.02316,-13.6,0.02316,-5.8
0.0232,-13.6,0.0232,-5.8
0.02324,-13.6,0.02324,-5.8
0.02328,-13.6,0.02328,-5.8
0.02332,-13.6,0.02332,-5.8
0.02336,-13.6,0.02336,-6
0.0234,-13.6,0.0234,-6
0.02344,-13.8,0.02344,-6
0.02348,-13.6,0.02348,-6
0.02352,-13.6,0.02352,-6
0.02356,-13.6,0.02356,-6.2
0.0236,-13.6,0.0236,-6
0.02364,-13.6,0.02364,-6.2
0.02368,-13.6,0.02368,-6.2
0.02372,-13.8,0.02372,-6.2
0.02376,-13.6,0.02376,-6.2
0.0238,-13.6,0.0238,-6.2
0.02384,-13.6,0.02384,-6.2
0.02388,-13.6,0.02388,-6.2
0.02392,-13.6,0.02392,-6.2
0.02396,-13.6,0.02396,-6.2
0.024,-13.6,0.024,-6.4
0.02404,-13.6,0.02404,-6.2
0.02408,-13.6,0.02408,-6.4
0.02412,-13.6,0.02412,-6.4
0.02416,-13.6,0.02416,-6.4
0.0242,-13.6,0.0242,-6.4
0.02424,-13.6,0.02424,-6.4
0.02428,-13.6,0.02428,-6.4
0.02432,-13.6,0.02432,-6.4
0.02436,-13.6,0.02436,-6.6
0.0244,-13.6,0.0244,-6.6
0.02444,-13.6,0.02444,-6.6
0.02448,-13.6,0.02448,-6.6
0.02452,-13.6,0.02452,-6.6
0.02456,-13.6,0.02456,-6.6
0.0246,-13.6,0.0246,-6.6
0.02464,-13.6,0.02464,-6.8
0.02468,-13.6,0.02468,-6.6
0.02472,-13.6,0.02472,-6.6
0.02476,-13.6,0.02476,-6.8
0.0248,-13.6,0.0248,-6.8
0.02484,-13.6,0.02484,-6.8
0.02488,-13.6,0.02488,-6.8
0.02492,-13.6,0.02492,-6.8
0.02496,-13.6,0.02496,-6.8
0.025,-4.4,0.025,-6.8
0.02504,14.4,0.02504,-6.8
0.02508,14.4,0.02508,-6.6
0.02512,14.4,0.02512,-6.6
0.02516,14.4,0.02516,-6.6
0.0252,14.4,0.0252,-6.4
0.02524,14.4,0.02524,-6.4
0.02528,14.4,0.02528,-6.2
0.02532,14.6,0.02532,-6.2
0.02536,14.4,0.02536,-6.2
0.0254,14.6,0.0254,-6
0.02544,14.4,0.02544,-6
0.02548,14.4,0.02548,-5.8
0.02552,14.4,0.02552,-5.8
0.02556,14.4,0.02556,-5.6
0.0256,14.4,0.0256,-5.6
0.02564,14.4,0.02564,-5.6
0.02568,14.4,0.02568,-5.4
0.02572,14.4,0.02572,-5.4
0.02576,14.4,0.02576,-5.4
0.0258,14.4,0.0258,-5.2
0.02584,14.4,0.02584,-5.2
0.02588,14.6,0.02588,-5
0.02592,14.6,0.02592,-5
0.02596,14.4,0.02596,-5
0.026,14.4,0.026,-5
0.02604,14.4,0.02604,-4.8
0.02608,14.4,0.02608,-4.6
0.02612,14.4,0.02612,-4.6
0.02616,14.4,0.02616,-4.6
0.0262,14.4,0.0262,-4.6
0.02624,14.4,0.02624,-4.4
0.02628,14.4,0.02628,-4.4
0.02632,14.4,0.02632,-4.2
0.02636,14.4,0.02636,-4.2
0.0264,14.4,0.0264,-4
0.02644,14.4,0.02644,-4
0.02648,14.4,0.02648,-4
0.02652,14.4,0.02652,-3.8
0.02656,14.4,0.02656,-3.8
0.0266,14.4,0.0266,-3.8
0.02664,14.4,0.02664,-3.6
0.02668,14.4,0.02668,-3.6
0.02672,14.4,0.02672,-3.6
0.02676,14.4,0.02676,-3.4
0.0268,14.4,0.0268,-3.4
0.02684,14.4,0.02684,-3.2
0.02688,14.4,0.02688,-3.2
0.02692,14.4,0.02692,-3.2
0.02696,14.4,0.02696,-3.2
0.027,14.4,0.027,-3
0.02704,14.4,0.02704,-3
0.02708,14.6,0.02708,-3
0.02712,14.4,0.02712,-3
0.02716,14.4,0.02716,-3
0.0272,14.4,0.0272,-2.8
0.02724,14.4,0.02724,-2.8
0.02728,14.4,0.02728,-2.6
0.02732,14.4,0.02732,-2.6
0.02736,14.4,0.02736,-2.6
0.0274,14.4,0.0274,-2.4
0.02744,14.4,0.02744,-2.4
0.02748,14.4,0.02748,-2.4
0.02752,14.4,0.02752,-2.4
0.02756,14.4,0.02756,-2.2
0.0276,14.4,0.0276,-2.2
0.02764,14.4,0.02764,-2
0.02768,14.4,0.02768,-2
0.02772,14.4,0.02772,-2
0.02776,14.4,0.02776,-1.8
0.0278,14.4,0.0278,-1.8
0.02784,14.6,0.02784,-1.8
0.02788,14.4,0.02788,-1.8
0.02792,14.4,0.02792,-1.6
0.02796,14.4,0.02796,-1.6
0.028,14.6,0.028,-1.6
0.02804,14.4,0.02804,-1.4
0.02808,14.4,0.02808,-1.4
0.02812,14.4,0.02812,-1.4
0.02816,14.4,0.02816,-1.2
0.0282,14.4,0.0282,-1.2
0.02824,14.6,0.02824,-1.2
0.02828,14.6,0.02828,-1.2
0.02832,14.4,0.02832,-1
0.02836,14.4,0.02836,-1
0.0284,14.4,0.0284,-1
0.02844,14.4,0.02844,-0.8
0.02848,14.4,0.02848,-0.8
0.02852,14.6,0.02852,-0.8
0.02856,14.4,0.02856,-0.6
0.0286,14.4,0.0286,-0.6
0.02864,14.4,0.02864,-0.6
0.02868,14.4,0.02868,-0.4
0.02872,14.4,0.02872,-0.4
0.02876,14.4,0.02876,-0.4
0.0288,14.4,0.0288,-0.4
0.02884,14.4,0.02884,-0.2
0.02888,14.4,0.02888,-0.2
0.02892,14.4,0.02892,-0.2
0.02896,14.4,0.02896,-0.2
0.029,14.4,0.029,0
0.02904,14.4,0.02904,0
0.02908,14.4,0.02908,0
0.02912,14.4,0.02912,0.2
0.02916,14.4,0.02916,0.2
0.0292,14.4,0.0292,0.2
0.02924,14.4,0.02924,0.4
0.02928,14.4,0.02928,0.4
0.02932,14.4,0.02932,0.4
0.02936,14.4,0.02936,0.6
0.0294,14.4,0.0294,0.4
0.02944,14.4,0.02944,0.4
0.02948,14.4,0.02948,0.6
0.02952,14.4,0.02952,0.6
0.02956,14.4,0.02956,0.6
0.0296,14.4,0.0296,0.6
0.02964,14.4,0.02964,0.8
0.02968,14.4,0.02968,0.8
0.02972,14.4,0.02972,0.8
0.02976,14.4,0.02976,1
0.0298,14.4,0.0298,1
0.02984,14.6,0.02984,1
0.02988,14.4,0.02988,1
0.02992,14.4,0.02992,1.2
0.02996,14.4,0.02996,1
0.03,14.4,0.03,1.2
0.03004,14.4,0.03004,1.2
0.03008,14.4,0.03008,1.2
0.03012,14.4,0.03012,1.2
0.03016,14.4,0.03016,1.4
0.0302,14.4,0.0302,1.4
0.03024,14.6,0.03024,1.6
0.03028,14.4,0.03028,1.6
0.03032,14.4,0.03032,1.6
0.03036,14.4,0.03036,1.6
0.0304,14.4,0.0304,1.6
0.03044,14.4,0.03044,1.8
0.03048,14.4,0.03048,1.8
0.03052,14.4,0.03052,1.8
0.03056,14.4,0.03056,2
0.0306,14.4,0.0306,2
0.03064,14.4,0.03064,2
0.03068,14.6,0.03068,2
0.03072,14.4,0.03072,2
0.03076,14.4,0.03076,2.2
0.0308,14.4,0.0308,2.2
0.03084,14.4,0.03084,2.2
0.03088,14.6,0.03088,2.2
0.03092,14.4,0.03092,2.2
0.03096,14.4,0.03096,2.4
0.031,14.4,0.031,2.4
0.03104,14.4,0.03104,2.4
0.03108,14.4,0.03108,2.4
0.03112,14.4,0.03112,2.4
0.03116,14.4,0.03116,2.6
0.0312,14.4,0.0312,2.6
0.03124,14.4,0.03124,2.6
0.03128,14.4,0.03128,2.8
0.03132,14.4,0.03132,2.8
0.03136,14.4,0.03136,2.8
0.0314,14.4,0.0314,2.8
0.03144,14.4,0.03144,2.8
0.03148,14.4,0.03148,2.8
0.03152,14.4,0.03152,3
0.03156,14.4,0.03156,2.8
0.0316,14.4,0.0316,3
0.03164,14.4,0.03164,3.2
0.03168,14.4,0.03168,3
0.03172,14.4,0.03172,3.2
0.03176,14.4,0.03176,3.2
0.0318,14.4,0.0318,3.2
0.03184,14.4,0.03184,3.2
0.03188,14.4,0.03188,3.2
0.03192,14.4,0.03192,3.4
0.03196,14.4,0.03196,3.4
0.032,14.4,0.032,3.4
0.03204,14.4,0.03204,3.4
0.03208,14.4,0.03208,3.4
0.03212,14.6,0.03212,3.6
0.03216,14.4,0.03216,3.6
0.0322,14.4,0.0322,3.6
0.03224,14.4,0.03224,3.6
0.03228,14.4,0.03228,3.6
0.03232,14.4,0.03232,3.6
0.03236,14.4,0.03236,3.8
0.0324,14.4,0.0324,3.8
0.03244,14.4,0.03244,3.8
0.03248,14.6,0.03248,3.8
0.03252,14.4,0.03252,4
0.03256,14.4,0.03256,3.8
0.0326,14.4,0.0326,4
0.03264,14.4,0.03264,4
0.03268,14.4,0.03268,4
0.03272,14.4,0.03272,4
0.03276,14.4,0.03276,4.2
0.0328,14.4,0.0328,4.2
0.03284,14.6,0.03284,4.2
0.03288,14.4,0.03288,4.2
0.03292,14.4,0.03292,4.2
0.03296,14.4,0.03296,4.4
0.033,14.4,0.033,4.2
0.03304,14.4,0.03304,4.4
0.03308,14.4,0.03308,4.4
0.03312,14.4,0.03312,4.4
0.03316,14.6,0.03316,4.4
0.0332,14.4,0.0332,4.4
0.03324,14.4,0.03324,4.4
0.03328,14.4,0.03328,4.6
0.03332,14.4,0.03332,4.6
0.03336,14.4,0.03336,4.6
0.0334,14.4,0.0334,4.6
0.03344,14.6,0.03344,4.8
0.03348,14.4,0.03348,4.8
0.03352,14.4,0.03352,4.8
0.03356,14.4,0.03356,4.8
0.0336,14.4,0.0336,4.8
0.03364,14.6,0.03364,4.8
0.03368,14.4,0.03368,5
0.03372,14.4,0.03372,4.8
0.03376,14.4,0.03376,5
0.0338,14.4,0.0338,5
0.03384,14.4,0.03384,5
0.03388,14.4,0.03388,5
0.03392,14.4,0.03392,5
0.03396,14.4,0.03396,5.2
0.034,14.6,0.034,5.2
0.03404,14.4,0.03404,5.2
0.03408,14.4,0.03408,5.2
0.03412,14.4,0.03412,5.2
0.03416,14.4,0.03416,5.2
0.0342,14.4,0.0342,5.4
0.03424,14.4,0.03424,5.4
0.03428,14.4,0.03428,5.4
0.03432,14.4,0.03432,5.4
0.03436,14.4,0.03436,5.4
0.0344,14.4,0.0344,5.4
0.03444,14.4,0.03444,5.4
0.03448,14.4,0.03448,5.4
0.03452,14.4,0.03452,5.4
0.03456,14.4,0.03456,5.6
0.0346,14.4,0.0346,5.6
0.03464,14.4,0.03464,5.6
0.03468,14.4,0.03468,5.6
0.03472,14.4,0.03472,5.6
0.03476,14.4,0.03476,5.6
0.0348,14.4,0.0348,5.8
0.03484,14.4,0.03484,5.8
0.03488,14.4,0.03488,5.8
0.03492,14.4,0.03492,5.8
0.03496,14.4,0.03496,5.8
0.035,14.4,0.035,6
0.03504,14.4,0.03504,5.8
0.03508,14.4,0.03508,5.8
0.03512,14.4,0.03512,5.8
0.03516,14.4,0.03516,6
0.0352,14.4,0.0352,6
0.03524,14.4,0.03524,6
0.03528,14.4,0.03528,6
0.03532,14.6,0.03532,6
0.03536,14.6,0.03536,6
0.0354,14.4,0.0354,6
0.03544,14.4,0.03544,6.2
0.03548,14.6,0.03548,6.2
0.03552,14.4,0.03552,6.2
0.03556,14.4,0.03556,6.2
0.0356,14.4,0.0356,6.2
0.03564,14.4,0.03564,6.2
0.03568,14.4,0.03568,6.4
0.03572,14.4,0.03572,6.2
0.03576,14.4,0.03576,6.4
0.0358,14.4,0.0358,6.4
0.03584,14.4,0.03584,6.4
0.03588,14.4,0.03588,6.4
0.03592,14.4,0.03592,6.6
0.03596,14.6,0.03596,6.6
0.036,14.6,0.036,6.6
0.03604,14.4,0.03604,6.6
0.03608,14.4,0.03608,6.6
0.03612,14.4,0.03612,6.6
0.03616,14.4,0.03616,6.6
0.0362,14.6,0.0362,6.6
0.03624,14.6,0.03624,6.6
0.03628,14.4,0.03628,6.6
0.03632,14.4,0.03632,6.8
0.03636,14.4,0.03636,6.6
0.0364,14.4,0.0364,6.8
0.03644,14.6,0.03644,6.6
0.03648,14.6,0.03648,6.8
0.03652,14.4,0.03652,6.8
0.03656,14.4,0.03656,6.8
0.0366,14.4,0.0366,6.8
0.03664,14.6,0.03664,6.8
0.03668,14.4,0.03668,6.8
0.03672,14.6,0.03672,6.8
0.03676,14.4,0.03676,7
0.0368,14.4,0.0368,7
0.03684,14.4,0.03684,7
0.03688,14.4,0.03688,7
0.03692,14.4,0.03692,7
0.03696,14.4,0.03696,7
0.037,14.4,0.037,7
0.03704,14.4,0.03704,7.2
0.03708,14.4,0.03708,7.2
0.03712,14.4,0.03712,7.2
0.03716,14.4,0.03716,7.2
0.0372,14.4,0.0372,7.2
0.03724,14.4,0.03724,7.2
0.03728,14.6,0.03728,7.2
0.03732,6.6,0.03732,7.2
0.03736,-13.6,0.03736,7.2
0.0374,-13.6,0.0374,7
0.03744,-13.6,0.03744,7
0.03748,-13.6,0.03748,6.8
0.03752,-13.6,0.03752,6.8
0.03756,-13.6,0.03756,6.8
0.0376,-13.6,0.0376,6.6
0.03764,-13.6,0.03764,6.6
0.03768,-13.6,0.03768,6.6
0.03772,-13.6,0.03772,6.4
0.03776,-13.6,0.03776,6.4
0.0378,-13.6,0.0378,6.4
0.03784,-13.6,0.03784,6.2
0.03788,-13.6,0.03788,6.2
0.03792,-13.6,0.03792,6
0.03796,-13.6,0.03796,6
0.038,-13.6,0.038,6
0.03804,-13.6,0.03804,5.8
0.03808,-13.6,0.03808,5.6
0.03812,-13.6,0.03812,5.6
0.03816,-13.6,0.03816,5.6
0.0382,-13.6,0.0382,5.4
0.03824,-13.6,0.03824,5.4
0.03828,-13.6,0.03828,5.4
0.03832,-13.6,0.03832,5.4
0.03836,-13.6,0.03836,5.2
0.0384,-13.6,0.0384,5.2
0.03844,-13.6,0.03844,5
0.03848,-13.6,0.03848,5
0.03852,-13.6,0.03852,5
0.03856,-13.6,0.03856,4.8
0.0386,-13.6,0.0386,4.8
0.03864,-13.6,0.03864,4.6
0.03868,-13.6,0.03868,4.6
0.03872,-13.6,0.03872,4.6
0.03876,-13.6,0.03876,4.4
0.0388,-13.6,0.0388,4.4
0.03884,-13.6,0.03884,4.2
0.03888,-13.6,0.03888,4.4
0.03892,-13.6,0.03892,4.2
0.03896,-13.6,0.03896,4.2
0.039,-13.6,0.039,4
0.03904,-13.6,0.03904,4
0.03908,-13.6,0.03908,4
0.03912,-13.6,0.03912,4
0.03916,-13.6,0.03916,3.8
0.0392,-13.6,0.0392,3.8
0.03924,-13.8,0.03924,3.8
0.03928,-13.8,0.03928,3.6
0.03932,-13.6,0.03932,3.6
0.03936,-13.6,0.03936,3.4
0.0394,-13.6,0.0394,3.4
0.03944,-13.6,0.03944,3.2
0.03948,-13.6,0.03948,3.2
0.03952,-13.6,0.03952,3.2
0.03956,-13.6,0.03956,3
0.0396,-13.6,0.0396,3
0.03964,-13.6,0.03964,3
0.03968,-13.6,0.03968,3
0.03972,-13.6,0.03972,2.8
0.03976,-13.6,0.03976,2.8
0.0398,-13.6,0.0398,2.8
0.03984,-13.6,0.03984,2.8
0.03988,-13.6,0.03988,2.6
0.03992,-13.6,0.03992,2.6
0.03996,-13.6,0.03996,2.6
0.04,-13.6,0.04,2.4
0.04004,-13.6,0.04004,2.6
0.04008,-13.6,0.04008,2.4
0.04012,-13.6,0.04012,2.4
0.04016,-13.6,0.04016,2.2
0.0402,-13.6,0.0402,2.2
0.04024,-13.6,0.04024,2
0.04028,-13.6,0.04028,2
0.04032,-13.6,0.04032,2
0.04036,-13.6,0.04036,2
0.0404,-13.6,0.0404,1.8
0.04044,-13.6,0.04044,1.8
0.04048,-13.6,0.04048,1.8
0.04052,-13.8,0.04052,1.8
0.04056,-13.6,0.04056,1.6
0.0406,-13.6,0.0406,1.6
0.04064,-13.6,0.04064,1.4
0.04068,-13.6,0.04068,1.4
0.04072,-13.6,0.04072,1.4
0.04076,-13.6,0.04076,1.4
0.0408,-13.6,0.0408,1.2
0.04084,-13.6,0.04084,1.2
0.04088,-13.6,0.04088,1.2
0.04092,-13.6,0.04092,1.2
0.04096,-13.6,0.04096,1
0.041,-13.6,0.041,1
0.04104,-13.6,0.04104,1
0.04108,-13.6,0.04108,0.8
0.04112,-13.6,0.04112,0.8
0.04116,-13.6,0.04116,0.8
0.0412,-13.6,0.0412,0.6
0.04124,-13.6,0.04124,0.6
0.04128,-13.6,0.04128,0.6
0.04132,-13.8,0.04132,0.6
0.04136,-13.6,0.04136,0.6
0.0414,-13.6,0.0414,0.4
0.04144,-13.6,0.04144,0.4
0.04148,-13.6,0.04148,0.4
0.04152,-13.6,0.04152,0.4
0.04156,-13.6,0.04156,0.2
0.0416,-13.6,0.0416,0.2
0.04164,-13.6,0.04164,0.2
0.04168,-13.6,0.04168,0
0.04172,-13.6,0.04172,0
0.04176,-13.6,0.04176,0
0.0418,-13.8,0.0418,0
0.04184,-13.8,0.04184,0
0.04188,-13.6,0.04188,-0.2
0.04192,-13.6,0.04192,-0.2
0.04196,-13.6,0.04196,-0.2
0.042,-13.6,0.042,-0.4
0.04204,-13.6,0.04204,-0.4
0.04208,-13.6,0.04208,-0.4
0.04212,-13.6,0.04212,-0.4
0.04216,-13.6,0.04216,-0.6
0.0422,-13.6,0.0422,-0.6
0.04224,-13.6,0.04224,-0.6
0.04228,-13.6,0.04228,-0.6
0.04232,-13.6,0.04232,-0.8
0.04236,-13.6,0.04236,-0.8
0.0424,-13.6,0.0424,-0.8
0.04244,-13.6,0.04244,-0.8
0.04248,-13.6,0.04248,-1
0.04252,-13.6,0.04252,-1
0.04256,-13.6,0.04256,-1
0.0426,-13.8,0.0426,-1
0.04264,-13.8,0.04264,-1
0.04268,-13.6,0.04268,-1.2
0.04272,-13.6,0.04272,-1.2
0.04276,-13.6,0.04276,-1.2
0.0428,-13.6,0.0428,-1.2
0.04284,-13.6,0.04284,-1.2
0.04288,-13.6,0.04288,-1.4
0.04292,-13.6,0.04292,-1.4
0.04296,-13.6,0.04296,-1.4
0.043,-13.6,0.043,-1.6
0.04304,-13.6,0.04304,-1.6
0.04308,-13.6,0.04308,-1.6
0.04312,-13.6,0.04312,-1.6
0.04316,-13.6,0.04316,-1.8
0.0432,-13.6,0.0432,-1.8
0.04324,-13.6,0.04324,-1.6
0.04328,-13.8,0.04328,-1.8
0.04332,-13.6,0.04332,-1.8
0.04336,-13.6,0.04336,-2
0.0434,-13.6,0.0434,-2
0.04344,-13.6,0.04344,-2
0.04348,-13.6,0.04348,-2
0.04352,-13.6,0.04352,-2
0.04356,-13.6,0.04356,-2.2
0.0436,-13.6,0.0436,-2.2
0.04364,-13.6,0.04364,-2.2
0.04368,-13.6,0.04368,-2.2
0.04372,-13.6,0.04372,-2.2
0.04376,-13.6,0.04376,-2.4
0.0438,-13.6,0.0438,-2.4
0.04384,-13.6,0.04384,-2.4
0.04388,-13.6,0.04388,-2.4
0.04392,-13.6,0.04392,-2.4
0.04396,-13.6,0.04396,-2.6
0.044,-13.8,0.044,-2.6
0.04404,-13.6,0.04404,-2.6
0.04408,-13.6,0.04408,-2.6
0.04412,-13.6,0.04412,-2.6
0.04416,-13.6,0.04416,-2.6
0.0442,-13.6,0.0442,-2.8
0.04424,-13.6,0.04424,-2.8
0.04428,-13.6,0.04428,-2.8
0.04432,-13.6,0.04432,-2.8
0.04436,-13.6,0.04436,-3
0.0444,-13.6,0.0444,-3
0.04444,-13.6,0.04444,-3
0.04448,-13.6,0.04448,-3
0.04452,-13.6,0.04452,-3
0.04456,-13.6,0.04456,-3.2
0.0446,-13.6,0.0446,-3.2
0.04464,-13.6,0.04464,-3.2
0.04468,-13.6,0.04468,-3.2
0.04472,-13.6,0.04472,-3.2
0.04476,-13.6,0.04476,-3.2
0.0448,-13.6,0.0448,-3.2
0.04484,-13.6,0.04484,-3.2
0.04488,-13.6,0.04488,-3.2
0.04492,-13.6,0.04492,-3.4
0.04496,-13.6,0.04496,-3.4
0.045,-13.6,0.045,-3.4
0.04504,-13.8,0.04504,-3.4
0.04508,-13.6,0.04508,-3.6
0.04512,-13.6,0.04512,-3.4
0.04516,-13.6,0.04516,-3.6
0.0452,-13.6,0.0452,-3.6
0.04524,-13.6,0.04524,-3.6
0.04528,-13.6,0.04528,-3.6
0.04532,-13.6,0.04532,-3.6
0.04536,-13.6,0.04536,-3.8
0.0454,-13.6,0.0454,-3.8
0.04544,-13.8,0.04544,-3.8
0.04548,-13.6,0.04548,-3.8
0.04552,-13.6,0.04552,-4
0.04556,-13.8,0.04556,-3.8
0.0456,-13.6,0.0456,-4
0.04564,-13.6,0.04564,-4
0.04568,-13.6,0.04568,-4
0.04572,-13.4,0.04572,-4
0.04576,-13.6,0.04576,-4
0.0458,-13.8,0.0458,-4.2
0.04584,-13.6,0.04584,-4.2
0.04588,-13.6,0.04588,-4.2
0.04592,-13.6,0.04592,-4.2
0.04596,-13.6,0.04596,-4.2
0.046,-13.6,0.046,-4.2
0.04604,-13.6,0.04604,-4.2
0.04608,-13.6,0.04608,-4.4
0.04612,-13.6,0.04612,-4.2
0.04616,-13.6,0.04616,-4.4
0.0462,-13.6,0.0462,-4.4
0.04624,-13.8,0.04624,-4.4
0.04628,-13.6,0.04628,-4.6
0.04632,-13.6,0.04632,-4.6
0.04636,-13.6,0.04636,-4.6
0.0464,-13.8,0.0464,-4.6
0.04644,-13.8,0.04644,-4.6
0.04648,-13.6,0.04648,-4.6
0.04652,-13.8,0.04652,-4.6
0.04656,-13.6,0.04656,-4.8
0.0466,-13.6,0.0466,-4.8
0.04664,-13.6,0.04664,-4.8
0.04668,-13.8,0.04668,-4.8
0.04672,-13.6,0.04672,-4.8
0.04676,-13.6,0.04676,-4.8
0.0468,-13.6,0.0468,-5
0.04684,-13.6,0.04684,-4.8
0.04688,-13.6,0.04688,-5
0.04692,-13.6,0.04692,-5
0.04696,-13.6,0.04696,-5
0.047,-13.6,0.047,-5
0.04704,-13.6,0.04704,-5
0.04708,-13.6,0.04708,-5
0.04712,-13.6,0.04712,-5
0.04716,-13.6,0.04716,-5
0.0472,-13.6,0.0472,-5.2
0.04724,-13.6,0.04724,-5.2
0.04728,-13.6,0.04728,-5.2
0.04732,-13.6,0.04732,-5.2
0.04736,-13.6,0.04736,-5.2
0.0474,-13.6,0.0474,-5.4
0.04744,-13.6,0.04744,-5.2
0.04748,-13.6,0.04748,-5.4
0.04752,-13.6,0.04752,-5.4
0.04756,-13.6,0.04756,-5.2
0.0476,-13.6,0.0476,-5.4
0.04764,-13.6,0.04764,-5.4
0.04768,-13.6,0.04768,-5.4
0.04772,-13.6,0.04772,-5.6
0.04776,-13.6,0.04776,-5.6
0.0478,-13.6,0.0478,-5.6
0.04784,-13.6,0.04784,-5.6
0.04788,-13.6,0.04788,-5.6
0.04792,-13.6,0.04792,-5.6
0.04796,-13.6,0.04796,-5.6
0.048,-13.6,0.048,-5.8
0.04804,-13.6,0.04804,-5.8
0.04808,-13.6,0.04808,-5.6
0.04812,-13.6,0.04812,-5.6
0.04816,-13.6,0.04816,-5.8
0.0482,-13.6,0.0482,-5.8
0.04824,-13.6,0.04824,-5.8
0.04828,-13.6,0.04828,-6
0.04832,-13.8,0.04832,-5.8
0.04836,-13.6,0.04836,-5.8
0.0484,-13.6,0.0484,-6
0.04844,-13.8,0.04844,-6
0.04848,-13.6,0.04848,-6
0.04852,-13.6,0.04852,-6
0.04856,-13.6,0.04856,-6
0.0486,-13.6,0.0486,-6
0.04864,-13.6,0.04864,-6.2
0.04868,-13.6,0.04868,-6.2
0.04872,-13.6,0.04872,-6
0.04876,-13.6,0.04876,-6.2
0.0488,-13.6,0.0488,-6.2
0.04884,-13.6,0.04884,-6.2
0.04888,-13.6,0.04888,-6.2
0.04892,-13.6,0.04892,-6.2
0.04896,-13.6,0.04896,-6.4
0.049,-13.6,0.049,-6.4
0.04904,-13.6,0.04904,-6.4
0.04908,-13.6,0.04908,-6.2
0.04912,-13.6,0.04912,-6.4
0.04916,-13.6,0.04916,-6.4
0.0492,-13.6,0.0492,-6.6
0.04924,-13.6,0.04924,-6.6
0.04928,-13.6,0.04928,-6.6
0.04932,-13.6,0.04932,-6.4
0.04936,-13.6,0.04936,-6.6
0.0494,-13.6,0.0494,-6.6
0.04944,-13.6,0.04944,-6.6
0.04948,-13.6,0.04948,-6.6
0.04952,-13.6,0.04952,-6.6
0.04956,-13.6,0.04956,-6.6
0.0496,-13.6,0.0496,-6.8
0.04964,-13.6,0.04964,-6.6
0.04968,-13.6,0.04968,-6.6
0.04972,-13.6,0.04972,-6.8
0.04976,-13.6,0.04976,-6.8
0.0498,-13.6,0.0498,-6.8
0.04984,-13.6,0.04984,-6.8
0.04988,-13.6,0.04988,-6.8
0.04992,-13.6,0.04992,-6.8
0.04996,-11,0.04996,-6.8
0.05,14.4,0.05,-6.8
0.05004,14.4,0.05004,-6.8
0.05008,14.4,0.05008,-6.6
0.05012,14.4,0.05012,-6.6
0.05016,14.6,0.05016,-6.4
0.0502,14.4,0.0502,-6.4
0.05024,14.4,0.05024,-6.2
0.05028,14.4,0.05028,-6.2
0.05032,14.4,0.05032,-6.2
0.05036,14.4,0.05036,-6
0.0504,14.6,0.0504,-6
0.05044,14.4,0.05044,-6
0.05048,14.4,0.05048,-5.8
0.05052,14.4,0.05052,-5.8
0.05056,14.4,0.05056,-5.6
0.0506,14.4,0.0506,-5.6
0.05064,14.4,0.05064,-5.4
0.05068,14.4,0.05068,-5.4
0.05072,14.4,0.05072,-5.2
0.05076,14.4,0.05076,-5.2
0.0508,14.4,0.0508,-5.2
0.05084,14.4,0.05084,-5
0.05088,14.4,0.05088,-5
0.05092,14.4,0.05092,-4.8
0.05096,14.4,0.05096,-5
0.051,14.4,0.051,-4.8
0.05104,14.4,0.05104,-4.8
0.05108,14.4,0.05108,-4.6
0.05112,14.4,0.05112,-4.6
0.05116,14.6,0.05116,-4.4
0.0512,14.4,0.0512,-4.4
0.05124,14.4,0.05124,-4.4
0.05128,14.4,0.05128,-4.2
0.05132,14.6,0.05132,-4.2
0.05136,14.4,0.05136,-4
0.0514,14.4,0.0514,-4
0.05144,14.4,0.05144,-4
0.05148,14.4,0.05148,-3.8
0.05152,14.4,0.05152,-3.8
0.05156,14.4,0.05156,-3.8
0.0516,14.4,0.0516,-3.6
0.05164,14.4,0.05164,-3.6
0.05168,14.4,0.05168,-3.6
0.05172,14.4,0.05172,-3.4
0.05176,14.4,0.05176,-3.4
0.0518,14.6,0.0518,-3.4
0.05184,14.4,0.05184,-3.2
0.05188,14.4,0.05188,-3.2
0.05192,14.6,0.05192,-3.2
0.05196,14.4,0.05196,-3
0.052,14.4,0.052,-3
0.05204,14.4,0.05204,-3
0.05208,14.4,0.05208,-3
0.05212,14.4,0.05212,-2.8
0.05216,14.4,0.05216,-2.8
0.0522,14.6,0.0522,-2.8
0.05224,14.4,0.05224,-2.8
0.05228,14.4,0.05228,-2.6
0.05232,14.4,0.05232,-2.6
0.05236,14.4,0.05236,-2.6
0.0524,14.4,0.0524,-2.4
0.05244,14.4,0.05244,-2.4
0.05248,14.4,0.05248,-2.2
0.05252,14.4,0.05252,-2.2
0.05256,14.4,0.05256,-2.2
0.0526,14.4,0.0526,-2
0.05264,14.4,0.05264,-2
0.05268,14.6,0.05268,-2
0.05272,14.2,0.05272,-2
0.05276,14.4,0.05276,-1.8
0.0528,14.6,0.0528,-1.8
0.05284,14.4,0.05284,-1.8
0.05288,14.6,0.05288,-1.6
0.05292,14.4,0.05292,-1.6
0.05296,14.4,0.05296,-1.6
0.053,14.4,0.053,-1.4
0.05304,14.4,0.05304,-1.4
0.05308,14.4,0.05308,-1.4
0.05312,14.6,0.05312,-1.2
0.05316,14.6,0.05316,-1.2
0.0532,14.4,0.0532,-1.2
0.05324,14.4,0.05324,-1.2
0.05328,14.4,0.05328,-1
0.05332,14.4,0.05332,-1
0.05336,14.4,0.05336,-1
0.0534,14.6,0.0534,-0.8
0.05344,14.4,0.05344,-0.8
0.05348,14.4,0.05348,-0.8
0.05352,14.4,0.05352,-0.6
0.05356,14.4,0.05356,-0.6
0.0536,14.6,0.0536,-0.6
0.05364,14.6,0.05364,-0.6
0.05368,14.4,0.05368,-0.6
0.05372,14.4,0.05372,-0.4
0.05376,14.4,0.05376,-0.4
0.0538,14.4,0.0538,-0.4
0.05384,14.4,0.05384,-0.2
0.05388,14.6,0.05388,-0.2
0.05392,14.4,0.05392,-0.2
0.05396,14.4,0.05396,-0.2
0.054,14.4,0.054,0
0.05404,14.4,0.05404,0
0.05408,14.6,0.05408,0
0.05412,14.4,0.05412,0
0.05416,14.4,0.05416,0.2
0.0542,14.6,0.0542,0.2
0.05424,14.4,0.05424,0.2
0.05428,14.4,0.05428,0.4
0.05432,14.4,0.05432,0.4
0.05436,14.4,0.05436,0.4
0.0544,14.6,0.0544,0.6
0.05444,14.4,0.05444,0.4
0.05448,14.4,0.05448,0.6
0.05452,14.4,0.05452,0.6
0.05456,14.6,0.05456,0.6
0.0546,14.4,0.0546,0.8
0.05464,14.4,0.05464,0.8
0.05468,14.4,0.05468,0.8
0.05472,14.4,0.05472,0.8
0.05476,14.6,0.05476,1
0.0548,14.4,0.0548,1
0.05484,14.4,0.05484,1
0.05488,14.4,0.05488,1.2
0.05492,14.4,0.05492,1.2
0.05496,14.4,0.05496,1.2
0.055,14.4,0.055,1.2
0.05504,14.4,0.05504,1.2
0.05508,14.4,0.05508,1.2
0.05512,14.4,0.05512,1.4
0.05516,14.4,0.05516,1.4
0.0552,14.4,0.0552,1.4
0.05524,14.4,0.05524,1.4
0.05528,14.4,0.05528,1.6
0.05532,14.4,0.05532,1.6
0.05536,14.4,0.05536,1.6
0.0554,14.6,0.0554,1.6
0.05544,14.4,0.05544,1.8
0.05548,14.4,0.05548,1.8
0.05552,14.4,0.05552,1.8
0.05556,14.4,0.05556,1.8
0.0556,14.4,0.0556,2
0.05564,14.4,0.05564,2
0.05568,14.4,0.05568,2
0.05572,14.4,0.05572,2
0.05576,14.4,0.05576,2.2
0.0558,14.4,0.0558,2.2
0.05584,14.4,0.05584,2.2
0.05588,14.4,0.05588,2.4
0.05592,14.4,0.05592,2.4
0.05596,14.4,0.05596,2.4
0.056,14.4,0.056,2.4
0.05604,14.4,0.05604,2.4
0.05608,14.4,0.05608,2.4
0.05612,14.4,0.05612,2.4
0.05616,14.6,0.05616,2.6
0.0562,14.4,0.0562,2.6
0.05624,14.4,0.05624,2.6
0.05628,14.4,0.05628,2.8
0.05632,14.6,0.05632,2.8
0.05636,14.4,0.05636,2.8
0.0564,14.4,0.0564,2.8
0.05644,14.4,0.05644,2.8
0.05648,14.4,0.05648,2.8
0.05652,14.4,0.05652,3
0.05656,14.4,0.05656,3
0.0566,14.4,0.0566,3
0.05664,14.4,0.05664,3
0.05668,14.4,0.05668,3.2
0.05672,14.4,0.05672,3.2
0.05676,14.4,0.05676,3.2
0.0568,14.4,0.0568,3.2
0.05684,14.4,0.05684,3.2
0.05688,14.4,0.05688,3.4
0.05692,14.4,0.05692,3.2
0.05696,14.4,0.05696,3.4
0.057,14.4,0.057,3.4
0.05704,14.4,0.05704,3.4
0.05708,14.4,0.05708,3.6
0.05712,14.4,0.05712,3.6
0.05716,14.4,0.05716,3.6
0.0572,14.4,0.0572,3.6
0.05724,14.4,0.05724,3.8
0.05728,14.4,0.05728,3.8
0.05732,14.4,0.05732,3.8
0.05736,14.4,0.05736,3.8
0.0574,14.6,0.0574,3.8
0.05744,14.4,0.05744,3.8
0.05748,14.4,0.05748,3.8
0.05752,14.4,0.05752,3.8
0.05756,14.4,0.05756,4
0.0576,14.4,0.0576,4
0.05764,14.4,0.05764,4
0.05768,14.4,0.05768,4
0.05772,14.4,0.05772,4
0.05776,14.6,0.05776,4.2
0.0578,14.4,0.0578,4.2
0.05784,14.4,0.05784,4.2
0.05788,14.4,0.05788,4.2
0.05792,14.4,0.05792,4.2
0.05796,14.4,0.05796,4.2
0.058,14.4,0.058,4.4
0.05804,14.4,0.05804,4.4
0.05808,14.4,0.05808,4.4
0.05812,14.4,0.05812,4.4
0.05816,14.6,0.05816,4.6
0.0582,14.6,0.0582,4.6
0.05824,14.4,0.05824,4.6
0.05828,14.4,0.05828,4.6
0.05832,14.4,0.05832,4.6
0.05836,14.4,0.05836,4.6
0.0584,14.4,0.0584,4.6
0.05844,14.4,0.05844,4.6
0.05848,14.4,0.05848,4.8
0.05852,14.4,0.05852,4.8
0.05856,14.4,0.05856,4.8
0.0586,14.4,0.0586,4.8
0.05864,14.4,0.05864,4.8
0.05868,14.6,0.05868,4.8
0.05872,14.4,0.05872,4.8
0.05876,14.4,0.05876,5
0.0588,14.4,0.0588,5
0.05884,14.4,0.05884,5
0.05888,14.4,0.05888,5
0.05892,14.4,0.05892,5.2
0.05896,14.4,0.05896,5.2
0.059,14.4,0.059,5.2
0.05904,14.4,0.05904,5.2
0.05908,14.4,0.05908,5.2
0.05912,14.4,0.05912,5.2
0.05916,14.4,0.05916,5.4
0.0592,14.6,0.0592,5.2
0.05924,14.6,0.05924,5.4
0.05928,14.4,0.05928,5.4
0.05932,14.4,0.05932,5.4
0.05936,14.6,0.05936,5.4
0.0594,14.4,0.0594,5.4
0.05944,14.6,0.05944,5.4
0.05948,14.4,0.05948,5.6
0.05952,14.4,0.05952,5.4
0.05956,14.4,0.05956,5.6
0.0596,14.4,0.0596,5.6
0.05964,14.4,0.05964,5.6
0.05968,14.4,0.05968,5.6
0.05972,14.4,0.05972,5.8
0.05976,14.4,0.05976,5.6
0.0598,14.4,0.0598,5.8
0.05984,14.4,0.05984,5.8
0.05988,14.4,0.05988,5.8
0.05992,14.4,0.05992,5.8
0.05996,14.4,0.05996,5.8
0.06,14.4,0.06,5.8
0.06004,14.4,0.06004,5.8
0.06008,14.4,0.06008,5.8
0.06012,14.4,0.06012,6
0.06016,14.4,0.06016,6
0.0602,14.4,0.0602,6
0.06024,14.4,0.06024,6
0.06028,14.6,0.06028,6
0.06032,14.4,0.06032,6
0.06036,14.4,0.06036,6.2
0.0604,14.4,0.0604,6.2
0.06044,14.4,0.06044,6.2
0.06048,14.4,0.06048,6.2
0.06052,14.6,0.06052,6.2
0.06056,14.4,0.06056,6.2
0.0606,14.4,0.0606,6.2
0.06064,14.4,0.06064,6.2
0.06068,14.4,0.06068,6.4
0.06072,14.4,0.06072,6.4
0.06076,14.4,0.06076,6.6
0.0608,14.4,0.0608,6.4
0.06084,14.4,0.06084,6.4
0.06088,14.4,0.06088,6.6
0.06092,14.4,0.06092,6.4
0.06096,14.6,0.06096,6.6
0.061,14.4,0.061,6.6
0.06104,14.4,0.06104,6.6
0.06108,14.4,0.06108,6.6
0.06112,14.4,0.06112,6.6
0.06116,14.4,0.06116,6.6
0.0612,14.6,0.0612,6.6
0.06124,14.4,0.06124,6.6
0.06128,14.4,0.06128,6.6
0.06132,14.4,0.06132,6.6
0.06136,14.4,0.06136,6.6
0.0614,14.4,0.0614,6.8
0.06144,14.4,0.06144,6.8
0.06148,14.4,0.06148,6.6
0.06152,14.4,0.06152,6.8
0.06156,14.4,0.06156,6.8
0.0616,14.6,0.0616,6.8
0.06164,14.4,0.06164,6.8
0.06168,14.6,0.06168,7
0.06172,14.4,0.06172,7
0.06176,14.4,0.06176,7
0.0618,14.4,0.0618,7
0.06184,14.6,0.06184,7
0.06188,14.4,0.06188,7
0.06192,14.4,0.06192,7
0.06196,14.6,0.06196,7
0.062,14.4,0.062,7.2
0.06204,14.4,0.06204,7
0.06208,14.4,0.06208,7.2
0.06212,14.4,0.06212,7.2
0.06216,14.4,0.06216,7.2
0.0622,14.4,0.0622,7.2
0.06224,14.6,0.06224,7.2
0.06228,13.8,0.06228,7.2
0.06232,-13.6,0.06232,7.2
0.06236,-13.6,0.06236,7.2
0.0624,-13.6,0.0624,7
0.06244,-13.6,0.06244,7
0.06248,-13.6,0.06248,6.8
0.06252,-13.6,0.06252,6.8
0.06256,-13.6,0.06256,6.8
0.0626,-13.8,0.0626,6.6
0.06264,-13.8,0.06264,6.6
0.06268,-13.6,0.06268,6.4
0.06272,-13.6,0.06272,6.4
0.06276,-13.6,0.06276,6.4
0.0628,-13.6,0.0628,6.2
0.06284,-13.6,0.06284,6.2
0.06288,-13.4,0.06288,6
0.06292,-13.6,0.06292,6
0.06296,-13.6,0.06296,5.8
0.063,-13.6,0.063,5.8
0.06304,-13.6,0.06304,5.8
0.06308,-13.8,0.06308,5.6
0.06312,-13.6,0.06312,5.6
0.06316,-13.6,0.06316,5.6
0.0632,-13.6,0.0632,5.4
0.06324,-13.6,0.06324,5.4
0.06328,-13.6,0.06328,5.4
0.06332,-13.6,0.06332,5.2
0.06336,-13.6,0.06336,5.2
0.0634,-13.6,0.0634,5
0.06344,-13.6,0.06344,5
0.06348,-13.6,0.06348,5
0.06352,-13.6,0.06352,4.8
0.06356,-13.6,0.06356,4.8
0.0636,-13.6,0.0636,4.8
0.06364,-13.6,0.06364,4.8
0.06368,-13.6,0.06368,4.6
0.06372,-13.6,0.06372,4.6
0.06376,-13.6,0.06376,4.6
0.0638,-13.6,0.0638,4.4
0.06384,-13.6,0.06384,4.4
0.06388,-13.6,0.06388,4.2
0.06392,-13.6,0.06392,4.2
0.06396,-13.6,0.06396,4.2
0.064,-13.6,0.064,4
0.06404,-13.6,0.06404,4
0.06408,-13.6,0.06408,3.8
0.06412,-13.6,0.06412,3.8
0.06416,-13.6,0.06416,3.8
0.0642,-13.6,0.0642,3.6
0.06424,-13.6,0.06424,3.6
0.06428,-13.8,0.06428,3.6
0.06432,-13.6,0.06432,3.4
0.06436,-13.6,0.06436,3.4
0.0644,-13.6,0.0644,3.2
0.06444,-13.6,0.06444,3.4
0.06448,-13.6,0.06448,3.2
0.06452,-13.6,0.06452,3.2
0.06456,-13.6,0.06456,3
0.0646,-13.6,0.0646,3
0.06464,-13.6,0.06464,3
0.06468,-13.6,0.06468,2.8
0.06472,-13.6,0.06472,2.8
0.06476,-13.6,0.06476,2.8
0.0648,-13.6,0.0648,2.8
0.06484,-13.6,0.06484,2.6
0.06488,-13.6,0.06488,2.6
0.06492,-13.6,0.06492,2.6
0.06496,-13.6,0.06496,2.4
0.065,-13.6,0.065,2.4
0.06504,-13.6,0.06504,2.4
0.06508,-13.6,0.06508,2.4
0.06512,-13.6,0.06512,2.4
0.06516,-13.6,0.06516,2
0.0652,-13.8,0.0652,2.2
0.06524,-13.6,0.06524,2
0.06528,-13.6,0.06528,2
0.06532,-13.6,0.06532,2
0.06536,-13.6,0.06536,2
0.0654,-13.6,0.0654,1.8
0.06544,-13.6,0.06544,1.6
0.06548,-13.6,0.06548,1.6
0.06552,-13.6,0.06552,1.6
0.06556,-13.6,0.06556,1.6
0.0656,-13.6,0.0656,1.6
0.06564,-13.6,0.06564,1.4
0.06568,-13.6,0.06568,1.4
0.06572,-13.6,0.06572,1.2
0.06576,-13.6,0.06576,1.4
0.0658,-13.6,0.0658,1.2
0.06584,-13.4,0.06584,1.2
0.06588,-13.6,0.06588,1.2
0.06592,-13.6,0.06592,1
0.06596,-13.6,0.06596,1
0.066,-13.6,0.066,1
0.06604,-13.6,0.06604,1
0.06608,-13.6,0.06608,0.8
0.06612,-13.6,0.06612,0.8
0.06616,-13.6,0.06616,0.8
0.0662,-13.6,0.0662,0.8
0.06624,-13.6,0.06624,0.6
0.06628,-13.6,0.06628,0.6
0.06632,-13.6,0.06632,0.6
0.06636,-13.8,0.06636,0.6
0.0664,-13.6,0.0664,0.4
0.06644,-13.6,0.06644,0.4
0.06648,-13.6,0.06648,0.4
0.06652,-13.6,0.06652,0.4
0.06656,-13.6,0.06656,0.2
0.0666,-13.6,0.0666,0.2
0.06664,-13.6,0.06664,0.2
0.06668,-13.6,0.06668,0
0.06672,-13.6,0.06672,0
0.06676,-13.6,0.06676,0
0.0668,-13.6,0.0668,0
0.06684,-13.6,0.06684,-0.2
0.06688,-13.6,0.06688,-0.2
0.06692,-13.8,0.06692,-0.2
0.06696,-13.6,0.06696,-0.2
0.067,-13.6,0.067,-0.2
0.06704,-13.6,0.06704,-0.4
0.06708,-13.8,0.06708,-0.4
0.06712,-13.6,0.06712,-0.6
0.06716,-13.6,0.06716,-0.6
0.0672,-13.8,0.0672,-0.6
0.06724,-13.8,0.06724,-0.6
0.06728,-13.6,0.06728,-0.8
0.06732,-13.6,0.06732,-0.8
0.06736,-13.6,0.06736,-0.8
0.0674,-13.6,0.0674,-0.8
0.06744,-13.6,0.06744,-0.8
0.06748,-13.6,0.06748,-0.8
0.06752,-13.6,0.06752,-1
0.06756,-13.6,0.06756,-1
0.0676,-13.6,0.0676,-1
0.06764,-13.6,0.06764,-1.2
0.06768,-13.6,0.06768,-1.2
0.06772,-13.6,0.06772,-1.2
0.06776,-13.8,0.06776,-1.2
0.0678,-13.6,0.0678,-1.2
0.06784,-13.8,0.06784,-1.4
0.06788,-13.6,0.06788,-1.4
0.06792,-13.6,0.06792,-1.4
0.06796,-13.6,0.06796,-1.4
0.068,-13.6,0.068,-1.6
0.06804,-13.6,0.06804,-1.6
0.06808,-13.6,0.06808,-1.6
0.06812,-13.6,0.06812,-1.6
0.06816,-13.6,0.06816,-1.8
0.0682,-13.6,0.0682,-1.8
0.06824,-13.6,0.06824,-1.6
0.06828,-13.6,0.06828,-1.8
0.06832,-13.8,0.06832,-1.8
0.06836,-13.6,0.06836,-2
0.0684,-13.6,0.0684,-2
0.06844,-13.6,0.06844,-2
0.06848,-13.6,0.06848,-2
0.06852,-13.6,0.06852,-2.2
0.06856,-13.6,0.06856,-2.2
0.0686,-13.6,0.0686,-2.2
0.06864,-13.6,0.06864,-2.2
0.06868,-13.6,0.06868,-2.2
0.06872,-13.6,0.06872,-2.4
0.06876,-13.6,0.06876,-2.4
0.0688,-13.6,0.0688,-2.4
0.06884,-13.6,0.06884,-2.4
0.06888,-13.6,0.06888,-2.4
0.06892,-13.6,0.06892,-2.4
0.06896,-13.6,0.06896,-2.6
0.069,-13.6,0.069,-2.6
0.06904,-13.6,0.06904,-2.6
0.06908,-13.6,0.06908,-2.8
0.06912,-13.6,0.06912,-2.8
0.06916,-13.6,0.06916,-2.8
0.0692,-13.6,0.0692,-2.8
0.06924,-13.6,0.06924,-2.8
0.06928,-13.6,0.06928,-2.8
0.06932,-13.6,0.06932,-3
0.06936,-13.6,0.06936,-3
0.0694,-13.6,0.0694,-3
0.06944,-13.6,0.06944,-3
0.06948,-13.6,0.06948,-3
0.06952,-13.6,0.06952,-3
0.06956,-13.6,0.06956,-3
0.0696,-13.6,0.0696,-3.2
0.06964,-13.6,0.06964,-3.2
0.06968,-13.6,0.06968,-3.2
0.06972,-13.6,0.06972,-3.2
0.06976,-13.6,0.06976,-3.2
0.0698,-13.6,0.0698,-3.2
0.06984,-13.6,0.06984,-3.4
0.06988,-13.6,0.06988,-3.2
0.06992,-13.6,0.06992,-3.4
0.06996,-13.6,0.06996,-3.4
0.07,-13.6,0.07,-3.4
0.07004,-13.8,0.07004,-3.4
0.07008,-13.6,0.07008,-3.6
0.07012,-13.6,0.07012,-3.6
0.07016,-13.8,0.07016,-3.6
0.0702,-13.6,0.0702,-3.6
0.07024,-13.6,0.07024,-3.6
0.07028,-13.6,0.07028,-3.6
0.07032,-13.6,0.07032,-3.6
0.07036,-13.6,0.07036,-3.8
0.0704,-13.6,0.0704,-3.8
0.07044,-13.6,0.07044,-3.8
0.07048,-13.8,0.07048,-3.8
0.07052,-13.6,0.07052,-4
0.07056,-13.6,0.07056,-4
0.0706,-13.6,0.0706,-3.8
0.07064,-13.6,0.07064,-4
0.07068,-13.6,0.07068,-4
0.07072,-13.6,0.07072,-4
0.07076,-13.6,0.07076,-4.2
0.0708,-13.6,0.0708,-4.2
0.07084,-13.6,0.07084,-4.2
0.07088,-13.6,0.07088,-4.2
0.07092,-13.6,0.07092,-4.2
0.07096,-13.8,0.07096,-4.2
0.071,-13.6,0.071,-4.2
0.07104,-13.6,0.07104,-4.2
0.07108,-13.6,0.07108,-4.4
0.07112,-13.6,0.07112,-4.4
0.07116,-13.6,0.07116,-4.4
0.0712,-13.6,0.0712,-4.4
0.07124,-13.6,0.07124,-4.6
0.07128,-13.6,0.07128,-4.6
0.07132,-13.6,0.07132,-4.6
0.07136,-13.6,0.07136,-4.6
0.0714,-13.6,0.0714,-4.6
0.07144,-13.6,0.07144,-4.8
0.07148,-13.6,0.07148,-4.6
0.07152,-13.6,0.07152,-4.6
0.07156,-13.6,0.07156,-4.8
0.0716,-13.6,0.0716,-4.8
0.07164,-13.6,0.07164,-4.8
0.07168,-13.6,0.07168,-4.8
0.07172,-13.6,0.07172,-4.8
0.07176,-13.6,0.07176,-4.8
0.0718,-13.6,0.0718,-4.8
0.07184,-13.6,0.07184,-5
0.07188,-13.6,0.07188,-5
0.07192,-13.6,0.07192,-5
0.07196,-13.6,0.07196,-5
0.072,-13.6,0.072,-5
0.07204,-13.6,0.07204,-5.2
0.07208,-13.6,0.07208,-5.2
0.07212,-13.6,0.07212,-5
0.07216,-13.6,0.07216,-5.2
0.0722,-13.8,0.0722,-5.2
0.07224,-13.6,0.07224,-5.2
0.07228,-13.6,0.07228,-5.2
0.07232,-13.6,0.07232,-5.2
0.07236,-13.6,0.07236,-5.4
0.0724,-13.6,0.0724,-5.4
0.07244,-13.6,0.07244,-5.2
0.07248,-13.8,0.07248,-5.4
0.07252,-13.6,0.07252,-5.4
0.07256,-13.6,0.07256,-5.4
0.0726,-13.6,0.0726,-5.4
0.07264,-13.6,0.07264,-5.4
0.07268,-13.6,0.07268,-5.4
0.07272,-13.6,0.07272,-5.4
0.07276,-13.6,0.07276,-5.6
0.0728,-13.6,0.0728,-5.6
0.07284,-13.6,0.07284,-5.6
0.07288,-13.6,0.07288,-5.6
0.07292,-13.6,0.07292,-5.6
0.07296,-13.6,0.07296,-5.6
0.073,-13.6,0.073,-5.6
0.07304,-13.6,0.07304,-5.8
0.07308,-13.6,0.07308,-5.8
0.07312,-13.6,0.07312,-5.8
0.07316,-13.6,0.07316,-5.8
0.0732,-13.6,0.0732,-5.8
0.07324,-13.6,0.07324,-6
0.07328,-13.6,0.07328,-5.8
0.07332,-13.6,0.07332,-6
0.07336,-13.6,0.07336,-5.8
0.0734,-13.6,0.0734,-6
0.07344,-13.6,0.07344,-6
0.07348,-13.6,0.07348,-6
0.07352,-13.6,0.07352,-6
0.07356,-13.6,0.07356,-6
0.0736,-13.6,0.0736,-6.2
0.07364,-13.6,0.07364,-6.2
0.07368,-13.6,0.07368,-6.2
0.07372,-13.6,0.07372,-6.2
0.07376,-13.8,0.07376,-6.2
0.0738,-13.6,0.0738,-6.2
0.07384,-13.6,0.07384,-6.2
0.07388,-13.6,0.07388,-6.4
0.07392,-13.6,0.07392,-6.4
0.07396,-13.6,0.07396,-6.4
0.074,-13.6,0.074,-6.2
0.07404,-13.6,0.07404,-6.4
0.07408,-13.6,0.07408,-6.4
0.07412,-13.6,0.07412,-6.4
0.07416,-13.6,0.07416,-6.4
0.0742,-13.6,0.0742,-6.4
0.07424,-13.6,0.07424,-6.6
0.07428,-13.8,0.07428,-6.6
0.07432,-13.6,0.07432,-6.6
0.07436,-13.6,0.07436,-6.6
0.0744,-13.6,0.0744,-6.4
0.07444,-13.6,0.07444,-6.6
0.07448,-13.6,0.07448,-6.6
0.07452,-13.6,0.07452,-6.6
0.07456,-13.8,0.07456,-6.6
0.0746,-13.6,0.0746,-6.8
0.07464,-13.6,0.07464,-6.8
0.07468,-13.6,0.07468,-6.8
0.07472,-13.6,0.07472,-6.8
0.07476,-13.6,0.07476,-6.8
0.0748,-13.6,0.0748,-6.8
0.07484,-13.6,0.07484,-6.8
0.07488,-13.6,0.07488,-6.8
0.07492,-13.6,0.07492,-6.8
0.07496,10,0.07496,-6.8
0.075,14.6,0.075,-6.8
0.07504,14.4,0.07504,-6.6
0.07508,14.4,0.07508,-6.6
0.07512,14.4,0.07512,-6.6
0.07516,14.4,0.07516,-6.4
0.0752,14.6,0.0752,-6.2
0.07524,14.4,0.07524,-6.2
0.07528,14.4,0.07528,-6.2
0.07532,14.6,0.07532,-6
0.07536,14.4,0.07536,-6
0.0754,14.4,0.0754,-5.8
0.07544,14.4,0.07544,-5.8
0.07548,14.4,0.07548,-5.6
0.07552,14.6,0.07552,-5.6
0.07556,14.4,0.07556,-5.6
0.0756,14.4,0.0756,-5.4
0.07564,14.4,0.07564,-5.4
0.07568,14.6,0.07568,-5.4
0.07572,14.4,0.07572,-5.2
0.07576,14.4,0.07576,-5.2
0.0758,14.4,0.0758,-5.2
0.07584,14.4,0.07584,-5
0.07588,14.6,0.07588,-5
0.07592,14.4,0.07592,-4.8
0.07596,14.4,0.07596,-4.8
0.076,14.4,0.076,-4.8
0.07604,14.4,0.07604,-4.6
0.07608,14.4,0.07608,-4.6
0.07612,14.4,0.07612,-4.6
0.07616,14.4,0.07616,-4.4
0.0762,14.4,0.0762,-4.4
0.07624,14.4,0.07624,-4.2
0.07628,14.4,0.07628,-4.2
0.07632,14.4,0.07632,-4.2
0.07636,14.4,0.07636,-4
0.0764,14.4,0.0764,-4
0.07644,14.4,0.07644,-3.8
0.07648,14.6,0.07648,-3.8
0.07652,14.4,0.07652,-3.8
0.07656,14.4,0.07656,-3.8
0.0766,14.4,0.0766,-3.6
0.07664,14.4,0.07664,-3.6
0.07668,14.4,0.07668,-3.4
0.07672,14.4,0.07672,-3.4
0.07676,14.4,0.07676,-3.2
0.0768,14.4,0.0768,-3.2
0.07684,14.4,0.07684,-3.2
0.07688,14.6,0.07688,-3.2
0.07692,14.4,0.07692,-3.2
0.07696,14.4,0.07696,-3
0.077,14.6,0.077,-3
0.07704,14.4,0.07704,-3
0.07708,14.4,0.07708,-3
0.07712,14.4,0.07712,-2.8
0.07716,14.6,0.07716,-2.8
0.0772,14.4,0.0772,-2.6
0.07724,14.6,0.07724,-2.6
0.07728,14.4,0.07728,-2.6
0.07732,14.4,0.07732,-2.6
0.07736,14.6,0.07736,-2.4
0.0774,14.4,0.0774,-2.4
0.07744,14.6,0.07744,-2.4
0.07748,14.4,0.07748,-2.2
0.07752,14.4,0.07752,-2.2
0.07756,14.4,0.07756,-2
0.0776,14.4,0.0776,-2
0.07764,14.4,0.07764,-2
0.07768,14.4,0.07768,-1.8
0.07772,14.4,0.07772,-1.8
0.07776,14.6,0.07776,-1.8
0.0778,14.4,0.0778,-1.8
0.07784,14.4,0.07784,-1.8
0.07788,14.4,0.07788,-1.6
0.07792,14.4,0.07792,-1.6
0.07796,14.4,0.07796,-1.4
0.078,14.4,0.078,-1.4
0.07804,14.4,0.07804,-1.4
0.07808,14.4,0.07808,-1.4
0.07812,14.4,0.07812,-1.2
0.07816,14.6,0.07816,-1.2
0.0782,14.4,0.0782,-1.2
0.07824,14.4,0.07824,-1
0.07828,14.4,0.07828,-1
0.07832,14.6,0.07832,-0.8
0.07836,14.4,0.07836,-1
0.0784,14.4,0.0784,-0.8
0.07844,14.6,0.07844,-0.8
0.07848,14.4,0.07848,-0.8
0.07852,14.4,0.07852,-0.6
0.07856,14.4,0.07856,-0.6
0.0786,14.4,0.0786,-0.6
0.07864,14.4,0.07864,-0.4
0.07868,14.4,0.07868,-0.4
0.07872,14.6,0.07872,-0.4
0.07876,14.4,0.07876,-0.4
0.0788,14.4,0.0788,-0.4
0.07884,14.4,0.07884,-0.2
0.07888,14.6,0.07888,-0.2
0.07892,14.6,0.07892,0
0.07896,14.4,0.07896,0
0.079,14.4,0.079,0
0.07904,14.4,0.07904,0.2
0.07908,14.4,0.07908,0.2
0.07912,14.4,0.07912,0.2
0.07916,14.4,0.07916,0.2
0.0792,14.4,0.0792,0.4
0.07924,14.6,0.07924,0.2
0.07928,14.4,0.07928,0.4
0.07932,14.4,0.07932,0.4
0.07936,14.4,0.07936,0.6
0.0794,14.4,0.0794,0.6
0.07944,14.4,0.07944,0.6
0.07948,14.4,0.07948,0.6
0.07952,14.4,0.07952,0.6
0.07956,14.4,0.07956,0.8
0.0796,14.4,0.0796,0.8
0.07964,14.4,0.07964,0.6
0.07968,14.4,0.07968,0.8
0.07972,14.4,0.07972,0.8
0.07976,14.4,0.07976,1
0.0798,14.4,0.0798,1
0.07984,14.4,0.07984,1
0.07988,14.4,0.07988,1.2
0.07992,14.4,0.07992,1.2
0.07996,14.4,0.07996,1.2
0.08,14.6,0.08,1.2
0.08004,14.4,0.08004,1.4
0.08008,14.6,0.08008,1.4
0.08012,14.6,0.08012,1.4
0.08016,14.4,0.08016,1.4
0.0802,14.4,0.0802,1.6
0.08024,14.4,0.08024,1.6
0.08028,14.4,0.08028,1.6
0.08032,14.6,0.08032,1.6
0.08036,14.6,0.08036,1.8
0.0804,14.4,0.0804,1.8
0.08044,14.4,0.08044,1.8
0.08048,14.4,0.08048,1.8
0.08052,14.6,0.08052,1.8
0.08056,14.6,0.08056,2
0.0806,14.4,0.0806,2
0.08064,14.4,0.08064,2
0.08068,14.4,0.08068,2
0.08072,14.4,0.08072,2.2
0.08076,14.6,0.08076,2.2
0.0808,14.4,0.0808,2.2
0.08084,14.4,0.08084,2.2
0.08088,14.4,0.08088,2.4
0.08092,14.4,0.08092,2.4
0.08096,14.4,0.08096,2.4
0.081,14.4,0.081,2.6
0.08104,14.4,0.08104,2.6
0.08108,14.4,0.08108,2.4
0.08112,14.4,0.08112,2.6
0.08116,14.4,0.08116,2.6
0.0812,14.6,0.0812,2.8
0.08124,14.4,0.08124,2.6
0.08128,14.4,0.08128,2.8
0.08132,14.4,0.08132,2.8
0.08136,14.4,0.08136,2.8
0.0814,14.4,0.0814,2.8
0.08144,14.4,0.08144,3
0.08148,14.4,0.08148,3
0.08152,14.4,0.08152,3
0.08156,14.4,0.08156,3
0.0816,14.4,0.0816,3.2
0.08164,14.4,0.08164,3
0.08168,14.4,0.08168,3.2
0.08172,14.4,0.08172,3.2
0.08176,14.4,0.08176,3.2
0.0818,14.4,0.0818,3.4
0.08184,14.4,0.08184,3.4
0.08188,14.4,0.08188,3.4
0.08192,14.4,0.08192,3.4
0.08196,14.4,0.08196,3.4
0.082,14.4,0.082,3.4
0.08204,14.4,0.08204,3.6
0.08208,14.4,0.08208,3.6
0.08212,14.4,0.08212,3.6
0.08216,14.4,0.08216,3.6
0.0822,14.4,0.0822,3.6
0.08224,14.4,0.08224,3.8
0.08228,14.4,0.08228,3.8
0.08232,14.4,0.08232,3.8
0.08236,14.4,0.08236,3.8
0.0824,14.6,0.0824,3.8
0.08244,14.4,0.08244,3.8
0.08248,14.4,0.08248,4
0.08252,14.4,0.08252,3.8
0.08256,14.4,0.08256,4
0.0826,14.4,0.0826,4
0.08264,14.4,0.08264,4
0.08268,14.4,0.08268,4.2
0.08272,14.4,0.08272,4.2
0.08276,14.4,0.08276,4.2
0.0828,14.4,0.0828,4.2
0.08284,14.4,0.08284,4.2
0.08288,14.4,0.08288,4.2
0.08292,14.4,0.08292,4.4
0.08296,14.4,0.08296,4.4
0.083,14.4,0.083,4.4
0.08304,14.4,0.08304,4.4
0.08308,14.4,0.08308,4.4
0.08312,14.4,0.08312,4.4
0.08316,14.4,0.08316,4.6
0.0832,14.4,0.0832,4.6
0.08324,14.4,0.08324,4.6
0.08328,14.4,0.08328,4.6
0.08332,14.4,0.08332,4.6
0.08336,14.4,0.08336,4.8
0.0834,14.4,0.0834,4.6
0.08344,14.4,0.08344,4.8
0.08348,14.4,0.08348,4.8
0.08352,14.4,0.08352,4.8
0.08356,14.4,0.08356,4.8
0.0836,14.4,0.0836,4.8
0.08364,14.4,0.08364,4.8
0.08368,14.4,0.08368,5
0.08372,14.4,0.08372,5
0.08376,14.4,0.08376,5
0.0838,14.4,0.0838,5
0.08384,14.4,0.08384,5.2
0.08388,14.4,0.08388,5.2
0.08392,14.4,0.08392,5.2
0.08396,14.4,0.08396,5.2
0.084,14.4,0.084,5.2
0.08404,14.4,0.08404,5.4
0.08408,14.4,0.08408,5.2
0.08412,14.4,0.08412,5.4
0.08416,14.4,0.08416,5.4
0.0842,14.4,0.0842,5.4
0.08424,14.4,0.08424,5.4
0.08428,14.4,0.08428,5.4
0.08432,14.4,0.08432,5.4
0.08436,14.4,0.08436,5.4
0.0844,14.4,0.0844,5.4
0.08444,14.4,0.08444,5.4
0.08448,14.4,0.08448,5.4
0.08452,14.4,0.08452,5.6
0.08456,14.4,0.08456,5.6
0.0846,14.4,0.0846,5.6
0.08464,14.4,0.08464,5.6
0.08468,14.4,0.08468,5.8
0.08472,14.4,0.08472,5.8
0.08476,14.6,0.08476,5.8
0.0848,14.4,0.0848,5.8
0.08484,14.4,0.08484,5.8
0.08488,14.4,0.08488,5.8
0.08492,14.4,0.08492,5.8
0.08496,14.4,0.08496,5.8
0.085,14.4,0.085,5.8
0.08504,14.4,0.08504,5.8
0.08508,14.4,0.08508,6
0.08512,14.4,0.08512,5.8
0.08516,14.4,0.08516,6
0.0852,14.4,0.0852,6
0.08524,14.4,0.08524,6.2
0.08528,14.4,0.08528,6.2
0.08532,14.4,0.08532,6
0.08536,14.4,0.08536,6.2
0.0854,14.4,0.0854,6.2
0.08544,14.4,0.08544,6.2
0.08548,14.4,0.08548,6.2
0.08552,14.4,0.08552,6.4
0.08556,14.4,0.08556,6.4
0.0856,14.6,0.0856,6.2
0.08564,14.4,0.08564,6.4
0.08568,14.4,0.08568,6.4
0.08572,14.4,0.08572,6.4
0.08576,14.4,0.08576,6.4
0.0858,14.4,0.0858,6.4
0.08584,14.4,0.08584,6.4
0.08588,14.4,0.08588,6.4
0.08592,14.4,0.08592,6.4
0.08596,14.4,0.08596,6.6
0.086,14.4,0.086,6.6
0.08604,14.6,0.08604,6.6
0.08608,14.4,0.08608,6.6
0.08612,14.6,0.08612,6.6
0.08616,14.4,0.08616,6.6
0.0862,14.4,0.0862,6.6
0.08624,14.4,0.08624,6.6
0.08628,14.4,0.08628,6.6
0.08632,14.4,0.08632,6.8
0.08636,14.4,0.08636,6.8
0.0864,14.4,0.0864,6.6
0.08644,14.4,0.08644,6.8
0.08648,14.4,0.08648,6.8
0.08652,14.4,0.08652,6.8
0.08656,14.4,0.08656,6.8
0.0866,14.4,0.0866,6.8
0.08664,14.4,0.08664,7
0.08668,14.4,0.08668,6.8
0.08672,14.6,0.08672,7
0.08676,14.4,0.08676,7
0.0868,14.6,0.0868,7
0.08684,14.4,0.08684,7
0.08688,14.6,0.08688,7
0.08692,14.6,0.08692,7
0.08696,14.4,0.08696,7
0.087,14.4,0.087,7
0.08704,14.4,0.08704,7.2
0.08708,14.4,0.08708,7.2
0.08712,14.4,0.08712,7.2
0.08716,14.6,0.08716,7.2
0.0872,14.4,0.0872,7.2
0.08724,14.4,0.08724,7.2
0.08728,-8,0.08728,7.2
0.08732,-13.6,0.08732,7.2
0.08736,-13.6,0.08736,7
0.0874,-13.6,0.0874,6.8
0.08744,-13.6,0.08744,7
0.08748,-13.6,0.08748,6.8
0.08752,-13.6,0.08752,6.6
0.08756,-13.6,0.08756,6.6
0.0876,-13.6,0.0876,6.6
0.08764,-13.6,0.08764,6.6
0.08768,-13.6,0.08768,6.4
0.08772,-13.6,0.08772,6.4
0.08776,-13.6,0.08776,6.2
0.0878,-13.6,0.0878,6
0.08784,-13.6,0.08784,6
0.08788,-13.6,0.08788,6
0.08792,-13.6,0.08792,5.8
0.08796,-13.6,0.08796,5.8
0.088,-13.6,0.088,5.8
0.08804,-13.6,0.08804,5.8
0.08808,-13.6,0.08808,5.6
0.08812,-13.6,0.08812,5.6
0.08816,-13.6,0.08816,5.4
0.0882,-13.6,0.0882,5.4
0.08824,-13.6,0.08824,5.4
0.08828,-13.6,0.08828,5.4
0.08832,-13.6,0.08832,5
0.08836,-13.6,0.08836,5
0.0884,-13.6,0.0884,5
0.08844,-13.6,0.08844,5
0.08848,-13.6,0.08848,5
0.08852,-13.6,0.08852,4.8
0.08856,-13.6,0.08856,4.8
0.0886,-13.6,0.0886,4.6
0.08864,-13.6,0.08864,4.6
0.08868,-13.6,0.08868,4.6
0.08872,-13.6,0.08872,4.4
0.08876,-13.6,0.08876,4.4
0.0888,-13.6,0.0888,4.4
0.08884,-13.6,0.08884,4.2
0.08888,-13.6,0.08888,4.2
0.08892,-13.6,0.08892,4.2
0.08896,-13.6,0.08896,4
0.089,-13.6,0.089,4
0.08904,-13.6,0.08904,4
0.08908,-13.6,0.08908,3.8
0.08912,-13.6,0.08912,4
0.08916,-13.8,0.08916,3.8
0.0892,-13.6,0.0892,3.6
0.08924,-13.6,0.08924,3.6
0.08928,-13.6,0.08928,3.4
0.08932,-13.6,0.08932,3.4
0.08936,-13.6,0.08936,3.4
0.0894,-13.6,0.0894,3.2
0.08944,-13.6,0.08944,3.2
0.08948,-13.6,0.08948,3.2
0.08952,-13.6,0.08952,3.2
0.08956,-13.6,0.08956,3
0.0896,-13.6,0.0896,3
0.08964,-13.6,0.08964,2.8
0.08968,-13.6,0.08968,2.8
0.08972,-13.6,0.08972,2.8
0.08976,-13.6,0.08976,2.6
0.0898,-13.6,0.0898,2.8
0.08984,-13.6,0.08984,2.6
0.08988,-13.6,0.08988,2.6
0.08992,-13.6,0.08992,2.4
0.08996,-13.6,0.08996,2.4
0.09,-13.6,0.09,2.4
0.09004,-13.6,0.09004,2.4
0.09008,-13.6,0.09008,2.2
0.09012,-13.6,0.09012,2.2
0.09016,-13.6,0.09016,2
0.0902,-13.6,0.0902,2
0.09024,-13.6,0.09024,2
0.09028,-13.6,0.09028,2
0.09032,-13.6,0.09032,1.8
0.09036,-13.6,0.09036,1.8
0.0904,-13.6,0.0904,1.8
0.09044,-13.6,0.09044,1.8
0.09048,-13.6,0.09048,1.6
0.09052,-13.6,0.09052,1.6
0.09056,-13.6,0.09056,1.6
0.0906,-13.6,0.0906,1.4
0.09064,-13.6,0.09064,1.4
0.09068,-13.6,0.09068,1.4
0.09072,-13.6,0.09072,1.4
0.09076,-13.6,0.09076,1.2
0.0908,-13.8,0.0908,1.2
0.09084,-13.6,0.09084,1.2
0.09088,-13.6,0.09088,1
0.09092,-13.6,0.09092,1
0.09096,-13.6,0.09096,1
0.091,-13.6,0.091,1
0.09104,-13.6,0.09104,0.8
0.09108,-13.6,0.09108,0.8
0.09112,-13.6,0.09112,0.8
0.09116,-13.6,0.09116,0.6
0.0912,-13.6,0.0912,0.6
0.09124,-13.6,0.09124,0.6
0.09128,-13.6,0.09128,0.6
0.09132,-13.6,0.09132,0.6
0.09136,-13.6,0.09136,0.4
0.0914,-13.6,0.0914,0.4
0.09144,-13.6,0.09144,0.4
0.09148,-13.6,0.09148,0.4
0.09152,-13.6,0.09152,0.2
0.09156,-13.6,0.09156,0.2
0.0916,-13.6,0.0916,0.2
0.09164,-13.6,0.09164,0.2
0.09168,-13.6,0.09168,0
0.09172,-13.6,0.09172,0
0.09176,-13.6,0.09176,-0.2
0.0918,-13.8,0.0918,-0.2
0.09184,-13.6,0.09184,-0.2
0.09188,-13.6,0.09188,-0.2
0.09192,-13.6,0.09192,-0.2
0.09196,-13.8,0.09196,-0.4
0.092,-13.6,0.092,-0.2
0.09204,-13.6,0.09204,-0.4
0.09208,-13.6,0.09208,-0.4
0.09212,-13.6,0.09212,-0.6
0.09216,-13.6,0.09216,-0.6
0.0922,-13.8,0.0922,-0.6
0.09224,-13.6,0.09224,-0.6
0.09228,-13.6,0.09228,-0.6
0.09232,-13.6,0.09232,-0.8
0.09236,-13.6,0.09236,-0.8
0.0924,-13.6,0.0924,-0.8
0.09244,-13.6,0.09244,-0.8
0.09248,-13.6,0.09248,-1
0.09252,-13.6,0.09252,-1
0.09256,-13.6,0.09256,-1
0.0926,-13.6,0.0926,-1
0.09264,-13.6,0.09264,-1.2
0.09268,-13.6,0.09268,-1.2
0.09272,-13.6,0.09272,-1.4
0.09276,-13.6,0.09276,-1.2
0.0928,-13.6,0.0928,-1.4
0.09284,-13.6,0.09284,-1.4
0.09288,-13.8,0.09288,-1.4
0.09292,-13.6,0.09292,-1.4
0.09296,-13.6,0.09296,-1.4
0.093,-13.6,0.093,-1.6
0.09304,-13.6,0.09304,-1.6
0.09308,-13.8,0.09308,-1.6
0.09312,-13.6,0.09312,-1.8
0.09316,-13.6,0.09316,-1.8
0.0932,-13.6,0.0932,-1.8
0.09324,-13.6,0.09324,-1.8
0.09328,-13.6,0.09328,-1.8
0.09332,-13.6,0.09332,-2
0.09336,-13.6,0.09336,-2
0.0934,-13.6,0.0934,-2
0.09344,-13.6,0.09344,-2
0.09348,-13.6,0.09348,-2
0.09352,-13.6,0.09352,-2.2
0.09356,-13.6,0.09356,-2.2
0.0936,-13.6,0.0936,-2.2
0.09364,-13.6,0.09364,-2.2
0.09368,-13.6,0.09368,-2.4
0.09372,-13.6,0.09372,-2.4
0.09376,-13.6,0.09376,-2.4
0.0938,-13.6,0.0938,-2.4
0.09384,-13.6,0.09384,-2.4
0.09388,-13.6,0.09388,-2.6
0.09392,-13.6,0.09392,-2.6
0.09396,-13.6,0.09396,-2.6
0.094,-13.6,0.094,-2.6
0.09404,-13.6,0.09404,-2.6
0.09408,-13.6,0.09408,-2.6
0.09412,-13.6,0.09412,-2.8
0.09416,-13.8,0.09416,-2.8
0.0942,-13.6,0.0942,-2.8
0.09424,-13.6,0.09424,-2.8
0.09428,-13.6,0.09428,-3
0.09432,-13.8,0.09432,-3
0.09436,-13.6,0.09436,-3
0.0944,-13.6,0.0944,-3
0.09444,-13.6,0.09444,-3
0.09448,-13.6,0.09448,-3
0.09452,-13.6,0.09452,-3
0.09456,-13.6,0.09456,-3
0.0946,-13.6,0.0946,-3.2
0.09464,-13.6,0.09464,-3.2
0.09468,-13.6,0.09468,-3.2
0.09472,-13.6,0.09472,-3.2
0.09476,-13.6,0.09476,-3.2
0.0948,-13.6,0.0948,-3.2
0.09484,-13.6,0.09484,-3.4
0.09488,-13.6,0.09488,-3.4
0.09492,-13.6,0.09492,-3.2
0.09496,-13.6,0.09496,-3.4
0.095,-13.6,0.095,-3.4
0.09504,-13.6,0.09504,-3.6
0.09508,-13.6,0.09508,-3.4
0.09512,-13.6,0.09512,-3.6
0.09516,-13.6,0.09516,-3.6
0.0952,-13.6,0.0952,-3.6
0.09524,-13.6,0.09524,-3.6
0.09528,-13.6,0.09528,-3.6
0.09532,-13.6,0.09532,-3.8
0.09536,-13.6,0.09536,-3.8
0.0954,-13.6,0.0954,-3.8
0.09544,-13.6,0.09544,-4
0.09548,-13.8,0.09548,-3.8
0.09552,-13.6,0.09552,-4
0.09556,-13.6,0.09556,-4
0.0956,-13.6,0.0956,-4
0.09564,-13.6,0.09564,-4
0.09568,-13.6,0.09568,-4
0.09572,-13.6,0.09572,-4
0.09576,-13.6,0.09576,-4
0.0958,-13.8,0.0958,-4.2
0.09584,-13.6,0.09584,-4.2
0.09588,-13.6,0.09588,-4.2
0.09592,-13.6,0.09592,-4.2
0.09596,-13.6,0.09596,-4.2
0.096,-13.6,0.096,-4.4
0.09604,-13.6,0.09604,-4.4
0.09608,-13.6,0.09608,-4.4
0.09612,-13.6,0.09612,-4.4
0.09616,-13.6,0.09616,-4.4
0.0962,-13.6,0.0962,-4.6
0.09624,-13.6,0.09624,-4.4
0.09628,-13.6,0.09628,-4.6
0.09632,-13.6,0.09632,-4.6
0.09636,-13.6,0.09636,-4.6
0.0964,-13.6,0.0964,-4.6
0.09644,-13.6,0.09644,-4.6
0.09648,-13.6,0.09648,-4.6
0.09652,-13.6,0.09652,-4.6
0.09656,-13.6,0.09656,-4.8
0.0966,-13.8,0.0966,-4.8
0.09664,-13.6,0.09664,-4.8
0.09668,-13.6,0.09668,-4.8
0.09672,-13.6,0.09672,-4.8
0.09676,-13.6,0.09676,-4.8
0.0968,-13.6,0.0968,-5
0.09684,-13.6,0.09684,-5
0.09688,-13.6,0.09688,-5
0.09692,-13.6,0.09692,-5
0.09696,-13.6,0.09696,-5
0.097,-13.6,0.097,-5
0.09704,-13.6,0.09704,-5.2
0.09708,-13.6,0.09708,-5.2
0.09712,-13.6,0.09712,-5.2
0.09716,-13.6,0.09716,-5.2
0.0972,-13.6,0.0972,-5.2
0.09724,-13.6,0.09724,-5.2
0.09728,-13.6,0.09728,-5.2
0.09732,-13.6,0.09732,-5.2
0.09736,-13.6,0.09736,-5.4
0.0974,-13.6,0.0974,-5.4
0.09744,-13.6,0.09744,-5.2
0.09748,-13.6,0.09748,-5.4
0.09752,-13.6,0.09752,-5.4
0.09756,-13.6,0.09756,-5.4
0.0976,-13.6,0.0976,-5.6
0.09764,-13.6,0.09764,-5.6
0.09768,-13.6,0.09768,-5.6
0.09772,-13.6,0.09772,-5.6
0.09776,-13.6,0.09776,-5.6
0.0978,-13.6,0.0978,-5.6
0.09784,-13.6,0.09784,-5.6
0.09788,-13.6,0.09788,-5.6
0.09792,-13.6,0.09792,-5.6
0.09796,-13.6,0.09796,-5.8
0.098,-13.6,0.098,-5.8
0.09804,-13.6,0.09804,-5.8
0.09808,-13.6,0.09808,-5.8
0.09812,-13.6,0.09812,-5.8
0.09816,-13.6,0.09816,-5.8
0.0982,-13.6,0.0982,-5.8
0.09824,-13.6,0.09824,-6
0.09828,-13.6,0.09828,-5.8
0.09832,-13.6,0.09832,-6
0.09836,-13.6,0.09836,-6
0.0984,-13.6,0.0984,-6
0.09844,-13.6,0.09844,-6
0.09848,-13.6,0.09848,-6
0.09852,-13.6,0.09852,-6
0.09856,-13.6,0.09856,-6.2
0.0986,-13.6,0.0986,-6
0.09864,-13.6,0.09864,-6.2
0.09868,-13.6,0.09868,-6.2
0.09872,-13.6,0.09872,-6.2
0.09876,-13.6,0.09876,-6.2
0.0988,-13.6,0.0988,-6.2
0.09884,-13.6,0.09884,-6.2
0.09888,-13.6,0.09888,-6.2
0.09892,-13.6,0.09892,-6.4
0.09896,-13.8,0.09896,-6.4
0.099,-13.6,0.099,-6.4
0.09904,-13.8,0.09904,-6.4
0.09908,-13.6,0.09908,-6.4
0.09912,-13.6,0.09912,-6.4
0.09916,-13.6,0.09916,-6.4
0.0992,-13.6,0.0992,-6.4
0.09924,-13.6,0.09924,-6.4
0.09928,-13.6,0.09928,-6.6
0.09932,-13.6,0.09932,-6.4
0.09936,-13.6,0.09936,-6.6
0.0994,-13.6,0.0994,-6.6
0.09944,-13.8,0.09944,-6.6
0.09948,-13.6,0.09948,-6.6
0.09952,-13.6,0.09952,-6.6
0.09956,-13.6,0.09956,-6.8
0.0996,-13.6,0.0996,-6.6
0.09964,-13.6,0.09964,-6.8
0.09968,-13.6,0.09968,-6.8
0.09972,-13.6,0.09972,-6.8
0.09976,-13.6,0.09976,-6.8
0.0998,-13.6,0.0998,-6.8
0.09984,-13.6,0.09984,-6.8
0.09988,-13.6,0.09988,-6.8
0.09992,3,0.09992,-6.8
0.09996,14.4,0.09996,-6.8