,,,,,,0.000341255,4.939693168
Time - Plot 0,Amplitude - Plot 0,,,Time,Amplitude,,0.502626754
0.000000,0,,0,0.00091,0.04,0,
0.000001,0,,1.00E-06,0.000911,0.04,0.014453902,
0.000002,0,,2.00E-06,0.000912,0.08,0.028865512,
0.000003,-0.04,,3.00E-06,0.000913,0.08,0.043234951,
0.000004,-0.04,,4.00E-06,0.000914,0.08,0.057562345,
0.000005,0,,5.00E-06,0.000915,0.08,0.071847816,
0.000006,-0.04,,6.00E-06,0.000916,0.08,0.086091486,
0.000007,0,,7.00E-06,0.000917,0.16,0.100293479,
0.000008,0,,8.00E-06,0.000918,0.16,0.114453915,
0.000009,0,,0.000009,0.000919,0.16,0.128572917,
0.000010,0,,0.00001,0.00092,0.2,0.142650606,
0.000011,0,,1.10E-05,0.000921,0.16,0.156687102,
0.000012,0,,0.000012,0.000922,0.16,0.170682527,
0.000013,0,,0.000013,0.000923,0.24,0.184636999,
0.000014,-0.04,,0.000014,0.000924,0.2,0.198550641,
0.000015,0,,0.000015,0.000925,0.24,0.212423569,
0.000016,0,,0.000016,0.000926,0.24,0.226255905,
0.000017,-0.04,,0.000017,0.000927,0.24,0.240047766,
0.000018,0,,0.000018,0.000928,0.28,0.253799271,
0.000019,0,,0.000019,0.000929,0.28,0.267510538,
0.000020,0,,2.00E-05,0.00093,0.32,0.281181685,
0.000021,0,,0.000021,0.000931,0.32,0.29481283,
0.000022,0,,0.000022,0.000932,0.36,0.308404088,
0.000023,0,,0.000023,0.000933,0.32,0.321955578,
0.000024,0,,0.000024,0.000934,0.36,0.335467415,
0.000025,0,,0.000025,0.000935,0.4,0.348939715,
0.000026,-0.04,,0.000026,0.000936,0.36,0.362372594,
0.000027,0,,0.000027,0.000937,0.4,0.375766168,
0.000028,0,,0.000028,0.000938,0.4,0.389120551,
0.000029,0,,2.90E-05,0.000939,0.44,0.402435859,
0.000030,0,,0.00003,0.00094,0.44,0.415712204,
0.000031,0,,0.000031,0.000941,0.48,0.428949702,
0.000032,0,,0.000032,0.000942,0.48,0.442148467,
0.000033,-0.04,,0.000033,0.000943,0.48,0.45530861,
0.000034,0,,0.000034,0.000944,0.48,0.468430247,
0.000035,0,,0.000035,0.000945,0.52,0.481513488,
0.000036,-0.04,,0.000036,0.000946,0.48,0.494558447,
0.000037,-0.04,,0.000037,0.000947,0.56,0.507565235,
0.000038,0,,3.80E-05,0.000948,0.56,0.520533965,
0.000039,0,,0.000039,0.000949,0.56,0.533464747,
0.000040,0,,0.00004,0.00095,0.56,0.546357692,
0.000041,-0.04,,0.000041,0.000951,0.6,0.559212912,
0.000042,0,,0.000042,0.000952,0.56,0.572030517,
0.000043,0,,0.000043,0.000953,0.64,0.584810616,
0.000044,0,,0.000044,0.000954,0.64,0.59755332,
0.000045,0,,0.000045,0.000955,0.6,0.610258738,
0.000046,0,,0.000046,0.000956,0.64,0.622926979,
0.000047,0,,4.70E-05,0.000957,0.68,0.635558152,
0.000048,0,,0.000048,0.000958,0.68,0.648152364,
0.000049,0,,0.000049,0.000959,0.68,0.660709726,
0.000050,0,,0.00005,0.00096,0.68,0.673230343,
0.000051,0,,0.000051,0.000961,0.72,0.685714325,
0.000052,0,,0.000052,0.000962,0.72,0.698161777,
0.000053,0,,0.000053,0.000963,0.72,0.710572807,
0.000054,-0.04,,0.000054,0.000964,0.72,0.722947522,
0.000055,0,,0.000055,0.000965,0.76,0.735286027,
0.000056,0,,0.000056,0.000966,0.76,0.747588429,
0.000057,0,,0.000057,0.000967,0.76,0.759854833,
0.000058,-0.04,,0.000058,0.000968,0.8,0.772085345,
0.000059,0,,0.000059,0.000969,0.8,0.784280069,
0.000060,0,,0.00006,0.00097,0.8,0.796439111,
0.000061,0,,0.000061,0.000971,0.8,0.808562574,
0.000062,0,,0.000062,0.000972,0.84,0.820650564,
0.000063,0,,0.000063,0.000973,0.84,0.832703183,
0.000064,0,,0.000064,0.000974,0.88,0.844720535,
0.000065,0,,0.000065,0.000975,0.88,0.856702723,
0.000066,0,,0.000066,0.000976,0.92,0.868649851,
0.000067,0,,0.000067,0.000977,0.92,0.880562021,
0.000068,0,,6.80E-05,0.000978,0.92,0.892439334,
0.000069,-0.04,,6.90E-05,0.000979,0.92,0.904281894,
0.000070,0,,0.00007,0.00098,0.92,0.916089802,
0.000071,0,,7.10E-05,0.000981,0.92,0.927863159,
0.000072,-0.04,,0.000072,0.000982,0.96,0.939602066,
0.000073,0,,7.30E-05,0.000983,0.96,0.951306624,
0.000074,0,,7.40E-05,0.000984,0.96,0.962976934,
0.000075,0,,0.000075,0.000985,1,0.974613096,
0.000076,-0.04,,7.60E-05,0.000986,1,0.986215209,
0.000077,0,,0.000077,0.000987,1,0.997783374,
0.000078,0,,7.80E-05,0.000988,1.04,1.009317689,
0.000079,0,,7.90E-05,0.000989,1.04,1.020818254,
0.000080,0,,0.00008,0.00099,1.08,1.032285168,
0.000081,0,,8.10E-05,0.000991,1.04,1.043718529,
0.000082,0,,0.000082,0.000992,1.08,1.055118435,
0.000083,0,,0.000083,0.000993,1.08,1.066484984,
0.000084,0,,8.40E-05,0.000994,1.08,1.077818273,
0.000085,-0.04,,0.000085,0.000995,1.12,1.089118401,
0.000086,0,,8.60E-05,0.000996,1.12,1.100385463,
0.000087,0,,8.70E-05,0.000997,1.12,1.111619558,
0.000088,-0.04,,0.000088,0.000998,1.16,1.12282078,
0.000089,0,,8.90E-05,0.000999,1.2,1.133989227,
0.000090,-0.04,,0.00009,0.001,1.16,1.145124994,
0.000091,0,,9.10E-05,0.001001,1.2,1.156228177,
0.000092,0,,9.20E-05,0.001002,1.2,1.167298872,
0.000093,0,,0.000093,0.001003,1.2,1.178337173,
0.000094,-0.04,,9.40E-05,0.001004,1.2,1.189343175,
0.000095,-0.04,,0.000095,0.001005,1.24,1.200316972,
0.000096,-0.04,,9.60E-05,0.001006,1.2,1.21125866,
0.000097,0,,9.70E-05,0.001007,1.2,1.222168331,
0.000098,0,,0.000098,0.001008,1.24,1.23304608,
0.000099,0,,9.90E-05,0.001009,1.24,1.243891999,
0.000100,-0.04,,0.0001,0.00101,1.28,1.254706183,
0.000101,0,,0.000101,0.001011,1.24,1.265488724,
0.000102,0,,0.000102,0.001012,1.28,1.276239714,
0.000103,0,,0.000103,0.001013,1.28,1.286959246,
0.000104,0,,0.000104,0.001014,1.28,1.297647411,
0.000105,0,,0.000105,0.001015,1.32,1.308304303,
0.000106,0,,0.000106,0.001016,1.32,1.318930011,
0.000107,0,,0.000107,0.001017,1.32,1.329524628,
0.000108,0,,0.000108,0.001018,1.32,1.340088245,
0.000109,0,,0.000109,0.001019,1.36,1.350620951,
0.000110,0,,0.00011,0.00102,1.36,1.361122838,
0.000111,0,,0.000111,0.001021,1.4,1.371593996,
0.000112,0,,0.000112,0.001022,1.4,1.382034514,
0.000113,0,,0.000113,0.001023,1.4,1.392444483,
0.000114,0,,0.000114,0.001024,1.4,1.402823991,
0.000115,0,,0.000115,0.001025,1.4,1.413173128,
0.000116,-0.04,,0.000116,0.001026,1.4,1.423491983,
0.000117,0,,0.000117,0.001027,1.44,1.433780644,
0.000118,0,,0.000118,0.001028,1.48,1.4440392,
0.000119,0,,0.000119,0.001029,1.48,1.454267738,
0.000120,0,,0.00012,0.00103,1.48,1.464466347,
0.000121,0,,0.000121,0.001031,1.48,1.474635114,
0.000122,0,,0.000122,0.001032,1.48,1.484774127,
0.000123,0,,0.000123,0.001033,1.52,1.494883472,
0.000124,0,,0.000124,0.001034,1.52,1.504963236,
0.000125,0,,0.000125,0.001035,1.52,1.515013507,
0.000126,-0.04,,0.000126,0.001036,1.56,1.525034369,
0.000127,0,,0.000127,0.001037,1.56,1.53502591,
0.000128,0,,0.000128,0.001038,1.56,1.544988214,
0.000129,0,,0.000129,0.001039,1.56,1.554921368,
0.000130,0,,0.00013,0.00104,1.56,1.564825458,
0.000131,0,,0.000131,0.001041,1.56,1.574700567,
0.000132,0,,0.000132,0.001042,1.6,1.58454678,
0.000133,0,,0.000133,0.001043,1.6,1.594364183,
0.000134,0,,0.000134,0.001044,1.6,1.60415286,
0.000135,0,,0.000135,0.001045,1.6,1.613912894,
0.000136,0,,0.000136,0.001046,1.64,1.62364437,
0.000137,0,,0.000137,0.001047,1.64,1.63334737,
0.000138,0,,0.000138,0.001048,1.64,1.643021979,
0.000139,0,,0.000139,0.001049,1.68,1.652668279,
0.000140,0,,0.00014,0.00105,1.68,1.662286354,
0.000141,0,,0.000141,0.001051,1.68,1.671876285,
0.000142,0,,0.000142,0.001052,1.68,1.681438156,
0.000143,0,,0.000143,0.001053,1.68,1.690972047,
0.000144,0,,0.000144,0.001054,1.68,1.700478042,
0.000145,0,,0.000145,0.001055,1.72,1.709956222,
0.000146,0,,0.000146,0.001056,1.72,1.719406668,
0.000147,0,,0.000147,0.001057,1.72,1.728829461,
0.000148,0,,0.000148,0.001058,1.76,1.738224682,
0.000149,0,,0.000149,0.001059,1.76,1.747592412,
0.000150,0,,0.00015,0.00106,1.76,1.756932732,
0.000151,0,,0.000151,0.001061,1.76,1.766245721,
0.000152,0,,0.000152,0.001062,1.8,1.77553146,
0.000153,0,,0.000153,0.001063,1.8,1.784790028,
0.000154,0,,0.000154,0.001064,1.8,1.794021504,
0.000155,-0.04,,0.000155,0.001065,1.8,1.803225969,
0.000156,-0.04,,0.000156,0.001066,1.8,1.812403501,
0.000157,0,,0.000157,0.001067,1.84,1.821554178,
0.000158,0,,0.000158,0.001068,1.84,1.83067808,
0.000159,0,,0.000159,0.001069,1.88,1.839775285,
0.000160,0,,0.00016,0.00107,1.84,1.848845871,
0.000161,0,,0.000161,0.001071,1.88,1.857889915,
0.000162,0,,0.000162,0.001072,1.88,1.866907496,
0.000163,0,,0.000163,0.001073,1.88,1.875898691,
0.000164,0,,0.000164,0.001074,1.92,1.884863577,
0.000165,0,,0.000165,0.001075,1.92,1.893802232,
0.000166,-0.04,,0.000166,0.001076,1.92,1.902714731,
0.000167,0,,0.000167,0.001077,1.88,1.911601151,
0.000168,0,,0.000168,0.001078,1.92,1.920461569,
0.000169,0,,0.000169,0.001079,1.92,1.929296061,
0.000170,0,,0.00017,0.00108,1.96,1.938104702,
0.000171,0,,0.000171,0.001081,1.96,1.946887569,
0.000172,0,,0.000172,0.001082,1.96,1.955644736,
0.000173,0,,0.000173,0.001083,2,1.96437628,
0.000174,0,,0.000174,0.001084,1.96,1.973082274,
0.000175,0,,0.000175,0.001085,2,1.981762794,
0.000176,0,,0.000176,0.001086,2,1.990417914,
0.000177,-0.04,,0.000177,0.001087,2,1.999047708,
0.000178,0,,0.000178,0.001088,2,2.007652251,
0.000179,0,,0.000179,0.001089,2.04,2.016231617,
0.000180,-0.04,,0.00018,0.00109,2.04,2.024785878,
0.000181,0,,0.000181,0.001091,2.04,2.033315109,
0.000182,-0.04,,0.000182,0.001092,2.08,2.041819384,
0.000183,0,,0.000183,0.001093,2.04,2.050298774,
0.000184,0,,0.000184,0.001094,2.08,2.058753352,
0.000185,0,,0.000185,0.001095,2.08,2.067183192,
0.000186,0,,0.000186,0.001096,2.08,2.075588366,
0.000187,-0.04,,0.000187,0.001097,2.08,2.083968945,
0.000188,0,,0.000188,0.001098,2.12,2.092325003,
0.000189,0,,0.000189,0.001099,2.12,2.10065661,
0.000190,0,,0.00019,0.0011,2.12,2.108963838,
0.000191,0,,0.000191,0.001101,2.12,2.117246758,
0.000192,-0.04,,0.000192,0.001102,2.12,2.125505442,
0.000193,0,,0.000193,0.001103,2.16,2.13373996,
0.000194,0,,0.000194,0.001104,2.16,2.141950384,
0.000195,0,,0.000195,0.001105,2.16,2.150136784,
0.000196,0,,0.000196,0.001106,2.16,2.158299229,
0.000197,0,,0.000197,0.001107,2.16,2.16643779,
0.000198,0,,0.000198,0.001108,2.16,2.174552538,
0.000199,0,,0.000199,0.001109,2.2,2.182643541,
0.000200,0,,0.0002,0.00111,2.2,2.190710869,
0.000201,0,,0.000201,0.001111,2.2,2.198754592,
0.000202,-0.04,,0.000202,0.001112,2.2,2.206774778,
0.000203,0,,0.000203,0.001113,2.24,2.214771496,
0.000204,-0.04,,0.000204,0.001114,2.2,2.222744816,
0.000205,0,,0.000205,0.001115,2.24,2.230694805,
0.000206,-0.04,,0.000206,0.001116,2.24,2.238621532,
0.000207,0,,0.000207,0.001117,2.24,2.246525064,
0.000208,0,,0.000208,0.001118,2.28,2.254405471,
0.000209,0,,0.000209,0.001119,2.28,2.262262818,
0.000210,0,,0.00021,0.00112,2.24,2.270097175,
0.000211,0,,0.000211,0.001121,2.28,2.277908607,
0.000212,0,,0.000212,0.001122,2.28,2.285697183,
0.000213,0,,0.000213,0.001123,2.28,2.293462969,
0.000214,0,,0.000214,0.001124,2.32,2.301206031,
0.000215,-0.04,,0.000215,0.001125,2.32,2.308926437,
0.000216,0,,0.000216,0.001126,2.32,2.316624252,
0.000217,0,,0.000217,0.001127,2.32,2.324299543,
0.000218,0,,0.000218,0.001128,2.36,2.331952375,
0.000219,0,,0.000219,0.001129,2.36,2.339582815,
0.000220,0,,0.00022,0.00113,2.32,2.347190928,
0.000221,0,,0.000221,0.001131,2.36,2.354776778,
0.000222,-0.04,,0.000222,0.001132,2.36,2.362340432,
0.000223,0,,0.000223,0.001133,2.36,2.369881954,
0.000224,-0.04,,0.000224,0.001134,2.36,2.377401409,
0.000225,0,,0.000225,0.001135,2.4,2.384898862,
0.000226,0,,0.000226,0.001136,2.4,2.392374376,
0.000227,0,,0.000227,0.001137,2.4,2.399828017,
0.000228,0,,0.000228,0.001138,2.4,2.407259847,
0.000229,0,,0.000229,0.001139,2.4,2.414669932,
0.000230,-0.04,,0.00023,0.00114,2.4,2.422058334,
0.000231,0,,0.000231,0.001141,2.44,2.429425117,
0.000232,0,,0.000232,0.001142,2.44,2.436770344,
0.000233,0,,0.000233,0.001143,2.44,2.444094079,
0.000234,0,,0.000234,0.001144,2.44,2.451396384,
0.000235,0,,0.000235,0.001145,2.44,2.458677322,
0.000236,0,,0.000236,0.001146,2.48,2.465936955,
0.000237,0,,0.000237,0.001147,2.48,2.473175346,
0.000238,0,,0.000238,0.001148,2.48,2.480392557,
0.000239,0,,0.000239,0.001149,2.48,2.48758865,
0.000240,0,,0.00024,0.00115,2.48,2.494763687,
0.000241,0,,0.000241,0.001151,2.52,2.501917729,
0.000242,0,,0.000242,0.001152,2.48,2.509050837,
0.000243,0,,0.000243,0.001153,2.52,2.516163074,
0.000244,0,,0.000244,0.001154,2.52,2.5232545,
0.000245,-0.04,,0.000245,0.001155,2.52,2.530325175,
0.000246,0,,0.000246,0.001156,2.52,2.537375162,
0.000247,0,,0.000247,0.001157,2.52,2.54440452,
0.000248,0,,0.000248,0.001158,2.56,2.551413309,
0.000249,0,,0.000249,0.001159,2.56,2.55840159,
0.000250,0,,0.00025,0.00116,2.56,2.565369423,
0.000251,-0.04,,0.000251,0.001161,2.6,2.572316867,
0.000252,0,,0.000252,0.001162,2.56,2.579243983,
0.000253,-0.04,,0.000253,0.001163,2.56,2.586150829,
0.000254,0,,0.000254,0.001164,2.6,2.593037466,
0.000255,0,,0.000255,0.001165,2.6,2.599903951,
0.000256,0,,0.000256,0.001166,2.6,2.606750345,
0.000257,-0.04,,0.000257,0.001167,2.6,2.613576706,
0.000258,0,,0.000258,0.001168,2.6,2.620383092,
0.000259,0,,0.000259,0.001169,2.6,2.627169563,
0.000260,0,,0.00026,0.00117,2.64,2.633936175,
0.000261,0,,0.000261,0.001171,2.64,2.640682989,
0.000262,0,,0.000262,0.001172,2.64,2.64741006,
0.000263,0,,0.000263,0.001173,2.68,2.654117448,
0.000264,0,,0.000264,0.001174,2.68,2.660805209,
0.000265,-0.04,,0.000265,0.001175,2.68,2.667473401,
0.000266,0,,0.000266,0.001176,2.68,2.674122082,
0.000267,0,,0.000267,0.001177,2.68,2.680751308,
0.000268,0,,0.000268,0.001178,2.68,2.687361137,
0.000269,0,,0.000269,0.001179,2.68,2.693951624,
0.000270,0,,0.00027,0.00118,2.72,2.700522828,
0.000271,-0.04,,0.000271,0.001181,2.68,2.707074804,
0.000272,-0.04,,0.000272,0.001182,2.72,2.713607608,
0.000273,0,,0.000273,0.001183,2.72,2.720121296,
0.000274,0,,0.000274,0.001184,2.72,2.726615925,
0.000275,0,,0.000275,0.001185,2.72,2.733091551,
0.000276,0,,0.000276,0.001186,2.76,2.739548228,
0.000277,-0.04,,0.000277,0.001187,2.76,2.745986013,
0.000278,0,,0.000278,0.001188,2.76,2.75240496,
0.000279,0,,0.000279,0.001189,2.76,2.758805124,
0.000280,-0.04,,0.00028,0.00119,2.76,2.765186562,
0.000281,0,,0.000281,0.001191,2.76,2.771549327,
0.000282,0,,0.000282,0.001192,2.76,2.777893474,
0.000283,-0.04,,0.000283,0.001193,2.8,2.784219057,
0.000284,0,,0.000284,0.001194,2.8,2.790526132,
0.000285,0,,0.000285,0.001195,2.8,2.796814751,
0.000286,0,,0.000286,0.001196,2.8,2.80308497,
0.000287,0,,0.000287,0.001197,2.8,2.809336841,
0.000288,0,,0.000288,0.001198,2.8,2.815570419,
0.000289,0,,0.000289,0.001199,2.8,2.821785757,
0.000290,0,,0.00029,0.0012,2.84,2.827982909,
0.000291,0,,0.000291,0.001201,2.84,2.834161927,
0.000292,0,,0.000292,0.001202,2.84,2.840322865,
0.000293,0,,0.000293,0.001203,2.84,2.846465775,
0.000294,0,,0.000294,0.001204,2.84,2.852590711,
0.000295,0,,0.000295,0.001205,2.84,2.858697725,
0.000296,0,,0.000296,0.001206,2.88,2.86478687,
0.000297,0,,0.000297,0.001207,2.88,2.870858197,
0.000298,0,,0.000298,0.001208,2.88,2.876911759,
0.000299,0,,0.000299,0.001209,2.88,2.882947608,
0.000300,0,,0.0003,0.00121,2.88,2.888965795,
0.000301,0,,0.000301,0.001211,2.92,2.894966373,
0.000302,0,,0.000302,0.001212,2.92,2.900949393,
0.000303,0,,0.000303,0.001213,2.92,2.906914906,
0.000304,0,,0.000304,0.001214,2.92,2.912862963,
0.000305,0,,0.000305,0.001215,2.92,2.918793616,
0.000306,0,,0.000306,0.001216,2.92,2.924706915,
0.000307,0,,0.000307,0.001217,2.92,2.930602912,
0.000308,0,,0.000308,0.001218,2.96,2.936481657,
0.000309,-0.04,,0.000309,0.001219,2.96,2.9423432,
0.000310,0,,0.00031,0.00122,2.96,2.948187591,
0.000311,0,,0.000311,0.001221,2.96,2.954014882,
0.000312,-0.04,,0.000312,0.001222,2.96,2.959825121,
0.000313,-0.04,,0.000313,0.001223,3,2.96561836,
0.000314,0,,0.000314,0.001224,3,2.971394646,
0.000315,-0.04,,0.000315,0.001225,3,2.977154031,
0.000316,0,,0.000316,0.001226,3,2.982896564,
0.000317,0,,0.000317,0.001227,3,2.988622294,
0.000318,0,,0.000318,0.001228,3,2.994331269,
0.000319,0,,0.000319,0.001229,3,3.00002354,
0.000320,0,,0.00032,0.00123,3.04,3.005699155,
0.000321,0,,0.000321,0.001231,3.04,3.011358162,
0.000322,0,,0.000322,0.001232,3.04,3.017000611,
0.000323,0,,0.000323,0.001233,3.04,3.02262655,
0.000324,0,,0.000324,0.001234,3.04,3.028236026,
0.000325,0,,0.000325,0.001235,3.04,3.033829089,
0.000326,0,,0.000326,0.001236,3.04,3.039405787,
0.000327,0,,0.000327,0.001237,3.08,3.044966166,
0.000328,0,,0.000328,0.001238,3.04,3.050510275,
0.000329,0,,0.000329,0.001239,3.08,3.056038162,
0.000330,0,,0.00033,0.00124,3.08,3.061549874,
0.000331,0,,0.000331,0.001241,3.08,3.067045458,
0.000332,-0.04,,0.000332,0.001242,3.08,3.072524962,
0.000333,0,,0.000333,0.001243,3.08,3.077988432,
0.000334,0,,0.000334,0.001244,3.08,3.083435916,
0.000335,0,,0.000335,0.001245,3.08,3.08886746,
0.000336,-0.04,,0.000336,0.001246,3.12,3.094283111,
0.000337,0,,0.000337,0.001247,3.12,3.099682916,
0.000338,0,,0.000338,0.001248,3.12,3.10506692,
0.000339,0,,0.000339,0.001249,3.12,3.11043517,
0.000340,0,,0.00034,0.00125,3.12,3.115787712,
0.000341,-0.04,,0.000341,0.001251,3.16,3.121124593,
0.000342,-0.04,,0.000342,0.001252,3.12,3.126445857,
0.000343,-0.04,,0.000343,0.001253,3.16,3.131751551,
0.000344,0,,0.000344,0.001254,3.12,3.13704172,
0.000345,0,,0.000345,0.001255,3.16,3.142316409,
0.000346,0,,0.000346,0.001256,3.16,3.147575665,
0.000347,0,,0.000347,0.001257,3.16,3.152819531,
0.000348,0,,0.000348,0.001258,3.2,3.158048054,
0.000349,0,,0.000349,0.001259,3.16,3.163261277,
0.000350,0,,0.00035,0.00126,3.16,3.168459247,
0.000351,0,,0.000351,0.001261,3.16,3.173642006,
0.000352,0,,0.000352,0.001262,3.2,3.178809601,
0.000353,0,,0.000353,0.001263,3.16,3.183962074,
0.000354,0,,0.000354,0.001264,3.2,3.189099472,
0.000355,0,,0.000355,0.001265,3.2,3.194221836,
0.000356,0,,0.000356,0.001266,3.2,3.199329213,
0.000357,0,,0.000357,0.001267,3.2,3.204421645,
0.000358,0,,0.000358,0.001268,3.2,3.209499176,
0.000359,0,,0.000359,0.001269,3.2,3.214561849,
0.000360,0,,0.00036,0.00127,3.24,3.219609709,
0.000361,0,,0.000361,0.001271,3.24,3.224642799,
0.000362,-0.04,,0.000362,0.001272,3.2,3.229661162,
0.000363,-0.04,,0.000363,0.001273,3.24,3.23466484,
0.000364,0,,0.000364,0.001274,3.24,3.239653877,
0.000365,0,,0.000365,0.001275,3.24,3.244628316,
0.000366,-0.04,,0.000366,0.001276,3.28,3.249588199,
0.000367,0,,0.000367,0.001277,3.28,3.25453357,
0.000368,0,,0.000368,0.001278,3.24,3.25946447,
0.000369,0,,0.000369,0.001279,3.28,3.264380941,
0.000370,0,,0.00037,0.00128,3.28,3.269283027,
0.000371,0,,0.000371,0.001281,3.28,3.274170769,
0.000372,0,,0.000372,0.001282,3.28,3.279044209,
0.000373,0,,0.000373,0.001283,3.28,3.283903389,
0.000374,0,,0.000374,0.001284,3.28,3.28874835,
0.000375,-0.04,,0.000375,0.001285,3.28,3.293579135,
0.000376,0,,0.000376,0.001286,3.28,3.298395785,
0.000377,0,,0.000377,0.001287,3.28,3.303198341,
0.000378,0,,0.000378,0.001288,3.32,3.307986844,
0.000379,0,,0.000379,0.001289,3.32,3.312761336,
0.000380,0,,0.00038,0.00129,3.32,3.317521857,
0.000381,0,,0.000381,0.001291,3.32,3.322268448,
0.000382,0,,0.000382,0.001292,3.32,3.327001151,
0.000383,-0.04,,0.000383,0.001293,3.36,3.331720006,
0.000384,0,,0.000384,0.001294,3.36,3.336425052,
0.000385,-0.04,,0.000385,0.001295,3.36,3.341116332,
0.000386,0,,0.000386,0.001296,3.32,3.345793884,
0.000387,0,,0.000387,0.001297,3.36,3.35045775,
0.000388,0,,0.000388,0.001298,3.36,3.355107968,
0.000389,0,,0.000389,0.001299,3.36,3.35974458,
0.000390,0,,0.00039,0.0013,3.36,3.364367625,
0.000391,0,,0.000391,0.001301,3.36,3.368977142,
0.000392,0,,0.000392,0.001302,3.36,3.373573172,
0.000393,-0.04,,0.000393,0.001303,3.4,3.378155753,
0.000394,0,,0.000394,0.001304,3.4,3.382724926,
0.000395,0,,0.000395,0.001305,3.36,3.387280728,
0.000396,0.04,,0.000396,0.001306,3.4,3.3918232,
0.000397,0,,0.000397,0.001307,3.4,3.396352381,
0.000398,-0.04,,0.000398,0.001308,3.4,3.400868308,
0.000399,0,,0.000399,0.001309,3.44,3.405371022,
0.000400,-0.04,,0.0004,0.00131,3.4,3.409860561,
0.000401,0,,0.000401,0.001311,3.4,3.414336962,
0.000402,0,,0.000402,0.001312,3.44,3.418800266,
0.000403,0,,0.000403,0.001313,3.44,3.423250509,
0.000404,0,,0.000404,0.001314,3.44,3.427687731,
0.000405,0,,0.000405,0.001315,3.44,3.432111969,
0.000406,0,,0.000406,0.001316,3.44,3.436523262,
0.000407,0,,0.000407,0.001317,3.44,3.440921646,
0.000408,0,,0.000408,0.001318,3.44,3.445307161,
0.000409,0,,0.000409,0.001319,3.48,3.449679844,
0.000410,-0.04,,0.00041,0.00132,3.44,3.454039731,
0.000411,-0.04,,0.000411,0.001321,3.48,3.458386862,
0.000412,0,,0.000412,0.001322,3.48,3.462721272,
0.000413,-0.04,,0.000413,0.001323,3.48,3.467042999,
0.000414,0,,0.000414,0.001324,3.48,3.471352081,
0.000415,-0.04,,0.000415,0.001325,3.48,3.475648554,
0.000416,0,,0.000416,0.001326,3.48,3.479932455,
0.000417,-0.04,,0.000417,0.001327,3.48,3.484203822,
0.000418,0,,0.000418,0.001328,3.48,3.48846269,
0.000419,-0.04,,0.000419,0.001329,3.48,3.492709096,
0.000420,0,,0.00042,0.00133,3.52,3.496943077,
0.000421,0,,0.000421,0.001331,3.48,3.501164669,
0.000422,0,,0.000422,0.001332,3.52,3.505373908,
0.000423,0,,0.000423,0.001333,3.52,3.509570831,
0.000424,-0.04,,0.000424,0.001334,3.52,3.513755473,
0.000425,0,,0.000425,0.001335,3.52,3.517927871,
0.000426,0,,0.000426,0.001336,3.52,3.52208806,
0.000427,0,,0.000427,0.001337,3.52,3.526236076,
0.000428,0,,0.000428,0.001338,3.52,3.530371954,
0.000429,0,,0.000429,0.001339,3.56,3.534495731,
0.000430,0,,0.00043,0.00134,3.56,3.538607441,
0.000431,0,,0.000431,0.001341,3.56,3.54270712,
0.000432,0,,0.000432,0.001342,3.52,3.546794803,
0.000433,0,,0.000433,0.001343,3.56,3.550870525,
0.000434,0,,0.000434,0.001344,3.56,3.554934321,
0.000435,0,,0.000435,0.001345,3.6,3.558986227,
0.000436,0,,0.000436,0.001346,3.56,3.563026276,
0.000437,0,,0.000437,0.001347,3.56,3.567054504,
0.000438,0.04,,0.000438,0.001348,3.56,3.571070944,
0.000439,0,,0.000439,0.001349,3.6,3.575075633,
0.000440,-0.04,,0.00044,0.00135,3.6,3.579068603,
0.000441,0,,0.000441,0.001351,3.6,3.58304989,
0.000442,0,,0.000442,0.001352,3.6,3.587019527,
0.000443,0,,0.000443,0.001353,3.56,3.590977549,
0.000444,0,,0.000444,0.001354,3.6,3.594923989,
0.000445,0,,0.000445,0.001355,3.6,3.598858882,
0.000446,0,,0.000446,0.001356,3.6,3.602782261,
0.000447,0,,0.000447,0.001357,3.6,3.606694159,
0.000448,0,,0.000448,0.001358,3.6,3.610594612,
0.000449,0,,0.000449,0.001359,3.6,3.614483651,
0.000450,-0.04,,0.00045,0.00136,3.64,3.618361311,
0.000451,-0.04,,0.000451,0.001361,3.64,3.622227624,
0.000452,0,,0.000452,0.001362,3.64,3.626082624,
0.000453,0,,0.000453,0.001363,3.64,3.629926345,
0.000454,0,,0.000454,0.001364,3.64,3.633758818,
0.000455,0,,0.000455,0.001365,3.64,3.637580077,
0.000456,0,,0.000456,0.001366,3.64,3.641390155,
0.000457,0,,0.000457,0.001367,3.64,3.645189084,
0.000458,-0.04,,0.000458,0.001368,3.64,3.648976897,
0.000459,0,,0.000459,0.001369,3.64,3.652753627,
0.000460,0,,0.00046,0.00137,3.64,3.656519306,
0.000461,0,,0.000461,0.001371,3.64,3.660273967,
0.000462,0,,0.000462,0.001372,3.64,3.66401764,
0.000463,0,,0.000463,0.001373,3.64,3.66775036,
0.000464,0,,0.000464,0.001374,3.64,3.671472157,
0.000465,0,,0.000465,0.001375,3.68,3.675183065,
0.000466,0,,0.000466,0.001376,3.64,3.678883113,
0.000467,0,,0.000467,0.001377,3.68,3.682572336,
0.000468,0,,0.000468,0.001378,3.68,3.686250763,
0.000469,0,,0.000469,0.001379,3.68,3.689918427,
0.000470,0,,0.00047,0.00138,3.68,3.693575359,
0.000471,0,,0.000471,0.001381,3.68,3.69722159,
0.000472,0,,0.000472,0.001382,3.72,3.700857153,
0.000473,0,,0.000473,0.001383,3.72,3.704482077,
0.000474,0,,0.000474,0.001384,3.72,3.708096395,
0.000475,0,,0.000475,0.001385,3.72,3.711700137,
0.000476,0,,0.000476,0.001386,3.72,3.715293334,
0.000477,0,,0.000477,0.001387,3.68,3.718876017,
0.000478,0,,0.000478,0.001388,3.72,3.722448217,
0.000479,0,,0.000479,0.001389,3.72,3.726009965,
0.000480,0,,0.00048,0.00139,3.72,3.72956129,
0.000481,0,,0.000481,0.001391,3.76,3.733102224,
0.000482,0,,0.000482,0.001392,3.72,3.736632797,
0.000483,0,,0.000483,0.001393,3.76,3.74015304,
0.000484,0,,0.000484,0.001394,3.72,3.743662982,
0.000485,-0.04,,0.000485,0.001395,3.76,3.747162653,
0.000486,0,,0.000486,0.001396,3.76,3.750652084,
0.000487,0,,0.000487,0.001397,3.76,3.754131305,
0.000488,0,,0.000488,0.001398,3.76,3.757600346,
0.000489,0,,0.000489,0.001399,3.76,3.761059236,
0.000490,0,,0.00049,0.0014,3.8,3.764508004,
0.000491,0,,0.000491,0.001401,3.76,3.767946682,
0.000492,-0.04,,0.000492,0.001402,3.76,3.771375298,
0.000493,0,,0.000493,0.001403,3.76,3.774793881,
0.000494,0,,0.000494,0.001404,3.76,3.778202461,
0.000495,0,,0.000495,0.001405,3.76,3.781601068,
0.000496,0,,0.000496,0.001406,3.8,3.78498973,
0.000497,0,,0.000497,0.001407,3.76,3.788368476,
0.000498,0,,0.000498,0.001408,3.8,3.791737336,
0.000499,0,,0.000499,0.001409,3.8,3.795096338,
0.000500,0,,0.0005,0.00141,3.8,3.798445512,
0.000501,0,,0.000501,0.001411,3.8,3.801784886,
0.000502,-0.04,,0.000502,0.001412,3.8,3.805114489,
0.000503,0,,0.000503,0.001413,3.8,3.808434349,
0.000504,0,,0.000504,0.001414,3.84,3.811744494,
0.000505,0,,0.000505,0.001415,3.84,3.815044954,
0.000506,0,,0.000506,0.001416,3.84,3.818335757,
0.000507,0,,0.000507,0.001417,3.84,3.821616931,
0.000508,0,,0.000508,0.001418,3.8,3.824888503,
0.000509,0,,0.000509,0.001419,3.84,3.828150503,
0.000510,0,,0.00051,0.00142,3.84,3.831402958,
0.000511,0,,0.000511,0.001421,3.84,3.834645896,
0.000512,-0.04,,0.000512,0.001422,3.84,3.837879345,
0.000513,0,,0.000513,0.001423,3.84,3.841103332,
0.000514,0,,0.000514,0.001424,3.84,3.844317886,
0.000515,0,,0.000515,0.001425,3.84,3.847523034,
0.000516,0,,0.000516,0.001426,3.84,3.850718804,
0.000517,0,,0.000517,0.001427,3.84,3.853905222,
0.000518,0,,0.000518,0.001428,3.84,3.857082317,
0.000519,0,,0.000519,0.001429,3.84,3.860250115,
0.000520,0,,0.00052,0.00143,3.84,3.863408644,
0.000521,0,,0.000521,0.001431,3.84,3.866557931,
0.000522,0,,0.000522,0.001432,3.88,3.869698003,
0.000523,-0.04,,0.000523,0.001433,3.88,3.872828887,
0.000524,0,,0.000524,0.001434,3.88,3.87595061,
0.000525,0,,0.000525,0.001435,3.88,3.879063198,
0.000526,0,,0.000526,0.001436,3.92,3.882166679,
0.000527,0,,0.000527,0.001437,3.88,3.885261078,
0.000528,0,,0.000528,0.001438,3.88,3.888346423,
0.000529,0,,0.000529,0.001439,3.88,3.891422741,
0.000530,0,,0.00053,0.00144,3.88,3.894490056,
0.000531,0,,0.000531,0.001441,3.88,3.897548397,
0.000532,0,,0.000532,0.001442,3.92,3.900597788,
0.000533,0,,0.000533,0.001443,3.92,3.903638257,
0.000534,0,,0.000534,0.001444,3.88,3.90666983,
0.000535,0,,0.000535,0.001445,3.92,3.909692531,
0.000536,0,,0.000536,0.001446,3.92,3.912706388,
0.000537,0,,0.000537,0.001447,3.92,3.915711426,
0.000538,0,,0.000538,0.001448,3.92,3.918707672,
0.000539,0,,0.000539,0.001449,3.92,3.92169515,
0.000540,0,,0.00054,0.00145,3.96,3.924673886,
0.000541,0,,0.000541,0.001451,3.92,3.927643906,
0.000542,0,,0.000542,0.001452,3.92,3.930605236,
0.000543,0,,0.000543,0.001453,3.92,3.933557901,
0.000544,0,,0.000544,0.001454,3.92,3.936501926,
0.000545,0,,0.000545,0.001455,3.92,3.939437337,
0.000546,0,,0.000546,0.001456,3.92,3.942364159,
0.000547,0,,0.000547,0.001457,3.92,3.945282416,
0.000548,0,,0.000548,0.001458,3.96,3.948192134,
0.000549,0,,0.000549,0.001459,3.92,3.951093339,
0.000550,-0.04,,0.00055,0.00146,3.96,3.953986054,
0.000551,0,,0.000551,0.001461,3.96,3.956870305,
0.000552,0,,0.000552,0.001462,3.96,3.959746116,
0.000553,0,,0.000553,0.001463,3.96,3.962613513,
0.000554,0,,0.000554,0.001464,3.96,3.965472519,
0.000555,0,,0.000555,0.001465,3.96,3.96832316,
0.000556,0,,0.000556,0.001466,3.96,3.971165459,
0.000557,0,,0.000557,0.001467,3.96,3.973999442,
0.000558,0,,0.000558,0.001468,3.96,3.976825132,
0.000559,-0.04,,0.000559,0.001469,3.96,3.979642554,
0.000560,-0.04,,0.00056,0.00147,4,3.982451732,
0.000561,0,,0.000561,0.001471,4,3.98525269,
0.000562,0,,0.000562,0.001472,4,3.988045453,
0.000563,0,,0.000563,0.001473,4,3.990830044,
0.000564,0,,0.000564,0.001474,4,3.993606486,
0.000565,0,,0.000565,0.001475,4,3.996374805,
0.000566,0,,0.000566,0.001476,4,3.999135023,
0.000567,0,,0.000567,0.001477,4,4.001887165,
0.000568,0,,0.000568,0.001478,4,4.004631254,
0.000569,0,,0.000569,0.001479,4,4.007367313,
0.000570,0,,0.00057,0.00148,4,4.010095366,
0.000571,-0.04,,0.000571,0.001481,4,4.012815437,
0.000572,0,,0.000572,0.001482,4,4.015527549,
0.000573,0,,0.000573,0.001483,4,4.018231725,
0.000574,0,,0.000574,0.001484,4,4.020927989,
0.000575,0,,0.000575,0.001485,4,4.023616362,
0.000576,0,,0.000576,0.001486,4.04,4.02629687,
0.000577,0,,0.000577,0.001487,4,4.028969534,
0.000578,-0.04,,0.000578,0.001488,4,4.031634378,
0.000579,0,,0.000579,0.001489,4,4.034291424,
0.000580,0,,0.00058,0.00149,4,4.036940696,
0.000581,0,,0.000581,0.001491,4.04,4.039582215,
0.000582,0,,0.000582,0.001492,4.04,4.042216005,
0.000583,0,,0.000583,0.001493,4.04,4.044842089,
0.000584,0,,0.000584,0.001494,4.04,4.047460489,
0.000585,0,,0.000585,0.001495,4.04,4.050071226,
0.000586,0,,0.000586,0.001496,4.04,4.052674325,
0.000587,0,,0.000587,0.001497,4.08,4.055269807,
0.000588,0,,0.000588,0.001498,4.04,4.057857694,
0.000589,0,,0.000589,0.001499,4.08,4.060438009,
0.000590,-0.04,,0.00059,0.0015,4.04,4.063010774,
0.000591,0,,0.000591,0.001501,4.04,4.06557601,
0.000592,0,,0.000592,0.001502,4.04,4.068133741,
0.000593,0,,0.000593,0.001503,4.04,4.070683987,
0.000594,0,,0.000594,0.001504,4.08,4.073226772,
0.000595,0,,0.000595,0.001505,4.08,4.075762115,
0.000596,0,,0.000596,0.001506,4.08,4.078290041,
0.000597,0,,0.000597,0.001507,4.08,4.080810569,
0.000598,0,,0.000598,0.001508,4.08,4.083323722,
0.000599,0,,0.000599,0.001509,4.08,4.085829522,
0.000600,-0.04,,0.0006,0.00151,4.08,4.088327989,
0.000601,-0.04,,0.000601,0.001511,4.08,4.090819146,
0.000602,-0.04,,0.000602,0.001512,4.08,4.093303013,
0.000603,-0.04,,0.000603,0.001513,4.08,4.095779612,
0.000604,-0.04,,0.000604,0.001514,4.08,4.098248965,
0.000605,0,,0.000605,0.001515,4.08,4.100711092,
0.000606,-0.04,,0.000606,0.001516,4.08,4.103166015,
0.000607,0,,0.000607,0.001517,4.08,4.105613754,
0.000608,0,,0.000608,0.001518,4.12,4.108054331,
0.000609,0,,0.000609,0.001519,4.12,4.110487767,
0.000610,0,,0.00061,0.00152,4.12,4.112914083,
0.000611,0,,0.000611,0.001521,4.12,4.115333298,
0.000612,0,,0.000612,0.001522,4.12,4.117745435,
0.000613,0,,0.000613,0.001523,4.12,4.120150514,
0.000614,0,,0.000614,0.001524,4.12,4.122548556,
0.000615,0,,0.000615,0.001525,4.12,4.124939581,
0.000616,0,,0.000616,0.001526,4.12,4.127323609,
0.000617,0,,0.000617,0.001527,4.12,4.129700662,
0.000618,0,,0.000618,0.001528,4.12,4.132070759,
0.000619,0,,0.000619,0.001529,4.12,4.134433921,
0.000620,0,,0.00062,0.00153,4.12,4.136790168,
0.000621,0,,0.000621,0.001531,4.12,4.139139521,
0.000622,0,,0.000622,0.001532,4.12,4.141481999,
0.000623,-0.04,,0.000623,0.001533,4.12,4.143817623,
0.000624,0,,0.000624,0.001534,4.16,4.146146413,
0.000625,0,,0.000625,0.001535,4.16,4.148468389,
0.000626,0,,0.000626,0.001536,4.16,4.15078357,
0.000627,0,,0.000627,0.001537,4.16,4.153091977,
0.000628,0,,0.000628,0.001538,4.16,4.15539363,
0.000629,0,,0.000629,0.001539,4.16,4.157688547,
0.000630,0,,0.00063,0.00154,4.16,4.15997675,
0.000631,0,,0.000631,0.001541,4.16,4.162258257,
0.000632,0,,0.000632,0.001542,4.16,4.164533088,
0.000633,0,,0.000633,0.001543,4.16,4.166801263,
0.000634,0,,0.000634,0.001544,4.16,4.169062801,
0.000635,0,,0.000635,0.001545,4.16,4.171317722,
0.000636,0,,0.000636,0.001546,4.16,4.173566044,
0.000637,0,,0.000637,0.001547,4.2,4.175807788,
0.000638,0,,0.000638,0.001548,4.16,4.178042973,
0.000639,0,,0.000639,0.001549,4.16,4.180271617,
0.000640,0,,0.00064,0.00155,4.16,4.182493739,
0.000641,0,,0.000641,0.001551,4.16,4.18470936,
0.000642,0,,0.000642,0.001552,4.2,4.186918498,
0.000643,0,,0.000643,0.001553,4.2,4.189121171,
0.000644,0,,0.000644,0.001554,4.2,4.1913174,
0.000645,0,,0.000645,0.001555,4.2,4.193507202,
0.000646,0,,0.000646,0.001556,4.2,4.195690596,
0.000647,0,,0.000647,0.001557,4.2,4.197867602,
0.000648,0,,0.000648,0.001558,4.16,4.200038238,
0.000649,0,,0.000649,0.001559,4.2,4.202202522,
0.000650,0,,0.00065,0.00156,4.2,4.204360474,
0.000651,0,,0.000651,0.001561,4.2,4.206512111,
0.000652,0,,0.000652,0.001562,4.2,4.208657452,
0.000653,0,,0.000653,0.001563,4.2,4.210796516,
0.000654,0,,0.000654,0.001564,4.2,4.21292932,
0.000655,0,,0.000655,0.001565,4.2,4.215055884,
0.000656,0,,0.000656,0.001566,4.2,4.217176226,
0.000657,0,,0.000657,0.001567,4.2,4.219290363,
0.000658,-0.04,,0.000658,0.001568,4.2,4.221398314,
0.000659,0,,0.000659,0.001569,4.24,4.223500097,
0.000660,0,,0.00066,0.00157,4.24,4.225595731,
0.000661,0,,0.000661,0.001571,4.24,4.227685232,
0.000662,-0.04,,0.000662,0.001572,4.24,4.229768619,
0.000663,0,,0.000663,0.001573,4.24,4.23184591,
0.000664,0,,0.000664,0.001574,4.24,4.233917123,
0.000665,0,,0.000665,0.001575,4.24,4.235982275,
0.000666,0,,0.000666,0.001576,4.24,4.238041384,
0.000667,-0.04,,0.000667,0.001577,4.24,4.240094468,
0.000668,0,,0.000668,0.001578,4.24,4.242141545,
0.000669,0,,0.000669,0.001579,4.24,4.244182632,
0.000670,-0.04,,0.00067,0.00158,4.24,4.246217747,
0.000671,0,,0.000671,0.001581,4.24,4.248246906,
0.000672,0,,0.000672,0.001582,4.24,4.250270129,
0.000673,0,,0.000673,0.001583,4.24,4.252287431,
0.000674,0,,0.000674,0.001584,4.28,4.25429883,
0.000675,0,,0.000675,0.001585,4.24,4.256304344,
0.000676,0,,0.000676,0.001586,4.24,4.258303989,
0.000677,0,,0.000677,0.001587,4.24,4.260297784,
0.000678,0,,0.000678,0.001588,4.24,4.262285744,
0.000679,-0.04,,0.000679,0.001589,4.28,4.264267888,
0.000680,0,,0.00068,0.00159,4.28,4.266244231,
0.000681,0,,0.000681,0.001591,4.28,4.268214792,
0.000682,0,,0.000682,0.001592,4.28,4.270179587,
0.000683,0,,0.000683,0.001593,4.28,4.272138632,
0.000684,0,,0.000684,0.001594,4.28,4.274091945,
0.000685,0,,0.000685,0.001595,4.28,4.276039543,
0.000686,-0.04,,0.000686,0.001596,4.28,4.277981442,
0.000687,0,,0.000687,0.001597,4.28,4.279917659,
0.000688,0,,0.000688,0.001598,4.28,4.28184821,
0.000689,0,,0.000689,0.001599,4.28,4.283773112,
0.000690,0,,0.00069,0.0016,4.28,4.285692382,
0.000691,0,,0.000691,0.001601,4.28,4.287606036,
0.000692,0,,0.000692,0.001602,4.28,4.289514091,
0.000693,0,,0.000693,0.001603,4.28,4.291416562,
0.000694,0,,0.000694,0.001604,4.28,4.293313467,
0.000695,0,,0.000695,0.001605,4.28,4.295204821,
0.000696,0,,0.000696,0.001606,4.28,4.297090641,
0.000697,0,,0.000697,0.001607,4.28,4.298970943,
0.000698,-0.04,,0.000698,0.001608,4.28,4.300845743,
0.000699,0,,0.000699,0.001609,4.28,4.302715057,
0.000700,0,,0.0007,0.00161,4.28,4.304578901,
0.000701,0,,0.000701,0.001611,4.28,4.306437292,
0.000702,0,,0.000702,0.001612,4.28,4.308290245,
0.000703,0,,0.000703,0.001613,4.32,4.310137776,
0.000704,0,,0.000704,0.001614,4.28,4.311979901,
0.000705,0,,0.000705,0.001615,4.32,4.313816635,
0.000706,0,,0.000706,0.001616,4.28,4.315647996,
0.000707,-0.04,,0.000707,0.001617,4.28,4.317473998,
0.000708,0,,0.000708,0.001618,4.32,4.319294656,
0.000709,0,,0.000709,0.001619,4.32,4.321109987,
0.000710,-0.04,,0.00071,0.00162,4.28,4.322920007,
0.000711,-0.04,,0.000711,0.001621,4.28,4.32472473,
0.000712,0,,0.000712,0.001622,4.32,4.326524173,
0.000713,0,,0.000713,0.001623,4.32,4.32831835,
0.000714,0,,0.000714,0.001624,4.28,4.330107277,
0.000715,0,,0.000715,0.001625,4.32,4.33189097,
0.000716,0,,0.000716,0.001626,4.32,4.333669443,
0.000717,0,,0.000717,0.001627,4.32,4.335442713,
0.000718,0,,0.000718,0.001628,4.32,4.337210794,
0.000719,-0.04,,0.000719,0.001629,4.32,4.338973701,
0.000720,0,,0.00072,0.00163,4.32,4.34073145,
0.000721,0,,0.000721,0.001631,4.28,4.342484056,
0.000722,0,,0.000722,0.001632,4.32,4.344231533,
0.000723,0,,0.000723,0.001633,4.36,4.345973898,
0.000724,0,,0.000724,0.001634,4.32,4.347711163,
0.000725,0,,0.000725,0.001635,4.32,4.349443346,
0.000726,0,,0.000726,0.001636,4.36,4.35117046,
0.000727,0,,0.000727,0.001637,4.36,4.35289252,
0.000728,0,,0.000728,0.001638,4.36,4.354609542,
0.000729,0,,0.000729,0.001639,4.32,4.356321539,
0.000730,0,,0.00073,0.00164,4.36,4.358028527,
0.000731,-0.04,,0.000731,0.001641,4.36,4.35973052,
0.000732,0,,0.000732,0.001642,4.36,4.361427533,
0.000733,-0.04,,0.000733,0.001643,4.36,4.363119581,
0.000734,0,,0.000734,0.001644,4.36,4.364806677,
0.000735,0,,0.000735,0.001645,4.36,4.366488837,
0.000736,0,,0.000736,0.001646,4.36,4.368166074,
0.000737,0,,0.000737,0.001647,4.36,4.369838404,
0.000738,0,,0.000738,0.001648,4.36,4.371505841,
0.000739,0,,0.000739,0.001649,4.36,4.373168399,
0.000740,0,,0.00074,0.00165,4.36,4.374826091,
0.000741,0,,0.000741,0.001651,4.36,4.376478934,
0.000742,-0.04,,0.000742,0.001652,4.36,4.378126939,
0.000743,0,,0.000743,0.001653,4.36,4.379770123,
0.000744,-0.04,,0.000744,0.001654,4.36,4.381408499,
0.000745,0,,0.000745,0.001655,4.32,4.38304208,
0.000746,0,,0.000746,0.001656,4.36,4.384670882,
0.000747,0,,0.000747,0.001657,4.4,4.386294918,
0.000748,0,,0.000748,0.001658,4.4,4.387914201,
0.000749,-0.04,,0.000749,0.001659,4.4,4.389528747,
0.000750,-0.04,,0.00075,0.00166,4.4,4.391138568,
0.000751,0,,0.000751,0.001661,4.4,4.392743679,
0.000752,-0.04,,0.000752,0.001662,4.4,4.394344093,
0.000753,0,,0.000753,0.001663,4.4,4.395939824,
0.000754,0,,0.000754,0.001664,4.4,4.397530886,
0.000755,0,,0.000755,0.001665,4.4,4.399117292,
0.000756,-0.04,,0.000756,0.001666,4.4,4.400699057,
0.000757,0,,0.000757,0.001667,4.4,4.402276193,
0.000758,0,,0.000758,0.001668,4.36,4.403848714,
0.000759,0,,0.000759,0.001669,4.4,4.405416634,
0.000760,0,,0.00076,0.00167,4.4,4.406979966,
0.000761,0,,0.000761,0.001671,4.4,4.408538724,
0.000762,0,,0.000762,0.001672,4.4,4.410092921,
0.000763,0,,0.000763,0.001673,4.4,4.41164257,
0.000764,0,,0.000764,0.001674,4.4,4.413187684,
0.000765,0,,0.000765,0.001675,4.4,4.414728278,
0.000766,0,,0.000766,0.001676,4.4,4.416264363,
0.000767,0,,0.000767,0.001677,4.4,4.417795954,
0.000768,-0.04,,0.000768,0.001678,4.4,4.419323063,
0.000769,0,,0.000769,0.001679,4.4,4.420845704,
0.000770,0,,0.00077,0.00168,4.4,4.42236389,
0.000771,0,,0.000771,0.001681,4.44,4.423877633,
0.000772,0,,0.000772,0.001682,4.4,4.425386947,
0.000773,0,,0.000773,0.001683,4.4,4.426891844,
0.000774,0,,0.000774,0.001684,4.44,4.428392338,
0.000775,0,,0.000775,0.001685,4.44,4.429888442,
0.000776,-0.04,,0.000776,0.001686,4.44,4.431380168,
0.000777,0,,0.000777,0.001687,4.4,4.432867528,
0.000778,0,,0.000778,0.001688,4.4,4.434350537,
0.000779,0,,0.000779,0.001689,4.44,4.435829207,
0.000780,0,,0.00078,0.00169,4.44,4.437303549,
0.000781,0,,0.000781,0.001691,4.44,4.438773578,
0.000782,-0.04,,0.000782,0.001692,4.44,4.440239305,
0.000783,0,,0.000783,0.001693,4.44,4.441700744,
0.000784,0,,0.000784,0.001694,4.44,4.443157906,
0.000785,0,,0.000785,0.001695,4.44,4.444610804,
0.000786,0,,0.000786,0.001696,4.44,4.446059451,
0.000787,-0.04,,0.000787,0.001697,4.44,4.447503859,
0.000788,0,,0.000788,0.001698,4.44,4.448944041,
0.000789,-0.04,,0.000789,0.001699,4.44,4.450380009,
0.000790,0,,0.00079,0.0017,4.44,4.451811775,
0.000791,-0.04,,0.000791,0.001701,4.44,4.453239352,
0.000792,0,,0.000792,0.001702,4.44,4.454662751,
0.000793,0,,0.000793,0.001703,4.44,4.456081985,
0.000794,0,,0.000794,0.001704,4.44,4.457497067,
0.000795,0,,0.000795,0.001705,4.44,4.458908008,
0.000796,0,,0.000796,0.001706,4.44,4.46031482,
0.000797,-0.04,,0.000797,0.001707,4.44,4.461717516,
0.000798,0,,0.000798,0.001708,4.44,4.463116108,
0.000799,-0.04,,0.000799,0.001709,4.48,4.464510607,
0.000800,0,,0.0008,0.00171,4.48,4.465901026,
0.000801,-0.04,,0.000801,0.001711,4.48,4.467287376,
0.000802,0,,0.000802,0.001712,4.44,4.46866967,
0.000803,0,,0.000803,0.001713,4.44,4.470047919,
0.000804,0,,0.000804,0.001714,4.48,4.471422135,
0.000805,0,,0.000805,0.001715,4.48,4.472792331,
0.000806,-0.04,,0.000806,0.001716,4.44,4.474158516,
0.000807,0,,0.000807,0.001717,4.44,4.475520705,
0.000808,0,,0.000808,0.001718,4.48,4.476878907,
0.000809,-0.04,,0.000809,0.001719,4.48,4.478233135,
0.000810,0,,0.00081,0.00172,4.48,4.479583401,
0.000811,0,,0.000811,0.001721,4.48,4.480929716,
0.000812,0,,0.000812,0.001722,4.48,4.482272091,
0.000813,0,,0.000813,0.001723,4.48,4.483610539,
0.000814,0,,0.000814,0.001724,4.44,4.48494507,
0.000815,0,,0.000815,0.001725,4.48,4.486275696,
0.000816,0,,0.000816,0.001726,4.48,4.487602428,
0.000817,0,,0.000817,0.001727,4.48,4.488925279,
0.000818,0,,0.000818,0.001728,4.48,4.490244259,
0.000819,0,,0.000819,0.001729,4.48,4.491559379,
0.000820,0,,0.00082,0.00173,4.48,4.492870651,
0.000821,0,,0.000821,0.001731,4.52,4.494178086,
0.000822,0,,0.000822,0.001732,4.48,4.495481696,
0.000823,0,,0.000823,0.001733,4.48,4.496781491,
0.000824,0,,0.000824,0.001734,4.48,4.498077483,
0.000825,0,,0.000825,0.001735,4.52,4.499369683,
0.000826,0,,0.000826,0.001736,4.48,4.500658101,
0.000827,0,,0.000827,0.001737,4.48,4.50194275,
0.000828,0,,0.000828,0.001738,4.48,4.503223639,
0.000829,0,,0.000829,0.001739,4.52,4.504500781,
0.000830,0,,0.00083,0.00174,4.52,4.505774186,
0.000831,0,,0.000831,0.001741,4.52,4.507043864,
0.000832,0,,0.000832,0.001742,4.48,4.508309828,
0.000833,0,,0.000833,0.001743,4.52,4.509572087,
0.000834,0,,0.000834,0.001744,4.48,4.510830653,
0.000835,-0.04,,0.000835,0.001745,4.48,4.512085536,
0.000836,-0.04,,0.000836,0.001746,4.52,4.513336747,
0.000837,0,,0.000837,0.001747,4.52,4.514584297,
0.000838,0,,0.000838,0.001748,4.52,4.515828196,
0.000839,0,,0.000839,0.001749,4.52,4.517068456,
0.000840,0,,0.00084,0.00175,4.52,4.518305087,
0.000841,0,,0.000841,0.001751,4.52,4.519538099,
0.000842,0,,0.000842,0.001752,4.52,4.520767503,
0.000843,0,,0.000843,0.001753,4.52,4.52199331,
0.000844,0,,0.000844,0.001754,4.52,4.523215531,
0.000845,0,,0.000845,0.001755,4.52,4.524434175,
0.000846,0,,0.000846,0.001756,4.52,4.525649253,
0.000847,0,,0.000847,0.001757,4.52,4.526860775,
0.000848,-0.04,,0.000848,0.001758,4.52,4.528068753,
0.000849,-0.04,,0.000849,0.001759,4.52,4.529273196,
0.000850,0,,0.00085,0.00176,4.52,4.530474115,
0.000851,0,,0.000851,0.001761,4.56,4.53167152,
0.000852,0,,0.000852,0.001762,4.52,4.532865421,
0.000853,-0.04,,0.000853,0.001763,4.52,4.534055828,
0.000854,0,,0.000854,0.001764,4.56,4.535242753,
0.000855,0,,0.000855,0.001765,4.56,4.536426204,
0.000856,0,,0.000856,0.001766,4.52,4.537606193,
0.000857,0,,0.000857,0.001767,4.56,4.538782729,
0.000858,-0.04,,0.000858,0.001768,4.56,4.539955822,
0.000859,0,,0.000859,0.001769,4.56,4.541125482,
0.000860,0,,0.00086,0.00177,4.56,4.54229172,
0.000861,-0.04,,0.000861,0.001771,4.52,4.543454546,
0.000862,0,,0.000862,0.001772,4.52,4.544613969,
0.000863,0,,0.000863,0.001773,4.56,4.54577,
0.000864,0,,0.000864,0.001774,4.52,4.546922648,
0.000865,0,,0.000865,0.001775,4.56,4.548071923,
0.000866,0,,0.000866,0.001776,4.56,4.549217835,
0.000867,0,,0.000867,0.001777,4.52,4.550360394,
0.000868,0,,0.000868,0.001778,4.56,4.55149961,
0.000869,0,,0.000869,0.001779,4.56,4.552635493,
0.000870,0,,0.00087,0.00178,4.56,4.553768052,
0.000871,0,,0.000871,0.001781,4.56,4.554897297,
0.000872,0,,0.000872,0.001782,4.56,4.556023238,
0.000873,0,,0.000873,0.001783,4.56,4.557145884,
0.000874,0,,0.000874,0.001784,4.56,4.558265245,
0.000875,0,,0.000875,0.001785,4.56,4.559381331,
0.000876,0,,0.000876,0.001786,4.56,4.560494151,
0.000877,-0.04,,0.000877,0.001787,4.56,4.561603715,
0.000878,0,,0.000878,0.001788,4.56,4.562710033,
0.000879,0,,0.000879,0.001789,4.56,4.563813113,
0.000880,0,,0.00088,0.00179,4.52,4.564912965,
0.000881,0,,0.000881,0.001791,4.56,4.5660096,
0.000882,0,,0.000882,0.001792,4.56,4.567103025,
0.000883,0,,0.000883,0.001793,4.56,4.568193251,
0.000884,0,,0.000884,0.001794,4.56,4.569280287,
0.000885,0,,0.000885,0.001795,4.56,4.570364142,
0.000886,0,,0.000886,0.001796,4.56,4.571444825,
0.000887,0,,0.000887,0.001797,4.56,4.572522347,
0.000888,0,,0.000888,0.001798,4.56,4.573596715,
0.000889,0,,0.000889,0.001799,4.56,4.57466794,
0.000890,0,,0.00089,0.0018,4.56,4.575736031,
0.000891,0,,0.000891,0.001801,4.6,4.576800996,
0.000892,0,,0.000892,0.001802,4.56,4.577862845,
0.000893,0,,0.000893,0.001803,4.6,4.578921587,
0.000894,0,,0.000894,0.001804,4.6,4.579977231,
0.000895,0,,0.000895,0.001805,4.56,4.581029786,
0.000896,0,,0.000896,0.001806,4.56,4.582079261,
0.000897,0,,0.000897,0.001807,4.56,4.583125665,
0.000898,0,,0.000898,0.001808,4.6,4.584169008,
0.000899,0,,0.000899,0.001809,4.56,4.585209298,
0.000900,0,,0.0009,0.00181,4.6,4.586246543,
0.000901,0,,0.000901,0.001811,4.6,4.587280754,
0.000902,0,,0.000902,0.001812,4.6,4.588311938,
0.000903,0,,0.000903,0.001813,4.6,4.589340105,
0.000904,0,,0.000904,0.001814,4.6,4.590365264,
0.000905,0,,0.000905,0.001815,4.6,4.591387423,
0.000906,0,,0.000906,0.001816,4.6,4.592406591,
0.000907,-0.04,,0.000907,0.001817,4.6,4.593422777,
0.000908,0,,0.000908,0.001818,4.6,4.594435989,
0.000909,0,,0.000909,0.001819,4.6,4.595446237,
,,,0.00091,0.00182,4.6,4.596453528,
,,,0.000911,0.001821,4.6,4.597457873,
,,,0.000912,0.001822,4.6,4.598459278,
,,,0.000913,0.001823,4.6,4.599457753,
,,,0.000914,0.001824,4.6,4.600453307,
,,,0.000915,0.001825,4.6,4.601445947,
,,,0.000916,0.001826,4.6,4.602435684,
,,,0.000917,0.001827,4.6,4.603422524,
,,,0.000918,0.001828,4.6,4.604406476,
,,,0.000919,0.001829,4.6,4.605387549,
,,,0.00092,0.00183,4.6,4.606365752,
,,,0.000921,0.001831,4.6,4.607341092,
,,,0.000922,0.001832,4.6,4.608313579,
,,,0.000923,0.001833,4.6,4.609283219,
,,,0.000924,0.001834,4.6,4.610250023,
,,,0.000925,0.001835,4.6,4.611213998,
,,,0.000926,0.001836,4.6,4.612175152,
,,,0.000927,0.001837,4.6,4.613133493,
,,,0.000928,0.001838,4.6,4.614089031,
,,,0.000929,0.001839,4.6,4.615041772,
,,,0.00093,0.00184,4.64,4.615991726,
,,,0.000931,0.001841,4.64,4.6169389,
,,,0.000932,0.001842,4.6,4.617883302,
,,,0.000933,0.001843,4.6,4.618824941,
,,,0.000934,0.001844,4.6,4.619763825,
,,,0.000935,0.001845,4.64,4.620699962,
,,,0.000936,0.001846,4.6,4.621633359,
,,,0.000937,0.001847,4.64,4.622564025,
,,,0.000938,0.001848,4.64,4.623491968,
,,,0.000939,0.001849,4.64,4.624417196,
,,,0.00094,0.00185,4.6,4.625339717,
,,,0.000941,0.001851,4.64,4.626259538,
,,,0.000942,0.001852,4.64,4.627176667,
,,,0.000943,0.001853,4.6,4.628091114,
,,,0.000944,0.001854,4.64,4.629002884,
,,,0.000945,0.001855,4.64,4.629911986,
,,,0.000946,0.001856,4.64,4.630818429,
,,,0.000947,0.001857,4.64,4.631722219,
,,,0.000948,0.001858,4.64,4.632623364,
,,,0.000949,0.001859,4.6,4.633521873,
,,,0.00095,0.00186,4.64,4.634417752,
,,,0.000951,0.001861,4.64,4.63531101,
,,,0.000952,0.001862,4.64,4.636201655,
,,,0.000953,0.001863,4.64,4.637089693,
,,,0.000954,0.001864,4.64,4.637975133,
,,,0.000955,0.001865,4.64,4.638857982,
,,,0.000956,0.001866,4.64,4.639738248,
,,,0.000957,0.001867,4.64,4.640615938,
,,,0.000958,0.001868,4.64,4.641491059,
,,,0.000959,0.001869,4.64,4.64236362,
,,,0.00096,0.00187,4.64,4.643233628,
,,,0.000961,0.001871,4.64,4.644101091,
,,,0.000962,0.001872,4.64,4.644966015,
,,,0.000963,0.001873,4.64,4.645828408,
,,,0.000964,0.001874,4.64,4.646688277,
,,,0.000965,0.001875,4.64,4.647545631,
,,,0.000966,0.001876,4.64,4.648400476,
,,,0.000967,0.001877,4.68,4.64925282,
,,,0.000968,0.001878,4.64,4.650102669,
,,,0.000969,0.001879,4.64,4.650950032,
,,,0.00097,0.00188,4.68,4.651794916,
,,,0.000971,0.001881,4.64,4.652637327,
,,,0.000972,0.001882,4.64,4.653477273,
,,,0.000973,0.001883,4.64,4.654314762,
,,,0.000974,0.001884,4.64,4.6551498,
,,,0.000975,0.001885,4.64,4.655982395,
,,,0.000976,0.001886,4.68,4.656812553,
,,,0.000977,0.001887,4.68,4.657640282,
,,,0.000978,0.001888,4.64,4.65846559,
,,,0.000979,0.001889,4.68,4.659288482,
,,,0.00098,0.00189,4.64,4.660108967,
,,,0.000981,0.001891,4.64,4.66092705,
,,,0.000982,0.001892,4.64,4.66174274,
,,,0.000983,0.001893,4.64,4.662556044,
,,,0.000984,0.001894,4.64,4.663366967,
,,,0.000985,0.001895,4.64,4.664175518,
,,,0.000986,0.001896,4.68,4.664981702,
,,,0.000987,0.001897,4.64,4.665785528,
,,,0.000988,0.001898,4.68,4.666587002,
,,,0.000989,0.001899,4.68,4.66738613,
,,,0.00099,0.0019,4.64,4.668182921,
,,,0.000991,0.001901,4.64,4.668977379,
,,,0.000992,0.001902,4.68,4.669769514,
,,,0.000993,0.001903,4.68,4.67055933,
,,,0.000994,0.001904,4.68,4.671346835,
,,,0.000995,0.001905,4.64,4.672132036,
,,,0.000996,0.001906,4.68,4.672914939,
,,,0.000997,0.001907,4.68,4.673695552,
,,,0.000998,0.001908,4.68,4.67447388,
,,,0.000999,0.001909,4.68,4.675249931,
,,,0.001,0.00191,4.64,4.676023712,
,,,0.001001,0.001911,4.64,4.676795228,
,,,0.001002,0.001912,4.68,4.677564486,
,,,0.001003,0.001913,4.68,4.678331494,
,,,0.001004,0.001914,4.68,4.679096257,
,,,0.001005,0.001915,4.68,4.679858783,
,,,0.001006,0.001916,4.68,4.680619077,
,,,0.001007,0.001917,4.68,4.681377147,
,,,0.001008,0.001918,4.68,4.682132998,
,,,0.001009,0.001919,4.68,4.682886638,
,,,0.00101,0.00192,4.68,4.683638073,
,,,0.001011,0.001921,4.68,4.684387309,
,,,0.001012,0.001922,4.68,4.685134352,
,,,0.001013,0.001923,4.68,4.68587921,
,,,0.001014,0.001924,4.68,4.686621888,
,,,0.001015,0.001925,4.68,4.687362393,
,,,0.001016,0.001926,4.68,4.688100731,
,,,0.001017,0.001927,4.68,4.688836909,
,,,0.001018,0.001928,4.68,4.689570933,
,,,0.001019,0.001929,4.68,4.690302809,
,,,0.00102,0.00193,4.68,4.691032543,
,,,0.001021,0.001931,4.68,4.691760142,
,,,0.001022,0.001932,4.68,4.692485612,
,,,0.001023,0.001933,4.68,4.69320896,
,,,0.001024,0.001934,4.68,4.69393019,
,,,0.001025,0.001935,4.68,4.694649311,
,,,0.001026,0.001936,4.68,4.695366327,
,,,0.001027,0.001937,4.68,4.696081245,
,,,0.001028,0.001938,4.68,4.696794071,
,,,0.001029,0.001939,4.68,4.697504812,
,,,0.00103,0.00194,4.72,4.698213473,
,,,0.001031,0.001941,4.68,4.69892006,
,,,0.001032,0.001942,4.72,4.699624579,
,,,0.001033,0.001943,4.68,4.700327038,
,,,0.001034,0.001944,4.68,4.70102744,
,,,0.001035,0.001945,4.72,4.701725794,
,,,0.001036,0.001946,4.68,4.702422104,
,,,0.001037,0.001947,4.68,4.703116376,
,,,0.001038,0.001948,4.68,4.703808617,
,,,0.001039,0.001949,4.68,4.704498832,
,,,0.00104,0.00195,4.68,4.705187028,
,,,0.001041,0.001951,4.72,4.70587321,
,,,0.001042,0.001952,4.68,4.706557384,
,,,0.001043,0.001953,4.72,4.707239557,
,,,0.001044,0.001954,4.72,4.707919733,
,,,0.001045,0.001955,4.72,4.708597919,
,,,0.001046,0.001956,4.72,4.70927412,
,,,0.001047,0.001957,4.72,4.709948343,
,,,0.001048,0.001958,4.68,4.710620594,
,,,0.001049,0.001959,4.72,4.711290877,
,,,0.00105,0.00196,4.68,4.711959198,
,,,0.001051,0.001961,4.72,4.712625565,
,,,0.001052,0.001962,4.72,4.713289981,
,,,0.001053,0.001963,4.72,4.713952453,
,,,0.001054,0.001964,4.72,4.714612987,
,,,0.001055,0.001965,4.68,4.715271588,
,,,0.001056,0.001966,4.68,4.715928262,
,,,0.001057,0.001967,4.72,4.716583014,
,,,0.001058,0.001968,4.72,4.717235851,
,,,0.001059,0.001969,4.72,4.717886777,
,,,0.00106,0.00197,4.72,4.718535799,
,,,0.001061,0.001971,4.72,4.719182921,
,,,0.001062,0.001972,4.72,4.71982815,
,,,0.001063,0.001973,4.72,4.720471492,
,,,0.001064,0.001974,4.72,4.72111295,
,,,0.001065,0.001975,4.72,4.721752532,
,,,0.001066,0.001976,4.72,4.722390242,
,,,0.001067,0.001977,4.72,4.723026086,
,,,0.001068,0.001978,4.72,4.72366007,
,,,0.001069,0.001979,4.72,4.724292199,
,,,0.00107,0.00198,4.72,4.724922477,
,,,0.001071,0.001981,4.72,4.725550912,
,,,0.001072,0.001982,4.72,4.726177508,
,,,0.001073,0.001983,4.72,4.72680227,
,,,0.001074,0.001984,4.72,4.727425205,
,,,0.001075,0.001985,4.72,4.728046316,
,,,0.001076,0.001986,4.72,4.72866561,
,,,0.001077,0.001987,4.72,4.729283092,
,,,0.001078,0.001988,4.72,4.729898768,
,,,0.001079,0.001989,4.72,4.730512641,
,,,0.00108,0.00199,4.72,4.731124719,
,,,0.001081,0.001991,4.72,4.731735005,
,,,0.001082,0.001992,4.72,4.732343506,
,,,0.001083,0.001993,4.72,4.732950226,
,,,0.001084,0.001994,4.72,4.733555171,
,,,0.001085,0.001995,4.72,4.734158346,
,,,0.001086,0.001996,4.72,4.734759756,
,,,0.001087,0.001997,4.76,4.735359406,
,,,0.001088,0.001998,4.72,4.735957301,
,,,0.001089,0.001999,4.72,4.736553447,
,,,0.00109,0.002,4.76,4.737147849,
,,,0.001091,0.002001,4.72,4.737740511,
,,,0.001092,0.002002,4.76,4.73833144,
,,,0.001093,0.002003,4.72,4.738920639,
,,,0.001094,0.002004,4.72,4.739508114,
,,,0.001095,0.002005,4.72,4.74009387,
,,,0.001096,0.002006,4.76,4.740677912,
,,,0.001097,0.002007,4.76,4.741260245,
,,,0.001098,0.002008,4.76,4.741840874,
,,,0.001099,0.002009,4.76,4.742419805,
,,,0.0011,0.00201,4.76,4.742997041,
,,,0.001101,0.002011,4.76,4.743572588,
,,,0.001102,0.002012,4.76,4.744146451,
,,,0.001103,0.002013,4.72,4.744718635,
,,,0.001104,0.002014,4.76,4.745289145,
,,,0.001105,0.002015,4.76,4.745857985,
,,,0.001106,0.002016,4.76,4.746425161,
,,,0.001107,0.002017,4.72,4.746990677,
,,,0.001108,0.002018,4.72,4.747554539,
,,,0.001109,0.002019,4.76,4.74811675,
,,,0.00111,0.00202,4.76,4.748677317,
,,,0.001111,0.002021,4.76,4.749236243,
,,,0.001112,0.002022,4.72,4.749793534,
,,,0.001113,0.002023,4.72,4.750349194,
,,,0.001114,0.002024,4.76,4.750903229,
,,,0.001115,0.002025,4.76,4.751455642,
,,,0.001116,0.002026,4.76,4.752006438,
,,,0.001117,0.002027,4.76,4.752555624,
,,,0.001118,0.002028,4.72,4.753103202,
,,,0.001119,0.002029,4.76,4.753649177,
,,,0.00112,0.00203,4.76,4.754193556,
,,,0.001121,0.002031,4.76,4.754736341,
,,,0.001122,0.002032,4.76,4.755277538,
,,,0.001123,0.002033,4.76,4.755817152,
,,,0.001124,0.002034,4.76,4.756355187,
,,,0.001125,0.002035,4.76,4.756891647,
,,,0.001126,0.002036,4.76,4.757426537,
,,,0.001127,0.002037,4.72,4.757959863,
,,,0.001128,0.002038,4.76,4.758491628,
,,,0.001129,0.002039,4.8,4.759021837,
,,,0.00113,0.00204,4.76,4.759550494,
,,,0.001131,0.002041,4.76,4.760077605,
,,,0.001132,0.002042,4.76,4.760603173,
,,,0.001133,0.002043,4.76,4.761127203,
,,,0.001134,0.002044,4.76,4.7616497,
,,,0.001135,0.002045,4.76,4.762170669,
,,,0.001136,0.002046,4.76,4.762690112,
,,,0.001137,0.002047,4.76,4.763208036,
,,,0.001138,0.002048,4.76,4.763724445,
,,,0.001139,0.002049,4.76,4.764239342,
,,,0.00114,0.00205,4.76,4.764752733,
,,,0.001141,0.002051,4.76,4.765264621,
,,,0.001142,0.002052,4.76,4.765775012,
,,,0.001143,0.002053,4.76,4.766283909,
,,,0.001144,0.002054,4.76,4.766791317,
,,,0.001145,0.002055,4.76,4.76729724,
,,,0.001146,0.002056,4.76,4.767801683,
,,,0.001147,0.002057,4.76,4.768304651,
,,,0.001148,0.002058,4.76,4.768806146,
,,,0.001149,0.002059,4.8,4.769306174,
,,,0.00115,0.00206,4.76,4.769804738,
,,,0.001151,0.002061,4.76,4.770301844,
,,,0.001152,0.002062,4.76,4.770797496,
,,,0.001153,0.002063,4.76,4.771291697,
,,,0.001154,0.002064,4.76,4.771784452,
,,,0.001155,0.002065,4.76,4.772275765,
,,,0.001156,0.002066,4.76,4.77276564,
,,,0.001157,0.002067,4.76,4.773254083,
,,,0.001158,0.002068,4.76,4.773741095,
,,,0.001159,0.002069,4.76,4.774226683,
,,,0.00116,0.00207,4.76,4.77471085,
,,,0.001161,0.002071,4.76,4.775193601,
,,,0.001162,0.002072,4.8,4.775674938,
,,,0.001163,0.002073,4.8,4.776154868,
,,,0.001164,0.002074,4.8,4.776633393,
,,,0.001165,0.002075,4.8,4.777110517,
,,,0.001166,0.002076,4.76,4.777586246,
,,,0.001167,0.002077,4.8,4.778060583,
,,,0.001168,0.002078,4.76,4.778533532,
,,,0.001169,0.002079,4.76,4.779005096,
,,,0.00117,0.00208,4.8,4.779475281,
,,,0.001171,0.002081,4.8,4.779944091,
,,,0.001172,0.002082,4.76,4.780411528,
,,,0.001173,0.002083,4.76,4.780877598,
,,,0.001174,0.002084,4.8,4.781342304,
,,,0.001175,0.002085,4.8,4.78180565,
,,,0.001176,0.002086,4.76,4.78226764,
,,,0.001177,0.002087,4.8,4.782728279,
,,,0.001178,0.002088,4.76,4.78318757,
,,,0.001179,0.002089,4.8,4.783645516,
,,,0.00118,0.00209,4.76,4.784102123,
,,,0.001181,0.002091,4.8,4.784557394,
,,,0.001182,0.002092,4.76,4.785011332,
,,,0.001183,0.002093,4.8,4.785463943,
,,,0.001184,0.002094,4.76,4.785915229,
,,,0.001185,0.002095,4.8,4.786365194,
,,,0.001186,0.002096,4.8,4.786813843,
,,,0.001187,0.002097,4.8,4.787261179,
,,,0.001188,0.002098,4.8,4.787707206,
,,,0.001189,0.002099,4.76,4.788151928,
,,,0.00119,0.0021,4.8,4.788595349,
,,,0.001191,0.002101,4.8,4.789037472,
,,,0.001192,0.002102,4.8,4.789478302,
,,,0.001193,0.002103,4.8,4.789917841,
,,,0.001194,0.002104,4.8,4.790356095,
,,,0.001195,0.002105,4.8,4.790793066,
,,,0.001196,0.002106,4.8,4.791228759,
,,,0.001197,0.002107,4.8,4.791663176,
,,,0.001198,0.002108,4.8,4.792096323,
,,,0.001199,0.002109,4.8,4.792528202,
,,,0.0012,0.00211,4.8,4.792958817,
,,,0.001201,0.002111,4.8,4.793388173,
,,,0.001202,0.002112,4.76,4.793816272,
,,,0.001203,0.002113,4.8,4.794243118,
,,,0.001204,0.002114,4.8,4.794668716,
,,,0.001205,0.002115,4.8,4.795093068,
,,,0.001206,0.002116,4.8,4.795516178,
,,,0.001207,0.002117,4.8,4.795938051,
,,,0.001208,0.002118,4.8,4.796358689,
,,,0.001209,0.002119,4.8,4.796778096,
,,,0.00121,0.00212,4.8,4.797196276,
,,,0.001211,0.002121,4.8,4.797613232,
,,,0.001212,0.002122,4.8,4.798028968,
,,,0.001213,0.002123,4.8,4.798443488,
,,,0.001214,0.002124,4.8,4.798856795,
,,,0.001215,0.002125,4.8,4.799268892,
,,,0.001216,0.002126,4.8,4.799679784,
,,,0.001217,0.002127,4.8,4.800089473,
,,,0.001218,0.002128,4.8,4.800497964,
,,,0.001219,0.002129,4.8,4.800905259,
,,,0.00122,0.00213,4.8,4.801311363,
,,,0.001221,0.002131,4.8,4.801716278,
,,,0.001222,0.002132,4.8,4.802120009,
,,,0.001223,0.002133,4.8,4.802522558,
,,,0.001224,0.002134,4.8,4.802923929,
,,,0.001225,0.002135,4.8,4.803324126,
,,,0.001226,0.002136,4.8,4.803723151,
,,,0.001227,0.002137,4.8,4.80412101,
,,,0.001228,0.002138,4.84,4.804517704,
,,,0.001229,0.002139,4.8,4.804913237,
,,,0.00123,0.00214,4.8,4.805307613,
,,,0.001231,0.002141,4.8,4.805700835,
,,,0.001232,0.002142,4.8,4.806092906,
,,,0.001233,0.002143,4.8,4.80648383,
,,,0.001234,0.002144,4.8,4.80687361,
,,,0.001235,0.002145,4.8,4.80726225,
,,,0.001236,0.002146,4.8,4.807649753,
,,,0.001237,0.002147,4.84,4.808036121,
,,,0.001238,0.002148,4.84,4.808421359,
,,,0.001239,0.002149,4.8,4.80880547,
,,,0.00124,0.00215,4.8,4.809188457,
,,,0.001241,0.002151,4.8,4.809570324,
,,,0.001242,0.002152,4.8,4.809951072,
,,,0.001243,0.002153,4.84,4.810330707,
,,,0.001244,0.002154,4.8,4.810709231,
,,,0.001245,0.002155,4.8,4.811086648,
,,,0.001246,0.002156,4.8,4.81146296,
,,,0.001247,0.002157,4.8,4.811838171,
,,,0.001248,0.002158,4.8,4.812212284,
,,,0.001249,0.002159,4.84,4.812585302,
,,,0.00125,0.00216,4.8,4.812957229,
,,,0.001251,0.002161,4.8,4.813328068,
,,,0.001252,0.002162,4.8,4.813697821,
,,,0.001253,0.002163,4.8,4.814066493,
,,,0.001254,0.002164,4.8,4.814434085,
,,,0.001255,0.002165,4.8,4.814800603,
,,,0.001256,0.002166,4.8,4.815166047,
,,,0.001257,0.002167,4.8,4.815530423,
,,,0.001258,0.002168,4.84,4.815893732,
,,,0.001259,0.002169,4.8,4.816255978,
,,,0.00126,0.00217,4.8,4.816617164,
,,,0.001261,0.002171,4.84,4.816977294,
,,,0.001262,0.002172,4.84,4.817336369,
,,,0.001263,0.002173,4.8,4.817694394,
,,,0.001264,0.002174,4.84,4.818051372,
,,,0.001265,0.002175,4.84,4.818407304,
,,,0.001266,0.002176,4.84,4.818762196,
,,,0.001267,0.002177,4.84,4.819116049,
,,,0.001268,0.002178,4.8,4.819468866,
,,,0.001269,0.002179,4.8,4.819820651,
,,,0.00127,0.00218,4.84,4.820171407,
,,,0.001271,0.002181,4.84,4.820521136,
,,,0.001272,0.002182,4.84,4.820869842,
,,,0.001273,0.002183,4.84,4.821217528,
,,,0.001274,0.002184,4.84,4.821564196,
,,,0.001275,0.002185,4.84,4.82190985,
,,,0.001276,0.002186,4.84,4.822254493,
,,,0.001277,0.002187,4.84,4.822598127,
,,,0.001278,0.002188,4.8,4.822940756,
,,,0.001279,0.002189,4.84,4.823282382,
,,,0.00128,0.00219,4.84,4.823623008,
,,,0.001281,0.002191,4.84,4.823962638,
,,,0.001282,0.002192,4.8,4.824301274,
,,,0.001283,0.002193,4.8,4.824638919,
,,,0.001284,0.002194,4.8,4.824975576,
,,,0.001285,0.002195,4.84,4.825311248,
,,,0.001286,0.002196,4.84,4.825645938,
,,,0.001287,0.002197,4.84,4.825979648,
,,,0.001288,0.002198,4.84,4.826312383,
,,,0.001289,0.002199,4.88,4.826644143,
,,,0.00129,0.0022,4.8,4.826974933,
,,,0.001291,0.002201,4.8,4.827304754,
,,,0.001292,0.002202,4.84,4.827633611,
,,,0.001293,0.002203,4.84,4.827961506,
,,,0.001294,0.002204,4.84,4.828288441,
,,,0.001295,0.002205,4.84,4.828614419,
,,,0.001296,0.002206,4.84,4.828939443,
,,,0.001297,0.002207,4.84,4.829263517,
,,,0.001298,0.002208,4.8,4.829586642,
,,,0.001299,0.002209,4.84,4.829908822,
,,,0.0013,0.00221,4.84,4.830230059,
,,,0.001301,0.002211,4.84,4.830550356,
,,,0.001302,0.002212,4.84,4.830869716,
,,,0.001303,0.002213,4.84,4.831188141,
,,,0.001304,0.002214,4.84,4.831505635,
,,,0.001305,0.002215,4.84,4.831822199,
,,,0.001306,0.002216,4.84,4.832137838,
,,,0.001307,0.002217,4.84,4.832452552,
,,,0.001308,0.002218,4.84,4.832766346,
,,,0.001309,0.002219,4.84,4.833079222,
,,,0.00131,0.00222,4.84,4.833391182,
,,,0.001311,0.002221,4.84,4.833702229,
,,,0.001312,0.002222,4.84,4.834012367,
,,,0.001313,0.002223,4.84,4.834321596,
,,,0.001314,0.002224,4.84,4.834629921,
,,,0.001315,0.002225,4.84,4.834937344,
,,,0.001316,0.002226,4.84,4.835243867,
,,,0.001317,0.002227,4.84,4.835549493,
,,,0.001318,0.002228,4.84,4.835854225,
,,,0.001319,0.002229,4.8,4.836158066,
,,,0.00132,0.00223,4.84,4.836461017,
,,,0.001321,0.002231,4.84,4.836763082,
,,,0.001322,0.002232,4.84,4.837064263,
,,,0.001323,0.002233,4.84,4.837364562,
,,,0.001324,0.002234,4.84,4.837663983,
,,,0.001325,0.002235,4.88,4.837962528,
,,,0.001326,0.002236,4.88,4.838260199,
,,,0.001327,0.002237,4.8,4.838557,
,,,0.001328,0.002238,4.84,4.838852932,
,,,0.001329,0.002239,4.84,4.839147997,
,,,0.00133,0.00224,4.8,4.8394422,
,,,0.001331,0.002241,4.84,4.839735542,
,,,0.001332,0.002242,4.84,4.840028025,
,,,0.001333,0.002243,4.88,4.840319652,
,,,0.001334,0.002244,4.88,4.840610426,
,,,0.001335,0.002245,4.84,4.84090035,
,,,0.001336,0.002246,4.84,4.841189425,
,,,0.001337,0.002247,4.84,4.841477654,
,,,0.001338,0.002248,4.84,4.84176504,
,,,0.001339,0.002249,4.84,4.842051585,
,,,0.00134,0.00225,4.84,4.842337291,
,,,0.001341,0.002251,4.84,4.842622161,
,,,0.001342,0.002252,4.84,4.842906198,
,,,0.001343,0.002253,4.84,4.843189404,
,,,0.001344,0.002254,4.88,4.843471781,
,,,0.001345,0.002255,4.84,4.843753332,
,,,0.001346,0.002256,4.84,4.844034059,
,,,0.001347,0.002257,4.84,4.844313964,
,,,0.001348,0.002258,4.84,4.844593051,
,,,0.001349,0.002259,4.84,4.844871321,
,,,0.00135,0.00226,4.84,4.845148776,
,,,0.001351,0.002261,4.84,4.84542542,
,,,0.001352,0.002262,4.88,4.845701254,
,,,0.001353,0.002263,4.84,4.845976281,
,,,0.001354,0.002264,4.84,4.846250504,
,,,0.001355,0.002265,4.84,4.846523924,
,,,0.001356,0.002266,4.84,4.846796544,
,,,0.001357,0.002267,4.88,4.847068366,
,,,0.001358,0.002268,4.88,4.847339393,
,,,0.001359,0.002269,4.88,4.847609627,
,,,0.00136,0.00227,4.84,4.84787907,
,,,0.001361,0.002271,4.88,4.848147725,
,,,0.001362,0.002272,4.88,4.848415594,
,,,0.001363,0.002273,4.88,4.848682678,
,,,0.001364,0.002274,4.84,4.848948982,
,,,0.001365,0.002275,4.88,4.849214506,
,,,0.001366,0.002276,4.84,4.849479253,
,,,0.001367,0.002277,4.88,4.849743226,
,,,0.001368,0.002278,4.84,4.850006426,
,,,0.001369,0.002279,4.84,4.850268856,
,,,0.00137,0.00228,4.84,4.850530518,
,,,0.001371,0.002281,4.88,4.850791414,
,,,0.001372,0.002282,4.84,4.851051547,
,,,0.001373,0.002283,4.84,4.851310919,
,,,0.001374,0.002284,4.84,4.851569532,
,,,0.001375,0.002285,4.88,4.851827388,
,,,0.001376,0.002286,4.88,4.85208449,
,,,0.001377,0.002287,4.84,4.852340839,
,,,0.001378,0.002288,4.84,4.852596438,
,,,0.001379,0.002289,4.88,4.85285129,
,,,0.00138,0.00229,4.84,4.853105395,
,,,0.001381,0.002291,4.84,4.853358758,
,,,0.001382,0.002292,4.88,4.853611378,
,,,0.001383,0.002293,4.88,4.85386326,
,,,0.001384,0.002294,4.88,4.854114404,
,,,0.001385,0.002295,4.88,4.854364814,
,,,0.001386,0.002296,4.84,4.854614491,
,,,0.001387,0.002297,4.84,4.854863438,
,,,0.001388,0.002298,4.84,4.855111656,
,,,0.001389,0.002299,4.84,4.855359147,
,,,0.00139,0.0023,4.88,4.855605915,
,,,0.001391,0.002301,4.88,4.85585196,
,,,0.001392,0.002302,4.84,4.856097286,
,,,0.001393,0.002303,4.88,4.856341893,
,,,0.001394,0.002304,4.88,4.856585785,
,,,0.001395,0.002305,4.88,4.856828963,
,,,0.001396,0.002306,4.84,4.85707143,
,,,0.001397,0.002307,4.84,4.857313187,
,,,0.001398,0.002308,4.88,4.857554237,
,,,0.001399,0.002309,4.84,4.857794582,
,,,0.0014,0.00231,4.84,4.858034223,
,,,0.001401,0.002311,4.84,4.858273163,
,,,0.001402,0.002312,4.88,4.858511404,
,,,0.001403,0.002313,4.88,4.858748948,
,,,0.001404,0.002314,4.88,4.858985796,
,,,0.001405,0.002315,4.88,4.859221952,
,,,0.001406,0.002316,4.84,4.859457417,
,,,0.001407,0.002317,4.88,4.859692192,
,,,0.001408,0.002318,4.84,4.859926281,
,,,0.001409,0.002319,4.84,4.860159685,
,,,0.00141,0.00232,4.84,4.860392405,
,,,0.001411,0.002321,4.88,4.860624445,
,,,0.001412,0.002322,4.88,4.860855806,
,,,0.001413,0.002323,4.84,4.86108649,
,,,0.001414,0.002324,4.88,4.861316499,
,,,0.001415,0.002325,4.88,4.861545835,
,,,0.001416,0.002326,4.88,4.861774499,
,,,0.001417,0.002327,4.88,4.862002495,
,,,0.001418,0.002328,4.88,4.862229824,
,,,0.001419,0.002329,4.88,4.862456487,
,,,0.00142,0.00233,4.88,4.862682487,
,,,0.001421,0.002331,4.88,4.862907826,
,,,0.001422,0.002332,4.88,4.863132506,
,,,0.001423,0.002333,4.88,4.863356528,
,,,0.001424,0.002334,4.84,4.863579894,
,,,0.001425,0.002335,4.88,4.863802607,
,,,0.001426,0.002336,4.88,4.864024669,
,,,0.001427,0.002337,4.88,4.86424608,
,,,0.001428,0.002338,4.88,4.864466844,
,,,0.001429,0.002339,4.88,4.864686962,
,,,0.00143,0.00234,4.88,4.864906435,
,,,0.001431,0.002341,4.88,4.865125267,
,,,0.001432,0.002342,4.88,4.865343458,
,,,0.001433,0.002343,4.88,4.86556101,
,,,0.001434,0.002344,4.88,4.865777927,
,,,0.001435,0.002345,4.84,4.865994208,
,,,0.001436,0.002346,4.84,4.866209856,
,,,0.001437,0.002347,4.88,4.866424874,
,,,0.001438,0.002348,4.88,4.866639262,
,,,0.001439,0.002349,4.88,4.866853023,
,,,0.00144,0.00235,4.88,4.867066159,
,,,0.001441,0.002351,4.88,4.867278671,
,,,0.001442,0.002352,4.88,4.867490561,
,,,0.001443,0.002353,4.88,4.867701831,
,,,0.001444,0.002354,4.88,4.867912483,
,,,0.001445,0.002355,4.88,4.868122518,
,,,0.001446,0.002356,4.88,4.868331939,
,,,0.001447,0.002357,4.88,4.868540748,
,,,0.001448,0.002358,4.88,4.868748945,
,,,0.001449,0.002359,4.88,4.868956533,
,,,0.00145,0.00236,4.88,4.869163513,
,,,0.001451,0.002361,4.92,4.869369888,
,,,0.001452,0.002362,4.88,4.869575659,
,,,0.001453,0.002363,4.88,4.869780828,
,,,0.001454,0.002364,4.88,4.869985397,
,,,0.001455,0.002365,4.88,4.870189367,
,,,0.001456,0.002366,4.88,4.87039274,
,,,0.001457,0.002367,4.88,4.870595518,
,,,0.001458,0.002368,4.88,4.870797703,
,,,0.001459,0.002369,4.88,4.870999296,
,,,0.00146,0.00237,4.88,4.871200299,
,,,0.001461,0.002371,4.88,4.871400714,
,,,0.001462,0.002372,4.88,4.871600543,
,,,0.001463,0.002373,4.88,4.871799787,
,,,0.001464,0.002374,4.88,4.871998448,
,,,0.001465,0.002375,4.88,4.872196528,
,,,0.001466,0.002376,4.88,4.872394028,
,,,0.001467,0.002377,4.88,4.87259095,
,,,0.001468,0.002378,4.84,4.872787296,
,,,0.001469,0.002379,4.88,4.872983067,
,,,0.00147,0.00238,4.88,4.873178266,
,,,0.001471,0.002381,4.88,4.873372894,
,,,0.001472,0.002382,4.88,4.873566952,
,,,0.001473,0.002383,4.88,4.873760442,
,,,0.001474,0.002384,4.88,4.873953366,
,,,0.001475,0.002385,4.88,4.874145725,
,,,0.001476,0.002386,4.88,4.874337522,
,,,0.001477,0.002387,4.88,4.874528757,
,,,0.001478,0.002388,4.88,4.874719433,
,,,0.001479,0.002389,4.88,4.874909551,
,,,0.00148,0.00239,4.88,4.875099112,
,,,0.001481,0.002391,4.88,4.875288119,
,,,0.001482,0.002392,4.88,4.875476573,
,,,0.001483,0.002393,4.88,4.875664476,
,,,0.001484,0.002394,4.88,4.875851828,
,,,0.001485,0.002395,4.88,4.876038633,
,,,0.001486,0.002396,4.88,4.87622489,
,,,0.001487,0.002397,4.88,4.876410603,
,,,0.001488,0.002398,4.88,4.876595773,
,,,0.001489,0.002399,4.88,4.8767804,
,,,0.00149,0.0024,4.88,4.876964488,
,,,0.001491,0.002401,4.88,4.877148036,
,,,0.001492,0.002402,4.92,4.877331048,
,,,0.001493,0.002403,4.88,4.877513524,
,,,0.001494,0.002404,4.92,4.877695466,
,,,0.001495,0.002405,4.88,4.877876876,
,,,0.001496,0.002406,4.88,4.878057755,
,,,0.001497,0.002407,4.92,4.878238105,
,,,0.001498,0.002408,4.88,4.878417927,
,,,0.001499,0.002409,4.88,4.878597222,
,,,0.0015,0.00241,4.88,4.878775994,
,,,0.001501,0.002411,4.88,4.878954242,
,,,0.001502,0.002412,4.88,4.879131968,
,,,0.001503,0.002413,4.88,4.879309175,
,,,0.001504,0.002414,4.88,4.879485863,
,,,0.001505,0.002415,4.88,4.879662034,
,,,0.001506,0.002416,4.88,4.879837689,
,,,0.001507,0.002417,4.88,4.880012831,
,,,0.001508,0.002418,4.92,4.88018746,
,,,0.001509,0.002419,4.88,4.880361578,
,,,0.00151,0.00242,4.92,4.880535186,
,,,0.001511,0.002421,4.88,4.880708287,
,,,0.001512,0.002422,4.88,4.880880881,
,,,0.001513,0.002423,4.88,4.88105297,
,,,0.001514,0.002424,4.88,4.881224555,
,,,0.001515,0.002425,4.88,4.881395639,
,,,0.001516,0.002426,4.88,4.881566222,
,,,0.001517,0.002427,4.88,4.881736305,
,,,0.001518,0.002428,4.88,4.881905891,
,,,0.001519,0.002429,4.88,4.882074981,
,,,0.00152,0.00243,4.88,4.882243576,
,,,0.001521,0.002431,4.92,4.882411678,
,,,0.001522,0.002432,4.88,4.882579288,
,,,0.001523,0.002433,4.88,4.882746407,
,,,0.001524,0.002434,4.88,4.882913037,
,,,0.001525,0.002435,4.92,4.88307918,
,,,0.001526,0.002436,4.88,4.883244837,
,,,0.001527,0.002437,4.92,4.883410009,
,,,0.001528,0.002438,4.88,4.883574697,
,,,0.001529,0.002439,4.88,4.883738904,
,,,0.00153,0.00244,4.88,4.88390263,
,,,0.001531,0.002441,4.92,4.884065878,
,,,0.001532,0.002442,4.88,4.884228647,
,,,0.001533,0.002443,4.88,4.88439094,
,,,0.001534,0.002444,4.88,4.884552759,
,,,0.001535,0.002445,4.88,4.884714104,
,,,0.001536,0.002446,4.88,4.884874976,
,,,0.001537,0.002447,4.88,4.885035378,
,,,0.001538,0.002448,4.88,4.885195311,
,,,0.001539,0.002449,4.92,4.885354776,
,,,0.00154,0.00245,4.92,4.885513774,
,,,0.001541,0.002451,4.92,4.885672307,
,,,0.001542,0.002452,4.92,4.885830376,
,,,0.001543,0.002453,4.88,4.885987982,
,,,0.001544,0.002454,4.88,4.886145127,
,,,0.001545,0.002455,4.88,4.886301813,
,,,0.001546,0.002456,4.88,4.88645804,
,,,0.001547,0.002457,4.92,4.88661381,
,,,0.001548,0.002458,4.88,4.886769124,
,,,0.001549,0.002459,4.88,4.886923983,
,,,0.00155,0.00246,4.92,4.88707839,
,,,0.001551,0.002461,4.92,4.887232345,
,,,0.001552,0.002462,4.92,4.887385849,
,,,0.001553,0.002463,4.88,4.887538904,
,,,0.001554,0.002464,4.88,4.887691511,
,,,0.001555,0.002465,4.92,4.887843672,
,,,0.001556,0.002466,4.92,4.887995387,
,,,0.001557,0.002467,4.92,4.888146658,
,,,0.001558,0.002468,4.88,4.888297487,
,,,0.001559,0.002469,4.88,4.888447875,
,,,0.00156,0.00247,4.92,4.888597822,
,,,0.001561,0.002471,4.88,4.888747331,
,,,0.001562,0.002472,4.88,4.888896402,
,,,0.001563,0.002473,4.88,4.889045037,
,,,0.001564,0.002474,4.88,4.889193237,
,,,0.001565,0.002475,4.92,4.889341004,
,,,0.001566,0.002476,4.88,4.889488338,
,,,0.001567,0.002477,4.92,4.889635241,
,,,0.001568,0.002478,4.88,4.889781714,
,,,0.001569,0.002479,4.92,4.889927759,
,,,0.00157,0.00248,4.88,4.890073376,
,,,0.001571,0.002481,4.88,4.890218567,
,,,0.001572,0.002482,4.88,4.890363333,
,,,0.001573,0.002483,4.92,4.890507676,
,,,0.001574,0.002484,4.92,4.890651596,
,,,0.001575,0.002485,4.92,4.890795096,
,,,0.001576,0.002486,4.92,4.890938175,
,,,0.001577,0.002487,4.88,4.891080836,
,,,0.001578,0.002488,4.88,4.891223079,
,,,0.001579,0.002489,4.88,4.891364906,
,,,0.00158,0.00249,4.92,4.891506318,
,,,0.001581,0.002491,4.88,4.891647316,
,,,0.001582,0.002492,4.88,4.891787902,
,,,0.001583,0.002493,4.92,4.891928076,
,,,0.001584,0.002494,4.92,4.89206784,
,,,0.001585,0.002495,4.88,4.892207195,
,,,0.001586,0.002496,4.88,4.892346143,
,,,0.001587,0.002497,4.88,4.892484684,
,,,0.001588,0.002498,4.88,4.892622819,
,,,0.001589,0.002499,4.92,4.89276055,