Time - Plot 0,Amplitude - Plot 0,Time - Plot 1,Amplitude - Plot 1,,
0,0.2,0,0,,
1.00E-05,0.2,1.00E-05,0,,
2.00E-05,0.4,2.00E-05,0,,100hz
3.00E-05,0.2,3.00E-05,0,,
4.00E-05,0.2,4.00E-05,0,,
5.00E-05,0.2,5.00E-05,0,,
6.00E-05,0.2,6.00E-05,0,,
7.00E-05,0.2,7.00E-05,-0.2,,
8.00E-05,0.2,8.00E-05,0,,
9.00E-05,0.2,9.00E-05,0,,
0.0001,0.2,0.0001,0,,
0.00011,0.2,0.00011,0,,
0.00012,0.2,0.00012,0,,
0.00013,0.2,0.00013,0,,
0.00014,0.2,0.00014,0,,
0.00015,0.2,0.00015,0,,
0.00016,0.2,0.00016,0,,
0.00017,0.2,0.00017,0,,
0.00018,0.2,0.00018,-0.2,,
0.00019,0.2,0.00019,-0.2,,
0.0002,0.2,0.0002,0,,
0.00021,0.2,0.00021,0,,
0.00022,0.2,0.00022,0,,
0.00023,0.2,0.00023,0,,
0.00024,0.2,0.00024,0,,
0.00025,0.2,0.00025,0,,
0.00026,0.4,0.00026,0,,
0.00027,0.2,0.00027,-0.2,,
0.00028,0.2,0.00028,0,,
0.00029,0.2,0.00029,0,,
0.0003,0.2,0.0003,0,,
0.00031,0.2,0.00031,0,,
0.00032,0.2,0.00032,0,,
0.00033,0.2,0.00033,0,,
0.00034,0.4,0.00034,0,,
0.00035,0.2,0.00035,0,,
0.00036,0.2,0.00036,0,,
0.00037,0.2,0.00037,0,,
0.00038,0.2,0.00038,0,,
0.00039,0.2,0.00039,0,,
0.0004,0.2,0.0004,0,,
0.00041,0.2,0.00041,0,,
0.00042,0.2,0.00042,0,,
0.00043,0.2,0.00043,0,,
0.00044,0.2,0.00044,0,,
0.00045,0.2,0.00045,0,,
0.00046,0.4,0.00046,0,,
0.00047,0.2,0.00047,-0.2,,
0.00048,0.2,0.00048,0,,
0.00049,0.2,0.00049,0,,
0.0005,0.2,0.0005,0,,
0.00051,0.2,0.00051,0,,
0.00052,0.2,0.00052,0,,
0.00053,0.2,0.00053,0,,
0.00054,0.2,0.00054,0,,
0.00055,0.2,0.00055,0,,
0.00056,0.2,0.00056,0,,
0.00057,0.4,0.00057,-0.2,,
0.00058,0.2,0.00058,-0.2,,
0.00059,0.2,0.00059,0,,
0.0006,0.2,0.0006,0,,
0.00061,0.2,0.00061,0,,
0.00062,0.2,0.00062,0,,
0.00063,0.4,0.00063,0,,
0.00064,0.2,0.00064,0,,
0.00065,0.2,0.00065,0,,
0.00066,0.2,0.00066,0,,
0.00067,0.2,0.00067,-0.2,,
0.00068,0.2,0.00068,0,,
0.00069,0.2,0.00069,0,,
0.0007,0.2,0.0007,0,,
0.00071,0.2,0.00071,0,,
0.00072,0.2,0.00072,0,,
0.00073,0.2,0.00073,-0.2,,
0.00074,0.2,0.00074,-0.2,,
0.00075,0.2,0.00075,0,,
0.00076,0.2,0.00076,-0.2,,
0.00077,0.2,0.00077,0,,
0.00078,0.2,0.00078,0,,
0.00079,0.2,0.00079,0,,
0.0008,0.2,0.0008,0,,
0.00081,0.4,0.00081,0,,
0.00082,0.2,0.00082,-0.2,,
0.00083,0.2,0.00083,0,,
0.00084,0.2,0.00084,0,,
0.00085,0.2,0.00085,0,,
0.00086,0.2,0.00086,0,,
0.00087,0.2,0.00087,0,,
0.00088,0.2,0.00088,0,,
0.00089,0.2,0.00089,0,,
0.0009,0.2,0.0009,0,,
0.00091,0.2,0.00091,0,,
0.00092,0.2,0.00092,0,,
0.00093,0.2,0.00093,0,,
0.00094,0.2,0.00094,0,,
0.00095,0.2,0.00095,0,,
0.00096,0.2,0.00096,0,,
0.00097,0.2,0.00097,-0.2,,
0.00098,0.2,0.00098,0,,
0.00099,0.2,0.00099,0,,
0.001,0.2,0.001,0,,
0.00101,0.2,0.00101,-0.2,,
0.00102,0.2,0.00102,0,,
0.00103,0.2,0.00103,0,,
0.00104,0.2,0.00104,0,,
0.00105,0.2,0.00105,0,,
0.00106,0.2,0.00106,0,,
0.00107,0.2,0.00107,0,,
0.00108,0.2,0.00108,0,,
0.00109,0.2,0.00109,0,,
0.0011,0.2,0.0011,0,,
0.00111,0.2,0.00111,0,,
0.00112,0.2,0.00112,-0.2,,
0.00113,0.2,0.00113,0,,
0.00114,0.2,0.00114,0,,
0.00115,0.4,0.00115,0,,
0.00116,0.2,0.00116,0,,
0.00117,0.2,0.00117,0,,
0.00118,0.2,0.00118,0,,
0.00119,0.2,0.00119,0,,
0.0012,0.2,0.0012,0,,
0.00121,0.2,0.00121,0,,
0.00122,0.2,0.00122,0,,
0.00123,0.4,0.00123,-0.2,,
0.00124,0.2,0.00124,0,,
0.00125,0.4,0.00125,0,,
0.00126,0.2,0.00126,0,,
0.00127,0.2,0.00127,0,,
0.00128,0.2,0.00128,0,,
0.00129,0.2,0.00129,0,,
0.0013,0.2,0.0013,0,,
0.00131,0.2,0.00131,0,,
0.00132,0.2,0.00132,0,,
0.00133,0.2,0.00133,0,,
0.00134,0.4,0.00134,0,,
0.00135,0.2,0.00135,-0.2,,
0.00136,0.2,0.00136,0,,
0.00137,0.4,0.00137,-0.2,,
0.00138,0.2,0.00138,0,,
0.00139,0.4,0.00139,0,,
0.0014,0.2,0.0014,-0.2,,
0.00141,0.2,0.00141,0,,
0.00142,0.2,0.00142,0,,
0.00143,0.2,0.00143,0,,
0.00144,0.2,0.00144,0,,
0.00145,0.2,0.00145,0,,
0.00146,0.2,0.00146,0,,
0.00147,0.2,0.00147,0,,
0.00148,0.2,0.00148,0,,
0.00149,0.2,0.00149,0,,
0.0015,0.2,0.0015,0,,
0.00151,0.2,0.00151,0,,
0.00152,0.2,0.00152,0,,
0.00153,0.2,0.00153,0,,
0.00154,0.2,0.00154,0,,
0.00155,0.2,0.00155,0,,
0.00156,0.2,0.00156,0,,
0.00157,0.2,0.00157,0,,
0.00158,0.2,0.00158,0,,
0.00159,0.2,0.00159,0,,
0.0016,0.2,0.0016,-0.2,,
0.00161,0.2,0.00161,-0.2,,
0.00162,0.2,0.00162,0,,
0.00163,0.2,0.00163,0,,
0.00164,0.2,0.00164,0,,
0.00165,0.2,0.00165,0,,
0.00166,0.2,0.00166,0,,
0.00167,0.2,0.00167,0,,
0.00168,0.2,0.00168,0,,
0.00169,0.2,0.00169,0,,
0.0017,0.2,0.0017,0,,
0.00171,0.2,0.00171,0,,
0.00172,0.2,0.00172,0,,
0.00173,0.2,0.00173,0,,
0.00174,0.2,0.00174,0,,
0.00175,0.2,0.00175,-0.2,,
0.00176,0.2,0.00176,-0.2,,
0.00177,0.2,0.00177,0,,
0.00178,0.2,0.00178,0,,
0.00179,0.4,0.00179,0,,
0.0018,0.2,0.0018,0,,
0.00181,0.2,0.00181,0,,
0.00182,0.2,0.00182,0,,
0.00183,0.2,0.00183,0,,
0.00184,0.2,0.00184,0,,
0.00185,0.4,0.00185,0,,
0.00186,0.4,0.00186,0,,
0.00187,0.2,0.00187,0,,
0.00188,0.4,0.00188,0,,
0.00189,0.2,0.00189,0,,
0.0019,0.2,0.0019,0,,
0.00191,0.2,0.00191,0,,
0.00192,0.2,0.00192,0,,
0.00193,0.2,0.00193,0,,
0.00194,0.2,0.00194,0,,
0.00195,0.2,0.00195,0,,
0.00196,0.2,0.00196,0,,
0.00197,0.2,0.00197,-0.2,,
0.00198,0.2,0.00198,0,,
0.00199,0.2,0.00199,0,,
0.002,0.2,0.002,0,,
0.00201,0.4,0.00201,0,,
0.00202,0.2,0.00202,0,,
0.00203,0.2,0.00203,0,,
0.00204,0.2,0.00204,0,,
0.00205,0.2,0.00205,0,,
0.00206,0.2,0.00206,0,,
0.00207,0.2,0.00207,0,,
0.00208,0.2,0.00208,0,,
0.00209,0.2,0.00209,0,,
0.0021,0.2,0.0021,0,,
0.00211,0.2,0.00211,0,,
0.00212,0.2,0.00212,0,,
0.00213,0.2,0.00213,0,,
0.00214,0.2,0.00214,0,,
0.00215,0.2,0.00215,0,,
0.00216,0.2,0.00216,0,,
0.00217,0.2,0.00217,0,,
0.00218,0.2,0.00218,0,,
0.00219,0.4,0.00219,0,,
0.0022,0.2,0.0022,0,,
0.00221,0.2,0.00221,0,,
0.00222,0.2,0.00222,0,,
0.00223,0.2,0.00223,0,,
0.00224,0.2,0.00224,0,,
0.00225,0.2,0.00225,0,,
0.00226,0.2,0.00226,0,,
0.00227,0.2,0.00227,0,,
0.00228,0.2,0.00228,0,,
0.00229,0.2,0.00229,0,,
0.0023,0.2,0.0023,0,,
0.00231,0.2,0.00231,0,,
0.00232,0.2,0.00232,0,,
0.00233,0.2,0.00233,0,,
0.00234,0.2,0.00234,0,,
0.00235,0.2,0.00235,0,,
0.00236,0.2,0.00236,-0.2,,
0.00237,0.2,0.00237,0,,
0.00238,0.2,0.00238,0,,
0.00239,0.2,0.00239,0,,
0.0024,0.2,0.0024,0,,
0.00241,0.2,0.00241,-0.2,,
0.00242,0.2,0.00242,0,,
0.00243,0.2,0.00243,0,,
0.00244,0.2,0.00244,0,,
0.00245,0.2,0.00245,0,,
0.00246,0.2,0.00246,0,,
0.00247,0.2,0.00247,0,,
0.00248,0.2,0.00248,0,,
0.00249,0.2,0.00249,0,,
0.0025,10.2,0.0025,9.4,,
0.00251,10.2,0.00251,8.4,,
0.00252,10.2,0.00252,7.6,,
0.00253,10.2,0.00253,6.8,,
0.00254,10.2,0.00254,6.2,,
0.00255,10.2,0.00255,5.6,,
0.00256,10.2,0.00256,5,,
0.00257,10.2,0.00257,4.6,,
0.00258,10.2,0.00258,4.2,,
0.00259,10.2,0.00259,3.8,,
0.0026,10.2,0.0026,3.4,,
0.00261,10.4,0.00261,3,,
0.00262,10.2,0.00262,2.8,,
0.00263,10.2,0.00263,2.4,,
0.00264,10.2,0.00264,2.2,,
0.00265,10.2,0.00265,2,,
0.00266,10.2,0.00266,1.8,,
0.00267,10.4,0.00267,1.6,,
0.00268,10.2,0.00268,1.6,,
0.00269,10.2,0.00269,1.4,,
0.0027,10.4,0.0027,1.2,,
0.00271,10.4,0.00271,1,,
0.00272,10.4,0.00272,0.8,,
0.00273,10.4,0.00273,0.8,,
0.00274,10.2,0.00274,0.8,,
0.00275,10.2,0.00275,0.6,,
0.00276,10.4,0.00276,0.6,,
0.00277,10.2,0.00277,0.6,,
0.00278,10.4,0.00278,0.6,,
0.00279,10.4,0.00279,0.4,,
0.0028,10.4,0.0028,0.4,,
0.00281,10.4,0.00281,0.4,,
0.00282,10.4,0.00282,0.4,,
0.00283,10.4,0.00283,0.4,,
0.00284,10.4,0.00284,0.2,,
0.00285,10.4,0.00285,0.2,,
0.00286,10.2,0.00286,0.4,,
0.00287,10.2,0.00287,0.2,,
0.00288,10.2,0.00288,0.2,,
0.00289,10.2,0.00289,0.2,,
0.0029,10.2,0.0029,0.2,,
0.00291,10.4,0.00291,0.2,,
0.00292,10.2,0.00292,0.2,,
0.00293,10.4,0.00293,0.2,,
0.00294,10.4,0.00294,0,,
0.00295,10.4,0.00295,0,,
0.00296,10.2,0.00296,0,,
0.00297,10.4,0.00297,0,,
0.00298,10.2,0.00298,0,,
0.00299,10.4,0.00299,0,,
0.003,10.4,0.003,0,,
0.00301,10.2,0.00301,0,,
0.00302,10.4,0.00302,0,,
0.00303,10.2,0.00303,0,,
0.00304,10.4,0.00304,0,,
0.00305,10.2,0.00305,0,,
0.00306,10.2,0.00306,0,,
0.00307,10.4,0.00307,0,,
0.00308,10.2,0.00308,0,,
0.00309,10.4,0.00309,0,,
0.0031,10.2,0.0031,0,,
0.00311,10.4,0.00311,0,,
0.00312,10.2,0.00312,0,,
0.00313,10.2,0.00313,0,,
0.00314,10.4,0.00314,0,,
0.00315,10.2,0.00315,0,,
0.00316,10.2,0.00316,0,,
0.00317,10.2,0.00317,0,,
0.00318,10.4,0.00318,0,,
0.00319,10.4,0.00319,0,,
0.0032,10.4,0.0032,-0.2,,
0.00321,10.2,0.00321,0,,
0.00322,10.4,0.00322,0,,
0.00323,10.4,0.00323,0,,
0.00324,10.2,0.00324,0,,
0.00325,10.4,0.00325,0,,
0.00326,10.2,0.00326,0,,
0.00327,10.2,0.00327,0,,
0.00328,10.2,0.00328,0,,
0.00329,10.4,0.00329,0,,
0.0033,10.2,0.0033,0,,
0.00331,10.2,0.00331,0,,
0.00332,10.4,0.00332,0,,
0.00333,10.4,0.00333,0,,
0.00334,10.4,0.00334,0,,
0.00335,10.4,0.00335,0,,
0.00336,10.4,0.00336,0,,
0.00337,10.4,0.00337,0,,
0.00338,10.2,0.00338,0,,
0.00339,10.2,0.00339,0,,
0.0034,10.2,0.0034,0,,
0.00341,10.4,0.00341,0,,
0.00342,10.2,0.00342,0,,
0.00343,10.2,0.00343,0,,
0.00344,10.4,0.00344,0,,
0.00345,10.2,0.00345,0,,
0.00346,10.2,0.00346,0,,
0.00347,10.4,0.00347,0,,
0.00348,10.4,0.00348,0,,
0.00349,10.2,0.00349,0,,
0.0035,10.4,0.0035,0,,
0.00351,10.4,0.00351,0,,
0.00352,10.4,0.00352,0,,
0.00353,10.2,0.00353,0,,
0.00354,10.4,0.00354,0,,
0.00355,10.2,0.00355,0,,
0.00356,10.4,0.00356,0,,
0.00357,10.4,0.00357,0,,
0.00358,10.4,0.00358,0,,
0.00359,10.2,0.00359,0,,
0.0036,10.4,0.0036,0,,
0.00361,10.4,0.00361,0,,
0.00362,10.4,0.00362,0,,
0.00363,10.2,0.00363,0,,
0.00364,10.4,0.00364,0,,
0.00365,10.2,0.00365,0,,
0.00366,10.2,0.00366,0,,
0.00367,10.4,0.00367,0,,
0.00368,10.4,0.00368,0,,
0.00369,10.2,0.00369,0,,
0.0037,10.2,0.0037,0,,
0.00371,10.2,0.00371,0,,
0.00372,10.2,0.00372,0,,
0.00373,10.4,0.00373,0,,
0.00374,10.4,0.00374,0,,
0.00375,10.2,0.00375,0,,
0.00376,10.4,0.00376,0,,
0.00377,10.4,0.00377,0,,
0.00378,10.4,0.00378,0,,
0.00379,10.4,0.00379,0,,
0.0038,10.4,0.0038,0,,
0.00381,10.4,0.00381,0,,
0.00382,10.4,0.00382,0,,
0.00383,10.2,0.00383,0,,
0.00384,10.4,0.00384,0,,
0.00385,10.2,0.00385,0,,
0.00386,10.4,0.00386,0,,
0.00387,10.4,0.00387,0,,
0.00388,10.2,0.00388,0,,
0.00389,10.4,0.00389,0,,
0.0039,10.2,0.0039,-0.2,,
0.00391,10.2,0.00391,0,,
0.00392,10.2,0.00392,0,,
0.00393,10.2,0.00393,0,,
0.00394,10.2,0.00394,0,,
0.00395,10.2,0.00395,0,,
0.00396,10.4,0.00396,0,,
0.00397,10.4,0.00397,0,,
0.00398,10.4,0.00398,-0.2,,
0.00399,10.2,0.00399,0,,
0.004,10.4,0.004,0,,
0.00401,10.4,0.00401,0,,
0.00402,10.4,0.00402,0,,
0.00403,10.4,0.00403,0,,
0.00404,10.2,0.00404,-0.2,,
0.00405,10.2,0.00405,0,,
0.00406,10.2,0.00406,0,,
0.00407,10.2,0.00407,0,,
0.00408,10.2,0.00408,0,,
0.00409,10.4,0.00409,-0.2,,
0.0041,10.2,0.0041,0,,
0.00411,10.4,0.00411,0,,
0.00412,10.2,0.00412,0,,
0.00413,10.4,0.00413,0,,
0.00414,10.4,0.00414,0,,
0.00415,10.2,0.00415,0,,
0.00416,10.2,0.00416,0,,
0.00417,10.4,0.00417,0,,
0.00418,10.4,0.00418,0,,
0.00419,10.2,0.00419,0,,
0.0042,10.4,0.0042,0,,
0.00421,10.2,0.00421,0,,
0.00422,10.4,0.00422,0,,
0.00423,10.4,0.00423,0,,
0.00424,10.4,0.00424,0,,
0.00425,10.4,0.00425,0,,
0.00426,10.4,0.00426,0,,
0.00427,10.2,0.00427,0,,
0.00428,10.2,0.00428,0,,
0.00429,10.2,0.00429,0,,
0.0043,10.4,0.0043,0,,
0.00431,10.4,0.00431,0,,
0.00432,10.4,0.00432,0,,
0.00433,10.4,0.00433,0,,
0.00434,10.4,0.00434,0,,
0.00435,10.4,0.00435,0,,
0.00436,10.2,0.00436,0,,
0.00437,10.4,0.00437,-0.2,,
0.00438,10.2,0.00438,0,,
0.00439,10.4,0.00439,0,,
0.0044,10.2,0.0044,0,,
0.00441,10.4,0.00441,0,,
0.00442,10.2,0.00442,0,,
0.00443,10.2,0.00443,0,,
0.00444,10.2,0.00444,0,,
0.00445,10.4,0.00445,0,,
0.00446,10.4,0.00446,0,,
0.00447,10.4,0.00447,0,,
0.00448,10.4,0.00448,0,,
0.00449,10.4,0.00449,0,,
0.0045,10.4,0.0045,0,,
0.00451,10.2,0.00451,0,,
0.00452,10.4,0.00452,0,,
0.00453,10.4,0.00453,0,,
0.00454,10.4,0.00454,0,,
0.00455,10.4,0.00455,0,,
0.00456,10.4,0.00456,0,,
0.00457,10.4,0.00457,0,,
0.00458,10.4,0.00458,0,,
0.00459,10.4,0.00459,-0.2,,
0.0046,10.4,0.0046,0,,
0.00461,10.4,0.00461,0,,
0.00462,10.4,0.00462,0,,
0.00463,10.4,0.00463,0,,
0.00464,10.2,0.00464,0,,
0.00465,10.4,0.00465,0,,
0.00466,10.2,0.00466,-0.2,,
0.00467,10.2,0.00467,0,,
0.00468,10.2,0.00468,0,,
0.00469,10.4,0.00469,0,,
0.0047,10.4,0.0047,0,,
0.00471,10.4,0.00471,0,,
0.00472,10.4,0.00472,0,,
0.00473,10.4,0.00473,0,,
0.00474,10.4,0.00474,0,,
0.00475,10.4,0.00475,-0.2,,
0.00476,10.4,0.00476,0,,
0.00477,10.4,0.00477,0,,
0.00478,10.4,0.00478,0,,
0.00479,10.4,0.00479,0,,
0.0048,10.2,0.0048,0,,
0.00481,10.2,0.00481,0,,
0.00482,10.4,0.00482,0,,
0.00483,10.4,0.00483,0,,
0.00484,10.2,0.00484,0,,
0.00485,10.2,0.00485,0,,
0.00486,10.2,0.00486,0,,
0.00487,10.2,0.00487,0,,
0.00488,10.4,0.00488,0,,
0.00489,10.4,0.00489,0,,
0.0049,10.4,0.0049,0,,
0.00491,10.4,0.00491,0,,
0.00492,10.2,0.00492,0,,
0.00493,10.4,0.00493,0,,
0.00494,10.4,0.00494,0,,
0.00495,10.4,0.00495,0,,
0.00496,10.4,0.00496,-0.2,,
0.00497,10.4,0.00497,0,,
0.00498,10.4,0.00498,0,,
0.00499,10.2,0.00499,0,,
0.005,10.2,0.005,0,,
0.00501,10.2,0.00501,0,,
0.00502,10.4,0.00502,0,,
0.00503,10.4,0.00503,0,,
0.00504,10.4,0.00504,0,,
0.00505,10.4,0.00505,0,,
0.00506,10.4,0.00506,-0.2,,
0.00507,10.2,0.00507,0,,
0.00508,10.4,0.00508,0,,
0.00509,10.4,0.00509,0,,
0.0051,10.2,0.0051,0,,
0.00511,10.4,0.00511,0,,
0.00512,10.4,0.00512,0,,
0.00513,10.2,0.00513,-0.2,,
0.00514,10.4,0.00514,0,,
0.00515,10.2,0.00515,0,,
0.00516,10.2,0.00516,0,,
0.00517,10.4,0.00517,0,,
0.00518,10.4,0.00518,0,,
0.00519,10.2,0.00519,0,,
0.0052,10.4,0.0052,0,,
0.00521,10.2,0.00521,0,,
0.00522,10.4,0.00522,0,,
0.00523,10.4,0.00523,0,,
0.00524,10.2,0.00524,0,,
0.00525,10.2,0.00525,0,,
0.00526,10.4,0.00526,0,,
0.00527,10.2,0.00527,0,,
0.00528,10.2,0.00528,0,,
0.00529,10.4,0.00529,-0.2,,
0.0053,10.4,0.0053,0,,
0.00531,10.2,0.00531,0,,
0.00532,10.2,0.00532,0,,
0.00533,10.4,0.00533,0,,
0.00534,10.2,0.00534,0,,
0.00535,10.2,0.00535,0,,
0.00536,10.2,0.00536,0,,
0.00537,10.2,0.00537,0,,
0.00538,10.4,0.00538,0,,
0.00539,10.4,0.00539,0,,
0.0054,10.2,0.0054,0,,
0.00541,10.2,0.00541,-0.2,,
0.00542,10.2,0.00542,0,,
0.00543,10.2,0.00543,0,,
0.00544,10.2,0.00544,0,,
0.00545,10.2,0.00545,0,,
0.00546,10.2,0.00546,0,,
0.00547,10.2,0.00547,0,,
0.00548,10.4,0.00548,0,,
0.00549,10.4,0.00549,0,,
0.0055,10.4,0.0055,0,,
0.00551,10.4,0.00551,0,,
0.00552,10.2,0.00552,0,,
0.00553,10.2,0.00553,0,,
0.00554,10.2,0.00554,0,,
0.00555,10.4,0.00555,0,,
0.00556,10.2,0.00556,0,,
0.00557,10.4,0.00557,0,,
0.00558,10.2,0.00558,0,,
0.00559,10.2,0.00559,0,,
0.0056,10.2,0.0056,0,,
0.00561,10.4,0.00561,-0.2,,
0.00562,10.4,0.00562,-0.2,,
0.00563,10.2,0.00563,0,,
0.00564,10.2,0.00564,0,,
0.00565,10.4,0.00565,0,,
0.00566,10.4,0.00566,0,,
0.00567,10.4,0.00567,0,,
0.00568,10.4,0.00568,0,,
0.00569,10.4,0.00569,-0.2,,
0.0057,10.4,0.0057,0,,
0.00571,10.2,0.00571,0,,
0.00572,10.4,0.00572,0,,
0.00573,10.2,0.00573,0,,
0.00574,10.4,0.00574,0,,
0.00575,10.4,0.00575,0,,
0.00576,10.4,0.00576,0,,
0.00577,10.4,0.00577,0,,
0.00578,10.4,0.00578,0,,
0.00579,10.4,0.00579,0,,
0.0058,10.4,0.0058,0,,
0.00581,10.4,0.00581,0,,
0.00582,10.4,0.00582,0,,
0.00583,10.4,0.00583,0,,
0.00584,10.4,0.00584,0,,
0.00585,10.4,0.00585,0,,
0.00586,10.2,0.00586,0,,
0.00587,10.4,0.00587,0,,
0.00588,10.2,0.00588,-0.2,,
0.00589,10.4,0.00589,0,,
0.0059,10.2,0.0059,0,,
0.00591,10.4,0.00591,0,,
0.00592,10.4,0.00592,-0.2,,
0.00593,10.4,0.00593,0,,
0.00594,10.2,0.00594,0,,
0.00595,10.2,0.00595,0,,
0.00596,10.4,0.00596,0,,
0.00597,10.2,0.00597,0,,
0.00598,10.4,0.00598,0,,
0.00599,10.4,0.00599,0,,
0.006,10.4,0.006,0,,
0.00601,10.2,0.00601,0,,
0.00602,10.2,0.00602,0,,
0.00603,10.4,0.00603,0,,
0.00604,10.2,0.00604,0,,
0.00605,10.2,0.00605,-0.2,,
0.00606,10.4,0.00606,0,,
0.00607,10.4,0.00607,0,,
0.00608,10.2,0.00608,0,,
0.00609,10.2,0.00609,0,,
0.0061,10.2,0.0061,0,,
0.00611,10.4,0.00611,0,,
0.00612,10.4,0.00612,-0.2,,
0.00613,10.2,0.00613,0,,
0.00614,10.4,0.00614,0,,
0.00615,10.2,0.00615,0,,
0.00616,10.4,0.00616,0,,
0.00617,10.4,0.00617,0,,
0.00618,10.4,0.00618,0,,
0.00619,10.2,0.00619,0,,
0.0062,10.4,0.0062,0,,
0.00621,10.4,0.00621,0,,
0.00622,10.2,0.00622,0,,
0.00623,10.4,0.00623,0,,
0.00624,10.2,0.00624,0,,
0.00625,10.2,0.00625,0,,
0.00626,10.4,0.00626,0,,
0.00627,10.2,0.00627,0,,
0.00628,10.2,0.00628,0,,
0.00629,10.4,0.00629,0,,
0.0063,10.4,0.0063,0,,
0.00631,10.4,0.00631,0,,
0.00632,10.4,0.00632,0,,
0.00633,10.4,0.00633,0,,
0.00634,10.2,0.00634,0,,
0.00635,10.2,0.00635,0,,
0.00636,10.4,0.00636,0,,
0.00637,10.4,0.00637,0,,
0.00638,10.2,0.00638,0,,
0.00639,10.4,0.00639,0,,
0.0064,10.4,0.0064,0,,
0.00641,10.4,0.00641,0,,
0.00642,10.2,0.00642,0,,
0.00643,10.2,0.00643,0,,
0.00644,10.4,0.00644,0,,
0.00645,10.2,0.00645,0,,
0.00646,10.2,0.00646,0,,
0.00647,10.2,0.00647,0,,
0.00648,10.4,0.00648,0,,
0.00649,10.4,0.00649,0,,
0.0065,10.2,0.0065,0,,
0.00651,10.2,0.00651,0,,
0.00652,10.4,0.00652,0,,
0.00653,10.2,0.00653,-0.2,,
0.00654,10.4,0.00654,0,,
0.00655,10.4,0.00655,-0.2,,
0.00656,10.4,0.00656,0,,
0.00657,10.4,0.00657,0,,
0.00658,10.4,0.00658,0,,
0.00659,10.4,0.00659,0,,
0.0066,10.4,0.0066,0,,
0.00661,10.4,0.00661,0,,
0.00662,10.2,0.00662,0,,
0.00663,10.4,0.00663,0,,
0.00664,10.2,0.00664,0,,
0.00665,10.2,0.00665,0,,
0.00666,10.4,0.00666,0,,
0.00667,10.4,0.00667,0,,
0.00668,10.4,0.00668,0,,
0.00669,10.4,0.00669,0,,
0.0067,10.2,0.0067,0,,
0.00671,10.4,0.00671,0,,
0.00672,10.4,0.00672,0,,
0.00673,10.4,0.00673,0,,
0.00674,10.4,0.00674,0,,
0.00675,10.4,0.00675,0,,
0.00676,10.4,0.00676,0,,
0.00677,10.4,0.00677,0,,
0.00678,10.4,0.00678,0,,
0.00679,10.4,0.00679,0,,
0.0068,10.2,0.0068,0,,
0.00681,10.4,0.00681,0,,
0.00682,10.4,0.00682,0,,
0.00683,10.2,0.00683,0,,
0.00684,10.2,0.00684,0,,
0.00685,10.2,0.00685,0,,
0.00686,10.4,0.00686,-0.2,,
0.00687,10.4,0.00687,0,,
0.00688,10.4,0.00688,0,,
0.00689,10.2,0.00689,0,,
0.0069,10.2,0.0069,0,,
0.00691,10.4,0.00691,0,,
0.00692,10.2,0.00692,0,,
0.00693,10.2,0.00693,0,,
0.00694,10.2,0.00694,0,,
0.00695,10.2,0.00695,0,,
0.00696,10.2,0.00696,0,,
0.00697,10.2,0.00697,0,,
0.00698,10.4,0.00698,0,,
0.00699,10.4,0.00699,0,,
0.007,10.4,0.007,0,,
0.00701,10.2,0.00701,0,,
0.00702,10.4,0.00702,0,,
0.00703,10.2,0.00703,0,,
0.00704,10.2,0.00704,0,,
0.00705,10.2,0.00705,0,,
0.00706,10.2,0.00706,0,,
0.00707,10.2,0.00707,0,,
0.00708,10.2,0.00708,0,,
0.00709,10.4,0.00709,0,,
0.0071,10.4,0.0071,0,,
0.00711,10.4,0.00711,0,,
0.00712,10.2,0.00712,0,,
0.00713,10.2,0.00713,0,,
0.00714,10.2,0.00714,0,,
0.00715,10.2,0.00715,0,,
0.00716,10.4,0.00716,0,,
0.00717,10.4,0.00717,0,,
0.00718,10.2,0.00718,0,,
0.00719,10.4,0.00719,0,,
0.0072,10.4,0.0072,0,,
0.00721,10.4,0.00721,0,,
0.00722,10.4,0.00722,0,,
0.00723,10.2,0.00723,0,,
0.00724,10.4,0.00724,0,,
0.00725,10.4,0.00725,0,,
0.00726,10.2,0.00726,0,,
0.00727,10.4,0.00727,0,,
0.00728,10.4,0.00728,0,,
0.00729,10.4,0.00729,0,,
0.0073,10.2,0.0073,0,,
0.00731,10.4,0.00731,0,,
0.00732,10.4,0.00732,0,,
0.00733,10.2,0.00733,0,,
0.00734,10.2,0.00734,0,,
0.00735,10.4,0.00735,0,,
0.00736,10.4,0.00736,0,,
0.00737,10.4,0.00737,0,,
0.00738,10.4,0.00738,0,,
0.00739,10.4,0.00739,-0.2,,
0.0074,10.2,0.0074,0,,
0.00741,10.4,0.00741,0,,
0.00742,10.4,0.00742,0,,
0.00743,10.4,0.00743,0,,
0.00744,10.2,0.00744,0,,
0.00745,10.2,0.00745,0,,
0.00746,10.2,0.00746,0,,
0.00747,10.4,0.00747,0,,
0.00748,10.2,0.00748,0,,
0.00749,10.4,0.00749,0,,
0.0075,0.4,0.0075,-9.2,,
0.00751,0.2,0.00751,-8.4,,
0.00752,0.2,0.00752,-7.6,,
0.00753,0.2,0.00753,-6.8,,
0.00754,0.4,0.00754,-6.2,,
0.00755,0.2,0.00755,-5.6,,
0.00756,0.4,0.00756,-5,,
0.00757,0.2,0.00757,-4.6,,
0.00758,0.2,0.00758,-4.2,,
0.00759,0.2,0.00759,-3.8,,
0.0076,0.2,0.0076,-3.4,,
0.00761,0.2,0.00761,-3.2,,
0.00762,0.2,0.00762,-2.8,,
0.00763,0.2,0.00763,-2.4,,
0.00764,0.2,0.00764,-2.4,,
0.00765,0.2,0.00765,-2,,
0.00766,0.4,0.00766,-1.8,,
0.00767,0.2,0.00767,-1.8,,
0.00768,0.2,0.00768,-1.6,,
0.00769,0.2,0.00769,-1.4,,
0.0077,0.4,0.0077,-1.2,,
0.00771,0.2,0.00771,-1.2,,
0.00772,0.2,0.00772,-1.2,,
0.00773,0.2,0.00773,-1.2,,
0.00774,0.2,0.00774,-0.8,,
0.00775,0.2,0.00775,-0.8,,
0.00776,0.2,0.00776,-0.8,,
0.00777,0.2,0.00777,-0.6,,
0.00778,0.2,0.00778,-0.8,,
0.00779,0.2,0.00779,-0.6,,
0.0078,0.2,0.0078,-0.6,,
0.00781,0.2,0.00781,-0.4,,
0.00782,0.2,0.00782,-0.6,,
0.00783,0.4,0.00783,-0.4,,
0.00784,0.2,0.00784,-0.4,,
0.00785,0.2,0.00785,-0.4,,
0.00786,0.2,0.00786,-0.4,,
0.00787,0.2,0.00787,-0.4,,
0.00788,0.2,0.00788,-0.2,,
0.00789,0.2,0.00789,-0.2,,
0.0079,0.4,0.0079,-0.2,,
0.00791,0.2,0.00791,-0.2,,
0.00792,0.2,0.00792,-0.2,,
0.00793,0.4,0.00793,-0.2,,
0.00794,0.2,0.00794,0,,
0.00795,0.2,0.00795,-0.2,,
0.00796,0.2,0.00796,-0.2,,
0.00797,0.2,0.00797,0,,
0.00798,0.2,0.00798,0,,
0.00799,0.2,0.00799,0,,
0.008,0.2,0.008,0,,
0.00801,0.2,0.00801,-0.2,,
0.00802,0.2,0.00802,0,,
0.00803,0.2,0.00803,0,,
0.00804,0.2,0.00804,0,,
0.00805,0.2,0.00805,0,,
0.00806,0.2,0.00806,0,,
0.00807,0.4,0.00807,-0.2,,
0.00808,0.2,0.00808,0,,
0.00809,0.2,0.00809,0,,
0.0081,0.2,0.0081,0,,
0.00811,0.4,0.00811,0,,
0.00812,0.2,0.00812,-0.2,,
0.00813,0.2,0.00813,0,,
0.00814,0.2,0.00814,0,,
0.00815,0.2,0.00815,0,,
0.00816,0.2,0.00816,0,,
0.00817,0.2,0.00817,0,,
0.00818,0.2,0.00818,0,,
0.00819,0.2,0.00819,0,,
0.0082,0.2,0.0082,0,,
0.00821,0.2,0.00821,0,,
0.00822,0.4,0.00822,-0.2,,
0.00823,0.4,0.00823,0,,
0.00824,0.4,0.00824,-0.2,,
0.00825,0.2,0.00825,0,,
0.00826,0.2,0.00826,0,,
0.00827,0.2,0.00827,0,,
0.00828,0.2,0.00828,0,,
0.00829,0.2,0.00829,0,,
0.0083,0.2,0.0083,0,,
0.00831,0.2,0.00831,0,,
0.00832,0.2,0.00832,0,,
0.00833,0.2,0.00833,0,,
0.00834,0.2,0.00834,0,,
0.00835,0.2,0.00835,0,,
0.00836,0.2,0.00836,0,,
0.00837,0.2,0.00837,0,,
0.00838,0.2,0.00838,0,,
0.00839,0.2,0.00839,0,,
0.0084,0.2,0.0084,0,,
0.00841,0.2,0.00841,0,,
0.00842,0.2,0.00842,-0.2,,
0.00843,0.2,0.00843,0,,
0.00844,0.4,0.00844,-0.2,,
0.00845,0.2,0.00845,0,,
0.00846,0.2,0.00846,0,,
0.00847,0.4,0.00847,0,,
0.00848,0.2,0.00848,0,,
0.00849,0.2,0.00849,0,,
0.0085,0.2,0.0085,0,,
0.00851,0.2,0.00851,0,,
0.00852,0.2,0.00852,0,,
0.00853,0.2,0.00853,0,,
0.00854,0.2,0.00854,0,,
0.00855,0.2,0.00855,0,,
0.00856,0.4,0.00856,-0.2,,
0.00857,0.2,0.00857,0,,
0.00858,0.2,0.00858,0,,
0.00859,0.2,0.00859,-0.2,,
0.0086,0.2,0.0086,0,,
0.00861,0.2,0.00861,-0.2,,
0.00862,0.2,0.00862,0,,
0.00863,0.2,0.00863,0,,
0.00864,0.4,0.00864,0,,
0.00865,0.4,0.00865,0,,
0.00866,0.2,0.00866,0,,
0.00867,0.2,0.00867,0,,
0.00868,0.2,0.00868,0,,
0.00869,0.4,0.00869,0,,
0.0087,0.2,0.0087,0,,
0.00871,0.2,0.00871,-0.2,,
0.00872,0.4,0.00872,0,,
0.00873,0.4,0.00873,-0.2,,
0.00874,0.2,0.00874,0,,
0.00875,0.2,0.00875,0,,
0.00876,0.2,0.00876,0,,
0.00877,0.2,0.00877,-0.2,,
0.00878,0.2,0.00878,0,,
0.00879,0.2,0.00879,0,,
0.0088,0.2,0.0088,0,,
0.00881,0.2,0.00881,0,,
0.00882,0.2,0.00882,0,,
0.00883,0.2,0.00883,0,,
0.00884,0.2,0.00884,0,,
0.00885,0.2,0.00885,-0.2,,
0.00886,0.2,0.00886,-0.2,,
0.00887,0.2,0.00887,0,,
0.00888,0.2,0.00888,0,,
0.00889,0.2,0.00889,0,,
0.0089,0.2,0.0089,0,,
0.00891,0.2,0.00891,0,,
0.00892,0.2,0.00892,0,,
0.00893,0.2,0.00893,0,,
0.00894,0.2,0.00894,0,,
0.00895,0.2,0.00895,0,,
0.00896,0.2,0.00896,0,,
0.00897,0.2,0.00897,0,,
0.00898,0.2,0.00898,0,,
0.00899,0.2,0.00899,0,,
0.009,0.2,0.009,0,,
0.00901,0.2,0.00901,0,,
0.00902,0.2,0.00902,0,,
0.00903,0.4,0.00903,0,,
0.00904,0.2,0.00904,0,,
0.00905,0.2,0.00905,0,,
0.00906,0.2,0.00906,0,,
0.00907,0.2,0.00907,0,,
0.00908,0.2,0.00908,0,,
0.00909,0.2,0.00909,0,,
0.0091,0.2,0.0091,0,,
0.00911,0.2,0.00911,0,,
0.00912,0.2,0.00912,0,,
0.00913,0.2,0.00913,0,,
0.00914,0.2,0.00914,0,,
0.00915,0.2,0.00915,0,,
0.00916,0.4,0.00916,0,,
0.00917,0.2,0.00917,-0.2,,
0.00918,0.2,0.00918,0,,
0.00919,0.2,0.00919,0,,
0.0092,0.2,0.0092,0,,
0.00921,0.2,0.00921,0,,
0.00922,0.2,0.00922,0,,
0.00923,0.2,0.00923,0,,
0.00924,0.2,0.00924,0,,
0.00925,0.4,0.00925,0,,
0.00926,0.2,0.00926,0,,
0.00927,0.2,0.00927,0,,
0.00928,0.2,0.00928,0,,
0.00929,0.2,0.00929,0,,
0.0093,0.2,0.0093,0,,
0.00931,0.2,0.00931,0,,
0.00932,0.2,0.00932,0,,
0.00933,0.2,0.00933,-0.2,,
0.00934,0.2,0.00934,0,,
0.00935,0.2,0.00935,0,,
0.00936,0.2,0.00936,0,,
0.00937,0.4,0.00937,0,,
0.00938,0.2,0.00938,0,,
0.00939,0.2,0.00939,0,,
0.0094,0.2,0.0094,0,,
0.00941,0.2,0.00941,-0.2,,
0.00942,0.2,0.00942,0,,
0.00943,0.2,0.00943,0,,
0.00944,0.2,0.00944,0,,
0.00945,0.2,0.00945,0,,
0.00946,0.2,0.00946,0,,
0.00947,0.2,0.00947,-0.2,,
0.00948,0.2,0.00948,0,,
0.00949,0.2,0.00949,0,,
0.0095,0.2,0.0095,0,,
0.00951,0.2,0.00951,0,,
0.00952,0.2,0.00952,0,,
0.00953,0.2,0.00953,0,,
0.00954,0.2,0.00954,0,,
0.00955,0.2,0.00955,0,,
0.00956,0.2,0.00956,0,,
0.00957,0.2,0.00957,0,,
0.00958,0.4,0.00958,0,,
0.00959,0.2,0.00959,0,,
0.0096,0.4,0.0096,0,,
0.00961,0.2,0.00961,0,,
0.00962,0.2,0.00962,0,,
0.00963,0.2,0.00963,0,,
0.00964,0.2,0.00964,0,,
0.00965,0.2,0.00965,0,,
0.00966,0.2,0.00966,0,,
0.00967,0.2,0.00967,-0.2,,
0.00968,0.2,0.00968,0,,
0.00969,0.2,0.00969,0,,
0.0097,0.2,0.0097,-0.2,,
0.00971,0.2,0.00971,-0.2,,
0.00972,0.2,0.00972,0,,
0.00973,0.2,0.00973,0,,
0.00974,0.2,0.00974,0,,
0.00975,0.2,0.00975,0,,
0.00976,0.2,0.00976,-0.2,,
0.00977,0.2,0.00977,0,,
0.00978,0.2,0.00978,0,,
0.00979,0.2,0.00979,0,,
0.0098,0.2,0.0098,0,,
0.00981,0.2,0.00981,0,,
0.00982,0.2,0.00982,0,,
0.00983,0.2,0.00983,-0.2,,
0.00984,0.2,0.00984,0,,
0.00985,0.2,0.00985,0,,
0.00986,0.2,0.00986,0,,
0.00987,0.2,0.00987,-0.2,,
0.00988,0.2,0.00988,0,,
0.00989,0.2,0.00989,0,,
0.0099,0.2,0.0099,0,,
0.00991,0.2,0.00991,0,,
0.00992,0.2,0.00992,0,,
0.00993,0.2,0.00993,0,,
0.00994,0.2,0.00994,0,,
0.00995,0.2,0.00995,0,,
0.00996,0.2,0.00996,0,,
0.00997,0.2,0.00997,-0.2,,
0.00998,0.4,0.00998,0,,
0.00999,0.2,0.00999,0,,
0.01,0.2,0.01,0,,
0.01001,0.2,0.01001,0,,
0.01002,0.2,0.01002,0,,
0.01003,0.2,0.01003,0,,
0.01004,0.2,0.01004,0,,
0.01005,0.2,0.01005,0,,
0.01006,0.2,0.01006,0,,
0.01007,0.4,0.01007,0,,
0.01008,0.2,0.01008,0,,
0.01009,0.2,0.01009,0,,
0.0101,0.2,0.0101,0,,
0.01011,0.2,0.01011,0,,
0.01012,0.2,0.01012,-0.2,,
0.01013,0.4,0.01013,0,,
0.01014,0.2,0.01014,-0.2,,
0.01015,0.2,0.01015,0,,
0.01016,0.2,0.01016,0,,
0.01017,0.2,0.01017,0,,
0.01018,0.2,0.01018,0,,
0.01019,0.2,0.01019,0,,
0.0102,0.2,0.0102,-0.2,,
0.01021,0.2,0.01021,0,,
0.01022,0.2,0.01022,0,,
0.01023,0.2,0.01023,0,,
0.01024,0.4,0.01024,0,,
0.01025,0.2,0.01025,0,,
0.01026,0.2,0.01026,0,,
0.01027,0.2,0.01027,0,,
0.01028,0.2,0.01028,0,,
0.01029,0.2,0.01029,0,,
0.0103,0.2,0.0103,0,,
0.01031,0.2,0.01031,-0.2,,
0.01032,0.2,0.01032,0,,
0.01033,0.2,0.01033,0,,
0.01034,0.2,0.01034,0,,
0.01035,0.2,0.01035,0,,
0.01036,0.2,0.01036,0,,
0.01037,0.2,0.01037,0,,
0.01038,0.2,0.01038,0,,
0.01039,0.4,0.01039,0,,
0.0104,0.2,0.0104,0,,
0.01041,0.2,0.01041,0,,
0.01042,0.2,0.01042,0,,
0.01043,0.2,0.01043,0,,
0.01044,0.2,0.01044,-0.2,,
0.01045,0.2,0.01045,0,,
0.01046,0.2,0.01046,0,,
0.01047,0.2,0.01047,0,,
0.01048,0.2,0.01048,0,,
0.01049,0.2,0.01049,0,,
0.0105,0.2,0.0105,0,,
0.01051,0.2,0.01051,-0.2,,
0.01052,0.2,0.01052,0,,
0.01053,0.2,0.01053,0,,
0.01054,0.2,0.01054,0,,
0.01055,0.4,0.01055,0,,
0.01056,0.2,0.01056,0,,
0.01057,0.2,0.01057,0,,
0.01058,0.2,0.01058,-0.2,,
0.01059,0.2,0.01059,0,,
0.0106,0.2,0.0106,0,,
0.01061,0.2,0.01061,0,,
0.01062,0.2,0.01062,0,,
0.01063,0.2,0.01063,0,,
0.01064,0.2,0.01064,-0.2,,
0.01065,0.2,0.01065,0,,
0.01066,0.2,0.01066,0,,
0.01067,0.2,0.01067,0,,
0.01068,0.2,0.01068,-0.2,,
0.01069,0.4,0.01069,0,,
0.0107,0.2,0.0107,-0.2,,
0.01071,0.2,0.01071,0,,
0.01072,0.2,0.01072,0,,
0.01073,0.2,0.01073,0,,
0.01074,0.2,0.01074,0,,
0.01075,0.2,0.01075,0,,
0.01076,0.2,0.01076,0,,
0.01077,0.2,0.01077,0,,
0.01078,0.2,0.01078,0,,
0.01079,0.2,0.01079,0,,
0.0108,0.2,0.0108,0,,
0.01081,0.2,0.01081,0,,
0.01082,0.2,0.01082,0,,
0.01083,0.2,0.01083,0,,
0.01084,0.2,0.01084,0,,
0.01085,0.4,0.01085,-0.2,,
0.01086,0.2,0.01086,0,,
0.01087,0.2,0.01087,0,,
0.01088,0.2,0.01088,0,,
0.01089,0.2,0.01089,0,,
0.0109,0.4,0.0109,0,,
0.01091,0.2,0.01091,0,,
0.01092,0.2,0.01092,0,,
0.01093,0.2,0.01093,0,,
0.01094,0.2,0.01094,0,,
0.01095,0.2,0.01095,0,,
0.01096,0.2,0.01096,0,,
0.01097,0.2,0.01097,0,,
0.01098,0.2,0.01098,0,,
0.01099,0.2,0.01099,0,,
0.011,0.2,0.011,0,,
0.01101,0.2,0.01101,0,,
0.01102,0.2,0.01102,-0.2,,
0.01103,0.2,0.01103,0,,
0.01104,0.4,0.01104,0,,
0.01105,0.2,0.01105,0,,
0.01106,0.2,0.01106,0,,
0.01107,0.2,0.01107,0,,
0.01108,0.2,0.01108,0,,
0.01109,0.2,0.01109,0,,
0.0111,0.2,0.0111,0,,
0.01111,0.2,0.01111,0,,
0.01112,0.2,0.01112,0,,
0.01113,0.2,0.01113,0,,
0.01114,0.2,0.01114,-0.2,,
0.01115,0.2,0.01115,0,,
0.01116,0.2,0.01116,0,,
0.01117,0.2,0.01117,0,,
0.01118,0.4,0.01118,0,,
0.01119,0.2,0.01119,0,,
0.0112,0.2,0.0112,0,,
0.01121,0.2,0.01121,0,,
0.01122,0.2,0.01122,0,,
0.01123,0.2,0.01123,0,,
0.01124,0.4,0.01124,-0.2,,
0.01125,0.2,0.01125,0,,
0.01126,0.2,0.01126,0,,
0.01127,0.4,0.01127,0,,
0.01128,0.2,0.01128,0,,
0.01129,0.2,0.01129,0,,
0.0113,0.2,0.0113,0,,
0.01131,0.2,0.01131,0,,
0.01132,0.2,0.01132,0,,
0.01133,0.2,0.01133,0,,
0.01134,0.2,0.01134,0,,
0.01135,0.2,0.01135,0,,
0.01136,0.2,0.01136,0,,
0.01137,0.2,0.01137,0,,
0.01138,0.4,0.01138,0,,
0.01139,0.2,0.01139,0,,
0.0114,0.2,0.0114,-0.2,,
0.01141,0.2,0.01141,0,,
0.01142,0.2,0.01142,0,,
0.01143,0.2,0.01143,0,,
0.01144,0.2,0.01144,0,,
0.01145,0.2,0.01145,0,,
0.01146,0.2,0.01146,0,,
0.01147,0.4,0.01147,0,,
0.01148,0.2,0.01148,0,,
0.01149,0.4,0.01149,0,,
0.0115,0.2,0.0115,0,,
0.01151,0.2,0.01151,-0.2,,
0.01152,0.2,0.01152,0,,
0.01153,0.4,0.01153,0,,
0.01154,0.2,0.01154,0,,
0.01155,0.2,0.01155,0,,
0.01156,0.2,0.01156,0,,
0.01157,0.2,0.01157,0,,
0.01158,0.4,0.01158,0,,
0.01159,0.2,0.01159,0,,
0.0116,0.2,0.0116,0,,
0.01161,0.2,0.01161,0,,
0.01162,0.2,0.01162,0,,
0.01163,0.2,0.01163,0,,
0.01164,0.2,0.01164,0,,
0.01165,0.2,0.01165,-0.2,,
0.01166,0.2,0.01166,0,,
0.01167,0.2,0.01167,0,,
0.01168,0.2,0.01168,0,,
0.01169,0.2,0.01169,0,,
0.0117,0.2,0.0117,0,,
0.01171,0.2,0.01171,0,,
0.01172,0.2,0.01172,-0.2,,
0.01173,0.4,0.01173,0,,
0.01174,0.2,0.01174,0,,
0.01175,0.2,0.01175,0,,
0.01176,0.4,0.01176,-0.2,,
0.01177,0.2,0.01177,0,,
0.01178,0.2,0.01178,0,,
0.01179,0.2,0.01179,0,,
0.0118,0.2,0.0118,0,,
0.01181,0.2,0.01181,0,,
0.01182,0.2,0.01182,0,,
0.01183,0.2,0.01183,0,,
0.01184,0.2,0.01184,-0.2,,
0.01185,0.2,0.01185,-0.2,,
0.01186,0.2,0.01186,-0.2,,
0.01187,0.2,0.01187,0,,
0.01188,0.2,0.01188,0,,
0.01189,0.2,0.01189,0,,
0.0119,0.2,0.0119,0,,
0.01191,0.2,0.01191,0,,
0.01192,0.4,0.01192,-0.2,,
0.01193,0.2,0.01193,0,,
0.01194,0.2,0.01194,0,,
0.01195,0.2,0.01195,0,,
0.01196,0.2,0.01196,0,,
0.01197,0.2,0.01197,0,,
0.01198,0.2,0.01198,0,,
0.01199,0.2,0.01199,0,,
0.012,0.2,0.012,0,,
0.01201,0.2,0.01201,0,,
0.01202,0.4,0.01202,0,,
0.01203,0.2,0.01203,0,,
0.01204,0.2,0.01204,0,,
0.01205,0.2,0.01205,0,,
0.01206,0.2,0.01206,0,,
0.01207,0.2,0.01207,0,,
0.01208,0.2,0.01208,-0.2,,
0.01209,0.2,0.01209,0,,
0.0121,0.2,0.0121,0,,
0.01211,0.2,0.01211,0,,
0.01212,0.2,0.01212,0,,
0.01213,0.2,0.01213,0,,
0.01214,0.2,0.01214,0,,
0.01215,0.2,0.01215,0,,
0.01216,0.2,0.01216,0,,
0.01217,0.2,0.01217,0,,
0.01218,0.2,0.01218,0,,
0.01219,0.2,0.01219,-0.2,,
0.0122,0.2,0.0122,0,,
0.01221,0.2,0.01221,-0.2,,
0.01222,0.2,0.01222,0,,
0.01223,0.2,0.01223,0,,
0.01224,0.2,0.01224,0,,
0.01225,0.2,0.01225,0,,
0.01226,0.2,0.01226,0,,
0.01227,0.2,0.01227,0,,
0.01228,0.2,0.01228,0,,
0.01229,0.2,0.01229,0,,
0.0123,0.2,0.0123,0,,
0.01231,0.2,0.01231,0,,
0.01232,0.2,0.01232,0,,
0.01233,0.2,0.01233,0,,
0.01234,0.2,0.01234,0,,
0.01235,0.2,0.01235,0,,
0.01236,0.2,0.01236,0,,
0.01237,0.2,0.01237,-0.2,,
0.01238,0.4,0.01238,0,,
0.01239,0.2,0.01239,0,,
0.0124,0.2,0.0124,0,,
0.01241,0.2,0.01241,0,,
0.01242,0.4,0.01242,0,,
0.01243,0.2,0.01243,0,,
0.01244,0.2,0.01244,0,,
0.01245,0.2,0.01245,0,,
0.01246,0.2,0.01246,0,,
0.01247,0.2,0.01247,0,,
0.01248,0.2,0.01248,0,,
0.01249,0.2,0.01249,0,,
0.0125,10.2,0.0125,9.4,,
0.01251,10.2,0.01251,8.4,,
0.01252,10.2,0.01252,7.6,,
0.01253,10.2,0.01253,6.8,,
0.01254,10.2,0.01254,6.2,,
0.01255,10.4,0.01255,5.6,,
0.01256,10.2,0.01256,5,,
0.01257,10.2,0.01257,4.6,,
0.01258,10.2,0.01258,4.2,,
0.01259,10.2,0.01259,3.8,,
0.0126,10.2,0.0126,3.4,,
0.01261,10.2,0.01261,3,,
0.01262,10.2,0.01262,2.6,,
0.01263,10.2,0.01263,2.4,,
0.01264,10.4,0.01264,2.2,,
0.01265,10.2,0.01265,2,,
0.01266,10.2,0.01266,1.8,,
0.01267,10.2,0.01267,1.6,,
0.01268,10.2,0.01268,1.4,,
0.01269,10.4,0.01269,1.4,,
0.0127,10.4,0.0127,1.2,,
0.01271,10.2,0.01271,1,,
0.01272,10.2,0.01272,1,,
0.01273,10.2,0.01273,0.8,,
0.01274,10.2,0.01274,0.8,,
0.01275,10.4,0.01275,0.8,,
0.01276,10.2,0.01276,0.6,,
0.01277,10.2,0.01277,0.6,,
0.01278,10.2,0.01278,0.6,,
0.01279,10.4,0.01279,0.6,,
0.0128,10.2,0.0128,0.4,,
0.01281,10.2,0.01281,0.4,,
0.01282,10.2,0.01282,0.4,,
0.01283,10.2,0.01283,0.2,,
0.01284,10.4,0.01284,0.2,,
0.01285,10.4,0.01285,0.2,,
0.01286,10.4,0.01286,0.2,,
0.01287,10.2,0.01287,0.2,,
0.01288,10.2,0.01288,0.2,,
0.01289,10.4,0.01289,0,,
0.0129,10.2,0.0129,0,,
0.01291,10.2,0.01291,0.2,,
0.01292,10.2,0.01292,0,,
0.01293,10.4,0.01293,0,,
0.01294,10.2,0.01294,0,,
0.01295,10.2,0.01295,0,,
0.01296,10.4,0.01296,0,,
0.01297,10.2,0.01297,0,,
0.01298,10.2,0.01298,0.2,,
0.01299,10.2,0.01299,0,,
0.013,10.4,0.013,0,,
0.01301,10.2,0.01301,0,,
0.01302,10.4,0.01302,0,,
0.01303,10.2,0.01303,0,,
0.01304,10.4,0.01304,0,,
0.01305,10.2,0.01305,0,,
0.01306,10.2,0.01306,0,,
0.01307,10.4,0.01307,0,,
0.01308,10.2,0.01308,0,,
0.01309,10.4,0.01309,0,,
0.0131,10.4,0.0131,0,,
0.01311,10.2,0.01311,0,,
0.01312,10.2,0.01312,0,,
0.01313,10.4,0.01313,0,,
0.01314,10.4,0.01314,0,,
0.01315,10.2,0.01315,0,,
0.01316,10.4,0.01316,0,,
0.01317,10.2,0.01317,0,,
0.01318,10.4,0.01318,0,,
0.01319,10.4,0.01319,0,,
0.0132,10.2,0.0132,-0.2,,
0.01321,10.2,0.01321,0,,
0.01322,10.2,0.01322,0,,
0.01323,10.2,0.01323,0,,
0.01324,10.4,0.01324,0,,
0.01325,10.4,0.01325,-0.2,,
0.01326,10.2,0.01326,0,,
0.01327,10.2,0.01327,0,,
0.01328,10.4,0.01328,0,,
0.01329,10.2,0.01329,0,,
0.0133,10.2,0.0133,0,,
0.01331,10.4,0.01331,-0.2,,
0.01332,10.2,0.01332,0,,
0.01333,10.2,0.01333,0,,
0.01334,10.2,0.01334,0,,
0.01335,10.2,0.01335,0,,
0.01336,10.4,0.01336,0,,
0.01337,10.2,0.01337,0,,
0.01338,10.4,0.01338,0,,
0.01339,10.2,0.01339,0,,
0.0134,10.2,0.0134,0,,
0.01341,10.4,0.01341,0,,
0.01342,10.4,0.01342,0,,
0.01343,10.4,0.01343,0,,
0.01344,10.2,0.01344,-0.2,,
0.01345,10.4,0.01345,0,,
0.01346,10.4,0.01346,0,,
0.01347,10.4,0.01347,0,,
0.01348,10.4,0.01348,0,,
0.01349,10.4,0.01349,0,,
0.0135,10.2,0.0135,0,,
0.01351,10.4,0.01351,0,,
0.01352,10.4,0.01352,0,,
0.01353,10.4,0.01353,-0.2,,
0.01354,10.2,0.01354,0,,
0.01355,10.2,0.01355,0,,
0.01356,10.2,0.01356,0,,
0.01357,10.4,0.01357,0,,
0.01358,10.4,0.01358,0,,
0.01359,10.4,0.01359,0,,
0.0136,10.4,0.0136,0,,
0.01361,10.4,0.01361,0,,
0.01362,10.2,0.01362,0,,
0.01363,10.4,0.01363,0,,
0.01364,10.4,0.01364,0,,
0.01365,10.4,0.01365,0,,
0.01366,10.2,0.01366,0,,
0.01367,10.4,0.01367,0,,
0.01368,10.4,0.01368,0,,
0.01369,10.4,0.01369,0,,
0.0137,10.2,0.0137,0,,
0.01371,10.4,0.01371,0,,
0.01372,10.4,0.01372,-0.2,,
0.01373,10.4,0.01373,0,,
0.01374,10.4,0.01374,0,,
0.01375,10.2,0.01375,0,,
0.01376,10.2,0.01376,0,,
0.01377,10.4,0.01377,-0.2,,
0.01378,10.2,0.01378,0,,
0.01379,10.4,0.01379,0,,
0.0138,10.4,0.0138,0,,
0.01381,10.4,0.01381,0,,
0.01382,10.4,0.01382,0,,
0.01383,10.4,0.01383,0,,
0.01384,10.2,0.01384,0,,
0.01385,10.4,0.01385,0,,
0.01386,10.2,0.01386,0,,
0.01387,10.4,0.01387,-0.2,,
0.01388,10.2,0.01388,0,,
0.01389,10.4,0.01389,0,,
0.0139,10.2,0.0139,0.2,,
0.01391,10.4,0.01391,0,,
0.01392,10.2,0.01392,0,,
0.01393,10.2,0.01393,-0.2,,
0.01394,10.4,0.01394,0,,
0.01395,10.2,0.01395,0,,
0.01396,10.2,0.01396,0,,
0.01397,10.2,0.01397,0,,
0.01398,10.2,0.01398,0,,
0.01399,10.2,0.01399,0,,
0.014,10.2,0.014,0,,
0.01401,10.4,0.01401,-0.2,,
0.01402,10.2,0.01402,0,,
0.01403,10.2,0.01403,0,,
0.01404,10.2,0.01404,0,,
0.01405,10.4,0.01405,0,,
0.01406,10.2,0.01406,0,,
0.01407,10.2,0.01407,0,,
0.01408,10.2,0.01408,0,,
0.01409,10.4,0.01409,0,,
0.0141,10.4,0.0141,0,,
0.01411,10.4,0.01411,0,,
0.01412,10.4,0.01412,0,,
0.01413,10.4,0.01413,0,,
0.01414,10.4,0.01414,0,,
0.01415,10.2,0.01415,0,,
0.01416,10.4,0.01416,0,,
0.01417,10.2,0.01417,0,,
0.01418,10.4,0.01418,0,,
0.01419,10.4,0.01419,-0.2,,
0.0142,10.2,0.0142,0,,
0.01421,10.2,0.01421,-0.2,,
0.01422,10.4,0.01422,0,,
0.01423,10.2,0.01423,0,,
0.01424,10.2,0.01424,0,,
0.01425,10.4,0.01425,0,,
0.01426,10.4,0.01426,-0.2,,
0.01427,10.2,0.01427,0,,
0.01428,10.2,0.01428,0,,
0.01429,10.4,0.01429,0,,
0.0143,10.4,0.0143,0,,
0.01431,10.4,0.01431,0,,
0.01432,10.4,0.01432,0,,
0.01433,10.2,0.01433,0,,
0.01434,10.2,0.01434,0,,
0.01435,10.2,0.01435,-0.2,,
0.01436,10.4,0.01436,0,,
0.01437,10.4,0.01437,0,,
0.01438,10.2,0.01438,0,,
0.01439,10.2,0.01439,0,,
0.0144,10.4,0.0144,0,,
0.01441,10.4,0.01441,0,,
0.01442,10.2,0.01442,0,,
0.01443,10.4,0.01443,0,,
0.01444,10.2,0.01444,0,,
0.01445,10.4,0.01445,0,,
0.01446,10.4,0.01446,0,,
0.01447,10.2,0.01447,0,,
0.01448,10.4,0.01448,0,,
0.01449,10.4,0.01449,-0.2,,
0.0145,10.4,0.0145,0,,
0.01451,10.2,0.01451,0,,
0.01452,10.2,0.01452,0,,
0.01453,10.4,0.01453,0,,
0.01454,10.4,0.01454,-0.2,,
0.01455,10.2,0.01455,0,,
0.01456,10.2,0.01456,0,,
0.01457,10.2,0.01457,0,,
0.01458,10.4,0.01458,0,,
0.01459,10.2,0.01459,0,,
0.0146,10.4,0.0146,0,,
0.01461,10.4,0.01461,-0.2,,
0.01462,10.4,0.01462,0,,
0.01463,10.2,0.01463,0,,
0.01464,10.4,0.01464,0,,
0.01465,10.4,0.01465,0,,
0.01466,10.4,0.01466,0,,
0.01467,10.4,0.01467,0,,
0.01468,10.4,0.01468,0,,
0.01469,10.4,0.01469,0,,
0.0147,10.4,0.0147,0,,
0.01471,10.4,0.01471,0,,
0.01472,10.4,0.01472,0,,
0.01473,10.2,0.01473,0,,
0.01474,10.4,0.01474,0,,
0.01475,10.4,0.01475,-0.2,,
0.01476,10.4,0.01476,0,,
0.01477,10.2,0.01477,0,,
0.01478,10.4,0.01478,0,,
0.01479,10.2,0.01479,-0.2,,
0.0148,10.4,0.0148,0,,
0.01481,10.4,0.01481,0,,
0.01482,10.4,0.01482,0,,
0.01483,10.4,0.01483,0,,
0.01484,10.4,0.01484,0,,
0.01485,10.2,0.01485,0,,
0.01486,10.4,0.01486,0,,
0.01487,10.4,0.01487,0,,
0.01488,10.4,0.01488,0,,
0.01489,10.2,0.01489,0,,
0.0149,10.4,0.0149,-0.2,,
0.01491,10.2,0.01491,0,,
0.01492,10.4,0.01492,0,,
0.01493,10.4,0.01493,0,,
0.01494,10.4,0.01494,0,,
0.01495,10.4,0.01495,0,,
0.01496,10.4,0.01496,0,,
0.01497,10.2,0.01497,0,,
0.01498,10.4,0.01498,0,,
0.01499,10.2,0.01499,0,,
0.015,10.2,0.015,-0.2,,
0.01501,10.4,0.01501,0,,
0.01502,10.2,0.01502,0,,
0.01503,10.2,0.01503,0,,
0.01504,10.4,0.01504,0,,
0.01505,10.2,0.01505,0,,
0.01506,10.4,0.01506,0,,
0.01507,10.4,0.01507,0,,
0.01508,10.2,0.01508,0,,
0.01509,10.4,0.01509,0,,
0.0151,10.4,0.0151,0,,
0.01511,10.2,0.01511,0,,
0.01512,10.4,0.01512,0,,
0.01513,10.2,0.01513,0,,
0.01514,10.4,0.01514,0,,
0.01515,10.2,0.01515,0,,
0.01516,10.4,0.01516,0,,
0.01517,10.2,0.01517,0,,
0.01518,10.4,0.01518,0,,
0.01519,10.4,0.01519,0,,
0.0152,10.4,0.0152,0,,
0.01521,10.4,0.01521,0,,
0.01522,10.2,0.01522,0,,
0.01523,10.4,0.01523,0,,
0.01524,10.2,0.01524,0,,
0.01525,10.2,0.01525,0,,
0.01526,10.4,0.01526,0,,
0.01527,10.2,0.01527,0,,
0.01528,10.4,0.01528,0,,
0.01529,10.4,0.01529,0,,
0.0153,10.2,0.0153,0,,
0.01531,10.4,0.01531,0,,
0.01532,10.2,0.01532,0,,
0.01533,10.4,0.01533,0,,
0.01534,10.4,0.01534,0,,
0.01535,10.2,0.01535,0,,
0.01536,10.4,0.01536,0,,
0.01537,10.2,0.01537,0,,
0.01538,10.4,0.01538,0,,
0.01539,10.2,0.01539,0,,
0.0154,10.4,0.0154,0,,
0.01541,10.4,0.01541,0,,
0.01542,10.4,0.01542,0,,
0.01543,10.2,0.01543,-0.2,,
0.01544,10.4,0.01544,0,,
0.01545,10.4,0.01545,0,,
0.01546,10.4,0.01546,0,,
0.01547,10.4,0.01547,0,,
0.01548,10.4,0.01548,0,,
0.01549,10.4,0.01549,0,,
0.0155,10.4,0.0155,0,,
0.01551,10.4,0.01551,0,,
0.01552,10.4,0.01552,0,,
0.01553,10.4,0.01553,0,,
0.01554,10.4,0.01554,0,,
0.01555,10.4,0.01555,0,,
0.01556,10.2,0.01556,0,,
0.01557,10.4,0.01557,0,,
0.01558,10.4,0.01558,0,,
0.01559,10.2,0.01559,0,,
0.0156,10.2,0.0156,0,,
0.01561,10.4,0.01561,0,,
0.01562,10.4,0.01562,0,,
0.01563,10.4,0.01563,0,,
0.01564,10.4,0.01564,0,,
0.01565,10.2,0.01565,0,,
0.01566,10.4,0.01566,0,,
0.01567,10.2,0.01567,0,,
0.01568,10.4,0.01568,0,,
0.01569,10.2,0.01569,0,,
0.0157,10.4,0.0157,0,,
0.01571,10.4,0.01571,0,,
0.01572,10.4,0.01572,0,,
0.01573,10.4,0.01573,0,,
0.01574,10.4,0.01574,0,,
0.01575,10.4,0.01575,0,,
0.01576,10.4,0.01576,0,,
0.01577,10.4,0.01577,0,,
0.01578,10.2,0.01578,0,,
0.01579,10.2,0.01579,0,,
0.0158,10.4,0.0158,0,,
0.01581,10.4,0.01581,0,,
0.01582,10.2,0.01582,0,,
0.01583,10.4,0.01583,0,,
0.01584,10.4,0.01584,0,,
0.01585,10.4,0.01585,0,,
0.01586,10.2,0.01586,0,,
0.01587,10.2,0.01587,0,,
0.01588,10.2,0.01588,0,,
0.01589,10.2,0.01589,0,,
0.0159,10.2,0.0159,0,,
0.01591,10.4,0.01591,0,,
0.01592,10.4,0.01592,0,,
0.01593,10.2,0.01593,0,,
0.01594,10.4,0.01594,0,,
0.01595,10.4,0.01595,0,,
0.01596,10.2,0.01596,0,,
0.01597,10.2,0.01597,0,,
0.01598,10.4,0.01598,0,,
0.01599,10.4,0.01599,-0.2,,
0.016,10.2,0.016,0,,
0.01601,10.4,0.01601,-0.2,,
0.01602,10.4,0.01602,0,,
0.01603,10.2,0.01603,0,,
0.01604,10.4,0.01604,-0.2,,
0.01605,10.4,0.01605,0,,
0.01606,10.4,0.01606,0,,
0.01607,10.2,0.01607,0,,
0.01608,10.4,0.01608,0,,
0.01609,10.4,0.01609,-0.2,,
0.0161,10.4,0.0161,0,,
0.01611,10.4,0.01611,0,,
0.01612,10.4,0.01612,0,,
0.01613,10.4,0.01613,0,,
0.01614,10.2,0.01614,-0.2,,
0.01615,10.2,0.01615,0,,
0.01616,10.4,0.01616,0,,
0.01617,10.2,0.01617,-0.2,,
0.01618,10.2,0.01618,0,,
0.01619,10.4,0.01619,0,,
0.0162,10.2,0.0162,0,,
0.01621,10.2,0.01621,0,,
0.01622,10.2,0.01622,0,,
0.01623,10.2,0.01623,0,,
0.01624,10.2,0.01624,0,,
0.01625,10.4,0.01625,0,,
0.01626,10.2,0.01626,0,,
0.01627,10.4,0.01627,0,,
0.01628,10.4,0.01628,0,,
0.01629,10.2,0.01629,0,,
0.0163,10.4,0.0163,0,,
0.01631,10.2,0.01631,0,,
0.01632,10.2,0.01632,0,,
0.01633,10.2,0.01633,0,,
0.01634,10.4,0.01634,0,,
0.01635,10.4,0.01635,0,,
0.01636,10.2,0.01636,0,,
0.01637,10.4,0.01637,-0.2,,
0.01638,10.2,0.01638,0,,
0.01639,10.4,0.01639,0,,
0.0164,10.4,0.0164,0,,
0.01641,10.4,0.01641,-0.2,,
0.01642,10.2,0.01642,0,,
0.01643,10.4,0.01643,-0.2,,
0.01644,10.4,0.01644,0,,
0.01645,10.4,0.01645,0,,
0.01646,10.4,0.01646,0,,
0.01647,10.2,0.01647,0,,
0.01648,10.4,0.01648,-0.2,,
0.01649,10.4,0.01649,0,,
0.0165,10.4,0.0165,0,,
0.01651,10.4,0.01651,0,,
0.01652,10.4,0.01652,0,,
0.01653,10.4,0.01653,0,,
0.01654,10.4,0.01654,0,,
0.01655,10.2,0.01655,0,,
0.01656,10.4,0.01656,0,,
0.01657,10.4,0.01657,0,,
0.01658,10.2,0.01658,0,,
0.01659,10.4,0.01659,-0.2,,
0.0166,10.4,0.0166,0,,
0.01661,10.2,0.01661,-0.2,,
0.01662,10.2,0.01662,0,,
0.01663,10.2,0.01663,0,,
0.01664,10.2,0.01664,0,,
0.01665,10.4,0.01665,0,,
0.01666,10.4,0.01666,0,,
0.01667,10.4,0.01667,0,,
0.01668,10.2,0.01668,0,,
0.01669,10.2,0.01669,0,,
0.0167,10.2,0.0167,0,,
0.01671,10.4,0.01671,0,,
0.01672,10.2,0.01672,-0.2,,
0.01673,10.2,0.01673,0,,
0.01674,10.2,0.01674,0,,
0.01675,10.4,0.01675,0,,
0.01676,10.2,0.01676,0,,
0.01677,10.2,0.01677,0,,
0.01678,10.4,0.01678,0,,
0.01679,10.4,0.01679,0,,
0.0168,10.4,0.0168,0,,
0.01681,10.4,0.01681,0,,
0.01682,10.2,0.01682,0,,
0.01683,10.2,0.01683,0,,
0.01684,10.4,0.01684,0,,
0.01685,10.4,0.01685,0,,
0.01686,10.4,0.01686,0,,
0.01687,10.2,0.01687,0,,
0.01688,10.4,0.01688,0,,
0.01689,10.4,0.01689,0,,
0.0169,10.4,0.0169,0,,
0.01691,10.4,0.01691,0,,
0.01692,10.4,0.01692,0,,
0.01693,10.4,0.01693,0,,
0.01694,10.4,0.01694,0,,
0.01695,10.4,0.01695,0,,
0.01696,10.4,0.01696,0,,
0.01697,10.4,0.01697,0,,
0.01698,10.4,0.01698,0,,
0.01699,10.2,0.01699,0,,
0.017,10.4,0.017,-0.2,,
0.01701,10.2,0.01701,-0.2,,
0.01702,10.4,0.01702,0,,
0.01703,10.4,0.01703,0,,
0.01704,10.4,0.01704,0,,
0.01705,10.4,0.01705,0,,
0.01706,10.2,0.01706,0,,
0.01707,10.2,0.01707,0,,
0.01708,10.2,0.01708,0,,
0.01709,10.4,0.01709,0,,
0.0171,10.2,0.0171,0,,
0.01711,10.2,0.01711,0,,
0.01712,10.4,0.01712,0,,
0.01713,10.4,0.01713,0,,
0.01714,10.2,0.01714,-0.2,,
0.01715,10.2,0.01715,0,,
0.01716,10.2,0.01716,0,,
0.01717,10.4,0.01717,0,,
0.01718,10.4,0.01718,0,,
0.01719,10.4,0.01719,0,,
0.0172,10.2,0.0172,0,,
0.01721,10.2,0.01721,0,,
0.01722,10.2,0.01722,0,,
0.01723,10.2,0.01723,-0.2,,
0.01724,10.2,0.01724,-0.2,,
0.01725,10.2,0.01725,0,,
0.01726,10.4,0.01726,0,,
0.01727,10.2,0.01727,0,,
0.01728,10.2,0.01728,0,,
0.01729,10.2,0.01729,0,,
0.0173,10.4,0.0173,0,,
0.01731,10.2,0.01731,0,,
0.01732,10.4,0.01732,0,,
0.01733,10.4,0.01733,0,,
0.01734,10.4,0.01734,0,,
0.01735,10.2,0.01735,0,,
0.01736,10.2,0.01736,0,,
0.01737,10.4,0.01737,0,,
0.01738,10.4,0.01738,0,,
0.01739,10.4,0.01739,0,,
0.0174,10.2,0.0174,-0.2,,
0.01741,10.4,0.01741,0,,
0.01742,10.2,0.01742,0,,
0.01743,10.4,0.01743,0,,
0.01744,10.4,0.01744,0,,
0.01745,10.4,0.01745,-0.2,,
0.01746,10.2,0.01746,0,,
0.01747,10.2,0.01747,-0.2,,
0.01748,10.4,0.01748,0,,
0.01749,10.4,0.01749,0,,
0.0175,0.4,0.0175,-9.2,,
0.01751,0.2,0.01751,-8.6,,
0.01752,0.2,0.01752,-7.6,,
0.01753,0.2,0.01753,-6.8,,
0.01754,0.4,0.01754,-6.2,,
0.01755,0.2,0.01755,-5.6,,
0.01756,0.2,0.01756,-5,,
0.01757,0.2,0.01757,-4.6,,
0.01758,0.2,0.01758,-4,,
0.01759,0.2,0.01759,-3.8,,
0.0176,0.2,0.0176,-3.4,,
0.01761,0.2,0.01761,-3.2,,
0.01762,0.2,0.01762,-2.8,,
0.01763,0.2,0.01763,-2.6,,
0.01764,0.4,0.01764,-2.4,,
0.01765,0.2,0.01765,-2,,
0.01766,0.2,0.01766,-1.8,,
0.01767,0.2,0.01767,-1.6,,
0.01768,0.2,0.01768,-1.4,,
0.01769,0.2,0.01769,-1.4,,
0.0177,0.2,0.0177,-1.4,,
0.01771,0.2,0.01771,-1.2,,
0.01772,0.2,0.01772,-1,,
0.01773,0.2,0.01773,-1,,
0.01774,0.2,0.01774,-1,,
0.01775,0.2,0.01775,-1,,
0.01776,0.2,0.01776,-0.8,,
0.01777,0.2,0.01777,-0.8,,
0.01778,0.2,0.01778,-0.6,,
0.01779,0.4,0.01779,-0.6,,
0.0178,0.2,0.0178,-0.6,,
0.01781,0.2,0.01781,-0.6,,
0.01782,0.2,0.01782,-0.4,,
0.01783,0.4,0.01783,-0.4,,
0.01784,0.2,0.01784,-0.4,,
0.01785,0.4,0.01785,-0.4,,
0.01786,0.2,0.01786,-0.2,,
0.01787,0.2,0.01787,-0.2,,
0.01788,0.4,0.01788,-0.2,,
0.01789,0.2,0.01789,-0.2,,
0.0179,0.2,0.0179,-0.2,,
0.01791,0.2,0.01791,-0.2,,
0.01792,0.2,0.01792,-0.2,,
0.01793,0.2,0.01793,-0.2,,
0.01794,0.2,0.01794,-0.2,,
0.01795,0.4,0.01795,-0.2,,
0.01796,0.2,0.01796,-0.2,,
0.01797,0.2,0.01797,-0.2,,
0.01798,0.2,0.01798,-0.2,,
0.01799,0.2,0.01799,-0.2,,
0.018,0.2,0.018,-0.2,,
0.01801,0.2,0.01801,0,,
0.01802,0.4,0.01802,-0.2,,
0.01803,0.2,0.01803,0,,
0.01804,0.2,0.01804,0,,
0.01805,0.2,0.01805,-0.2,,
0.01806,0.2,0.01806,0,,
0.01807,0.2,0.01807,-0.2,,
0.01808,0.2,0.01808,0,,
0.01809,0.4,0.01809,0,,
0.0181,0.2,0.0181,0,,
0.01811,0.2,0.01811,0,,
0.01812,0.2,0.01812,0,,
0.01813,0.2,0.01813,0,,
0.01814,0.2,0.01814,0,,
0.01815,0.2,0.01815,0,,
0.01816,0.2,0.01816,0,,
0.01817,0.2,0.01817,0,,
0.01818,0.2,0.01818,0,,
0.01819,0.2,0.01819,-0.2,,
0.0182,0.2,0.0182,0,,
0.01821,0.2,0.01821,0,,
0.01822,0.2,0.01822,0,,
0.01823,0.2,0.01823,0,,
0.01824,0.4,0.01824,-0.2,,
0.01825,0.2,0.01825,0,,
0.01826,0.2,0.01826,0,,
0.01827,0.2,0.01827,0,,
0.01828,0.2,0.01828,0,,
0.01829,0.2,0.01829,0,,
0.0183,0.2,0.0183,0,,
0.01831,0.2,0.01831,0,,
0.01832,0.2,0.01832,0,,
0.01833,0.2,0.01833,0,,
0.01834,0.2,0.01834,-0.2,,
0.01835,0.2,0.01835,0,,
0.01836,0.4,0.01836,0,,
0.01837,0.2,0.01837,0,,
0.01838,0.2,0.01838,-0.2,,
0.01839,0.2,0.01839,0,,
0.0184,0.4,0.0184,0,,
0.01841,0.2,0.01841,0,,
0.01842,0.2,0.01842,0,,
0.01843,0.2,0.01843,0,,
0.01844,0.2,0.01844,0,,
0.01845,0.2,0.01845,-0.2,,
0.01846,0.2,0.01846,0,,
0.01847,0.2,0.01847,-0.2,,
0.01848,0.2,0.01848,-0.2,,
0.01849,0.2,0.01849,0,,
0.0185,0.2,0.0185,0,,
0.01851,0.2,0.01851,0,,
0.01852,0.2,0.01852,0,,
0.01853,0.2,0.01853,0,,
0.01854,0.2,0.01854,0,,
0.01855,0.2,0.01855,0,,
0.01856,0.2,0.01856,-0.2,,
0.01857,0.2,0.01857,0,,
0.01858,0.2,0.01858,0,,
0.01859,0.2,0.01859,0,,
0.0186,0.2,0.0186,0,,
0.01861,0.4,0.01861,0,,
0.01862,0.2,0.01862,0,,
0.01863,0.2,0.01863,0,,
0.01864,0.2,0.01864,0,,
0.01865,0.4,0.01865,0,,
0.01866,0.2,0.01866,0,,
0.01867,0.2,0.01867,0,,
0.01868,0.2,0.01868,-0.2,,
0.01869,0.2,0.01869,0,,
0.0187,0.2,0.0187,0,,
0.01871,0.2,0.01871,0,,
0.01872,0.2,0.01872,-0.2,,
0.01873,0.2,0.01873,0,,
0.01874,0.2,0.01874,0,,
0.01875,0.2,0.01875,0,,
0.01876,0.2,0.01876,-0.2,,
0.01877,0.2,0.01877,0,,
0.01878,0.2,0.01878,-0.2,,
0.01879,0.2,0.01879,0,,
0.0188,0.2,0.0188,0,,
0.01881,0.2,0.01881,0,,
0.01882,0.2,0.01882,0,,
0.01883,0.2,0.01883,0,,
0.01884,0.2,0.01884,0,,
0.01885,0.2,0.01885,0,,
0.01886,0.2,0.01886,0,,
0.01887,0.2,0.01887,0,,
0.01888,0.4,0.01888,0,,
0.01889,0.4,0.01889,0,,
0.0189,0.2,0.0189,0,,
0.01891,0.2,0.01891,0,,
0.01892,0.2,0.01892,0,,
0.01893,0.2,0.01893,0,,
0.01894,0.2,0.01894,0,,
0.01895,0.2,0.01895,0,,
0.01896,0.2,0.01896,0,,
0.01897,0.2,0.01897,-0.2,,
0.01898,0.2,0.01898,0,,
0.01899,0.2,0.01899,0,,
0.019,0.4,0.019,0,,
0.01901,0.2,0.01901,0,,
0.01902,0.2,0.01902,0,,
0.01903,0.2,0.01903,0,,
0.01904,0.2,0.01904,0,,
0.01905,0.2,0.01905,0,,
0.01906,0.2,0.01906,0,,
0.01907,0.2,0.01907,0,,
0.01908,0.2,0.01908,-0.2,,
0.01909,0.2,0.01909,0,,
0.0191,0.2,0.0191,0,,
0.01911,0.2,0.01911,0,,
0.01912,0.2,0.01912,0,,
0.01913,0.2,0.01913,0,,
0.01914,0.4,0.01914,0,,
0.01915,0.2,0.01915,0,,
0.01916,0.2,0.01916,0,,
0.01917,0.2,0.01917,-0.2,,
0.01918,0.2,0.01918,0,,
0.01919,0.2,0.01919,0,,
0.0192,0.2,0.0192,0,,
0.01921,0.2,0.01921,0,,
0.01922,0.2,0.01922,0,,
0.01923,0.2,0.01923,0,,
0.01924,0.2,0.01924,0,,
0.01925,0.2,0.01925,-0.2,,
0.01926,0.2,0.01926,0,,
0.01927,0.2,0.01927,0,,
0.01928,0.2,0.01928,0,,
0.01929,0.2,0.01929,0,,
0.0193,0.2,0.0193,0,,
0.01931,0.2,0.01931,0,,
0.01932,0.2,0.01932,0,,
0.01933,0.2,0.01933,0,,
0.01934,0.2,0.01934,0,,
0.01935,0.2,0.01935,0,,
0.01936,0.2,0.01936,0,,
0.01937,0.2,0.01937,0,,
0.01938,0.2,0.01938,0,,
0.01939,0.2,0.01939,0,,
0.0194,0.2,0.0194,0,,
0.01941,0.2,0.01941,0,,
0.01942,0.4,0.01942,-0.2,,
0.01943,0.2,0.01943,0,,
0.01944,0.4,0.01944,0,,
0.01945,0.2,0.01945,-0.2,,
0.01946,0.2,0.01946,0,,
0.01947,0.2,0.01947,0,,
0.01948,0.2,0.01948,-0.2,,
0.01949,0.2,0.01949,0,,
0.0195,0.2,0.0195,0,,
0.01951,0.2,0.01951,0,,
0.01952,0.2,0.01952,0,,
0.01953,0.2,0.01953,0,,
0.01954,0.2,0.01954,0,,
0.01955,0.2,0.01955,0,,
0.01956,0.2,0.01956,0,,
0.01957,0.2,0.01957,-0.2,,
0.01958,0.2,0.01958,0,,
0.01959,0.2,0.01959,0,,
0.0196,0.2,0.0196,0,,
0.01961,0.2,0.01961,0,,
0.01962,0.2,0.01962,0,,
0.01963,0.2,0.01963,0,,
0.01964,0.2,0.01964,0,,
0.01965,0.2,0.01965,0,,
0.01966,0.4,0.01966,0,,
0.01967,0.4,0.01967,0,,
0.01968,0.2,0.01968,-0.2,,
0.01969,0.2,0.01969,0,,
0.0197,0.2,0.0197,0,,
0.01971,0.2,0.01971,0,,
0.01972,0.2,0.01972,0,,
0.01973,0.2,0.01973,0,,
0.01974,0.2,0.01974,0,,
0.01975,0.2,0.01975,-0.2,,
0.01976,0.2,0.01976,0,,
0.01977,0.2,0.01977,0,,
0.01978,0.2,0.01978,0,,
0.01979,0.2,0.01979,0,,
0.0198,0.2,0.0198,0,,
0.01981,0.2,0.01981,0,,
0.01982,0.2,0.01982,0,,
0.01983,0.2,0.01983,0,,
0.01984,0.2,0.01984,0,,
0.01985,0.2,0.01985,0,,
0.01986,0.2,0.01986,-0.2,,
0.01987,0.2,0.01987,0,,
0.01988,0.2,0.01988,0,,
0.01989,0.2,0.01989,0,,
0.0199,0.2,0.0199,0,,
0.01991,0.2,0.01991,0,,
0.01992,0.4,0.01992,0,,
0.01993,0.2,0.01993,0,,
0.01994,0.2,0.01994,0,,
0.01995,0.2,0.01995,-0.2,,
0.01996,0.2,0.01996,0,,
0.01997,0.2,0.01997,0,,
0.01998,0.2,0.01998,0,,
0.01999,0.2,0.01999,0,,
0.02,0.2,0.02,0,,
0.02001,0.2,0.02001,0,,
0.02002,0.2,0.02002,-0.2,,
0.02003,0.2,0.02003,0,,
0.02004,0.2,0.02004,0,,
0.02005,0.2,0.02005,0,,
0.02006,0.2,0.02006,0,,
0.02007,0.4,0.02007,0,,
0.02008,0.2,0.02008,0,,
0.02009,0.2,0.02009,0,,
0.0201,0.2,0.0201,0,,
0.02011,0.2,0.02011,0,,
0.02012,0.2,0.02012,0,,
0.02013,0.2,0.02013,-0.2,,
0.02014,0.4,0.02014,0,,
0.02015,0.2,0.02015,0,,
0.02016,0.2,0.02016,0,,
0.02017,0.2,0.02017,0,,
0.02018,0.2,0.02018,0,,
0.02019,0.2,0.02019,0,,
0.0202,0.2,0.0202,0,,
0.02021,0.2,0.02021,0,,
0.02022,0.4,0.02022,0,,
0.02023,0.4,0.02023,0,,
0.02024,0.2,0.02024,0,,
0.02025,0.2,0.02025,0,,
0.02026,0.2,0.02026,0,,
0.02027,0.2,0.02027,0,,
0.02028,0.2,0.02028,0,,
0.02029,0.2,0.02029,0,,
0.0203,0.2,0.0203,0,,
0.02031,0.2,0.02031,-0.2,,
0.02032,0.2,0.02032,0,,
0.02033,0.2,0.02033,0,,
0.02034,0.2,0.02034,0,,
0.02035,0.2,0.02035,0,,
0.02036,0.2,0.02036,0,,
0.02037,0.2,0.02037,0,,
0.02038,0.2,0.02038,0,,
0.02039,0.2,0.02039,0,,
0.0204,0.2,0.0204,0,,
0.02041,0.2,0.02041,-0.2,,
0.02042,0.2,0.02042,0,,
0.02043,0.2,0.02043,0,,
0.02044,0.2,0.02044,-0.2,,
0.02045,0.2,0.02045,0,,
0.02046,0.2,0.02046,0,,
0.02047,0.2,0.02047,0,,
0.02048,0.2,0.02048,0,,
0.02049,0.2,0.02049,0,,
0.0205,0.2,0.0205,0,,
0.02051,0.2,0.02051,-0.2,,
0.02052,0.2,0.02052,0,,
0.02053,0.2,0.02053,0,,
0.02054,0.2,0.02054,0,,
0.02055,0.2,0.02055,0,,
0.02056,0.2,0.02056,0,,
0.02057,0.2,0.02057,0,,
0.02058,0.2,0.02058,-0.2,,
0.02059,0.2,0.02059,0,,
0.0206,0.2,0.0206,0,,
0.02061,0.2,0.02061,0,,
0.02062,0.2,0.02062,0,,
0.02063,0.2,0.02063,0,,
0.02064,0.2,0.02064,0,,
0.02065,0.4,0.02065,0,,
0.02066,0.2,0.02066,0,,
0.02067,0.2,0.02067,0,,
0.02068,0.2,0.02068,-0.2,,
0.02069,0.2,0.02069,0,,
0.0207,0.2,0.0207,0,,
0.02071,0.2,0.02071,0,,
0.02072,0.2,0.02072,0,,
0.02073,0.2,0.02073,0,,
0.02074,0.4,0.02074,0,,
0.02075,0.2,0.02075,0,,
0.02076,0.2,0.02076,0,,
0.02077,0.2,0.02077,0,,
0.02078,0.2,0.02078,0,,
0.02079,0.2,0.02079,0,,
0.0208,0.2,0.0208,0,,
0.02081,0.2,0.02081,0,,
0.02082,0.2,0.02082,0,,
0.02083,0.2,0.02083,0,,
0.02084,0.2,0.02084,0,,
0.02085,0.2,0.02085,0,,
0.02086,0.2,0.02086,0,,
0.02087,0.2,0.02087,0,,
0.02088,0.2,0.02088,0,,
0.02089,0.2,0.02089,0,,
0.0209,0.2,0.0209,0,,
0.02091,0.2,0.02091,0,,
0.02092,0.2,0.02092,0,,
0.02093,0.2,0.02093,0,,
0.02094,0.2,0.02094,0,,
0.02095,0.2,0.02095,0,,
0.02096,0.4,0.02096,0,,
0.02097,0.2,0.02097,0,,
0.02098,0.2,0.02098,0,,
0.02099,0.2,0.02099,0,,
0.021,0.4,0.021,0,,
0.02101,0.2,0.02101,0,,
0.02102,0.2,0.02102,0,,
0.02103,0.2,0.02103,0,,
0.02104,0.2,0.02104,0,,
0.02105,0.2,0.02105,0,,
0.02106,0.2,0.02106,0,,
0.02107,0.2,0.02107,0,,
0.02108,0.2,0.02108,0,,
0.02109,0.2,0.02109,0,,
0.0211,0.2,0.0211,0,,
0.02111,0.2,0.02111,0,,
0.02112,0.2,0.02112,0,,
0.02113,0.2,0.02113,0,,
0.02114,0.2,0.02114,0,,
0.02115,0.2,0.02115,0,,
0.02116,0.2,0.02116,0,,
0.02117,0.2,0.02117,0,,
0.02118,0.2,0.02118,0,,
0.02119,0.2,0.02119,0,,
0.0212,0.2,0.0212,0,,
0.02121,0.2,0.02121,-0.2,,
0.02122,0.2,0.02122,0,,
0.02123,0.2,0.02123,0,,
0.02124,0.2,0.02124,0,,
0.02125,0.2,0.02125,0,,
0.02126,0.2,0.02126,0,,
0.02127,0.2,0.02127,0,,
0.02128,0.2,0.02128,0,,
0.02129,0.2,0.02129,0,,
0.0213,0.2,0.0213,0,,
0.02131,0.2,0.02131,0,,
0.02132,0.2,0.02132,0,,
0.02133,0.2,0.02133,0,,
0.02134,0.2,0.02134,0,,
0.02135,0.2,0.02135,0,,
0.02136,0.2,0.02136,-0.2,,
0.02137,0.2,0.02137,0,,
0.02138,0.2,0.02138,0,,
0.02139,0.2,0.02139,0,,
0.0214,0.2,0.0214,0,,
0.02141,0.4,0.02141,-0.2,,
0.02142,0.2,0.02142,0,,
0.02143,0.2,0.02143,0,,
0.02144,0.2,0.02144,-0.2,,
0.02145,0.2,0.02145,0,,
0.02146,0.4,0.02146,0,,
0.02147,0.4,0.02147,0,,
0.02148,0.2,0.02148,-0.2,,
0.02149,0.2,0.02149,-0.2,,
0.0215,0.2,0.0215,0,,
0.02151,0.2,0.02151,-0.2,,
0.02152,0.2,0.02152,0,,
0.02153,0.2,0.02153,-0.2,,
0.02154,0.2,0.02154,0,,
0.02155,0.2,0.02155,-0.2,,
0.02156,0.2,0.02156,0,,
0.02157,0.2,0.02157,0,,
0.02158,0.2,0.02158,-0.2,,
0.02159,0.2,0.02159,0,,
0.0216,0.2,0.0216,0,,
0.02161,0.2,0.02161,0,,
0.02162,0.2,0.02162,0,,
0.02163,0.2,0.02163,0,,
0.02164,0.2,0.02164,0,,
0.02165,0.2,0.02165,0,,
0.02166,0.2,0.02166,0,,
0.02167,0.2,0.02167,0,,
0.02168,0.2,0.02168,0,,
0.02169,0.2,0.02169,0,,
0.0217,0.2,0.0217,-0.2,,
0.02171,0.2,0.02171,0,,
0.02172,0.2,0.02172,0,,
0.02173,0.2,0.02173,0,,
0.02174,0.2,0.02174,0,,
0.02175,0.2,0.02175,0,,
0.02176,0.2,0.02176,0,,
0.02177,0.2,0.02177,0,,
0.02178,0.2,0.02178,0,,
0.02179,0.2,0.02179,0,,
0.0218,0.2,0.0218,0,,
0.02181,0.2,0.02181,0,,
0.02182,0.2,0.02182,0,,
0.02183,0.2,0.02183,0,,
0.02184,0.2,0.02184,0,,
0.02185,0.2,0.02185,0,,
0.02186,0.2,0.02186,0,,
0.02187,0.2,0.02187,0,,
0.02188,0.2,0.02188,0,,
0.02189,0.2,0.02189,-0.2,,
0.0219,0.2,0.0219,0,,
0.02191,0.2,0.02191,0,,
0.02192,0.4,0.02192,-0.2,,
0.02193,0.2,0.02193,0,,
0.02194,0.2,0.02194,0,,
0.02195,0.2,0.02195,-0.2,,
0.02196,0.2,0.02196,0,,
0.02197,0.2,0.02197,0,,
0.02198,0.2,0.02198,0,,
0.02199,0.2,0.02199,0,,
0.022,0.2,0.022,0,,
0.02201,0.2,0.02201,-0.2,,
0.02202,0.2,0.02202,0,,
0.02203,0.2,0.02203,0,,
0.02204,0.2,0.02204,0,,
0.02205,0.2,0.02205,0,,
0.02206,0.2,0.02206,0,,
0.02207,0.2,0.02207,-0.2,,
0.02208,0.2,0.02208,0,,
0.02209,0.2,0.02209,0,,
0.0221,0.2,0.0221,0,,
0.02211,0.2,0.02211,0,,
0.02212,0.2,0.02212,0,,
0.02213,0.4,0.02213,-0.2,,
0.02214,0.4,0.02214,0,,
0.02215,0.4,0.02215,0,,
0.02216,0.2,0.02216,0,,
0.02217,0.2,0.02217,0,,
0.02218,0.2,0.02218,0,,
0.02219,0.2,0.02219,0,,
0.0222,0.2,0.0222,0,,
0.02221,0.2,0.02221,0,,
0.02222,0.2,0.02222,0,,
0.02223,0.2,0.02223,0,,
0.02224,0.2,0.02224,-0.2,,
0.02225,0.2,0.02225,0,,
0.02226,0.2,0.02226,0,,
0.02227,0.2,0.02227,0,,
0.02228,0.2,0.02228,0,,
0.02229,0.2,0.02229,-0.2,,
0.0223,0.2,0.0223,0,,
0.02231,0.2,0.02231,0,,
0.02232,0.2,0.02232,0,,
0.02233,0.4,0.02233,0,,
0.02234,0.2,0.02234,0,,
0.02235,0.2,0.02235,0,,
0.02236,0.2,0.02236,0,,
0.02237,0.2,0.02237,0,,
0.02238,0.2,0.02238,0,,
0.02239,0.2,0.02239,0,,
0.0224,0.4,0.0224,0,,
0.02241,0.2,0.02241,-0.2,,
0.02242,0.2,0.02242,0,,
0.02243,0.2,0.02243,0,,
0.02244,0.2,0.02244,0,,
0.02245,0.2,0.02245,-0.2,,
0.02246,0.2,0.02246,0,,
0.02247,0.2,0.02247,0,,
0.02248,0.2,0.02248,0,,
0.02249,0.2,0.02249,0,,
0.0225,10.2,0.0225,9.2,,
0.02251,10.2,0.02251,8.4,,
0.02252,10.2,0.02252,7.6,,
0.02253,10.2,0.02253,6.8,,
0.02254,10.4,0.02254,6,,
0.02255,10.2,0.02255,5.6,,
0.02256,10.2,0.02256,5,,
0.02257,10.2,0.02257,4.6,,
0.02258,10.2,0.02258,4.2,,
0.02259,10.2,0.02259,3.8,,
0.0226,10.2,0.0226,3.4,,
0.02261,10.2,0.02261,3.2,,
0.02262,10.2,0.02262,2.8,,
0.02263,10.2,0.02263,2.6,,
0.02264,10.4,0.02264,2.2,,
0.02265,10.4,0.02265,2,,
0.02266,10.2,0.02266,1.8,,
0.02267,10.2,0.02267,1.6,,
0.02268,10.2,0.02268,1.4,,
0.02269,10.2,0.02269,1.4,,
0.0227,10.4,0.0227,1.2,,
0.02271,10.2,0.02271,1,,
0.02272,10.2,0.02272,1,,
0.02273,10.2,0.02273,0.8,,
0.02274,10.2,0.02274,0.8,,
0.02275,10.2,0.02275,0.6,,
0.02276,10.4,0.02276,0.6,,
0.02277,10.4,0.02277,0.6,,
0.02278,10.4,0.02278,0.6,,
0.02279,10.4,0.02279,0.4,,
0.0228,10.4,0.0228,0.4,,
0.02281,10.2,0.02281,0.4,,
0.02282,10.4,0.02282,0.2,,
0.02283,10.2,0.02283,0.2,,
0.02284,10.4,0.02284,0.4,,
0.02285,10.4,0.02285,0.2,,
0.02286,10.2,0.02286,0.2,,
0.02287,10.4,0.02287,0.2,,
0.02288,10.4,0.02288,0.2,,
0.02289,10.2,0.02289,0.2,,
0.0229,10.2,0.0229,0,,
0.02291,10.4,0.02291,0.2,,
0.02292,10.4,0.02292,0,,
0.02293,10.4,0.02293,0.2,,
0.02294,10.4,0.02294,0,,
0.02295,10.4,0.02295,0.2,,
0.02296,10.4,0.02296,0,,
0.02297,10.2,0.02297,0.2,,
0.02298,10.4,0.02298,0,,
0.02299,10.4,0.02299,0,,
0.023,10.4,0.023,0,,
0.02301,10.4,0.02301,0,,
0.02302,10.2,0.02302,0,,
0.02303,10.4,0.02303,0,,
0.02304,10.4,0.02304,0,,
0.02305,10.2,0.02305,0,,
0.02306,10.4,0.02306,0,,
0.02307,10.2,0.02307,0,,
0.02308,10.4,0.02308,0,,
0.02309,10.4,0.02309,0,,
0.0231,10.2,0.0231,0,,
0.02311,10.4,0.02311,0,,
0.02312,10.4,0.02312,0,,
0.02313,10.2,0.02313,0,,
0.02314,10.2,0.02314,0,,
0.02315,10.4,0.02315,0,,
0.02316,10.2,0.02316,0,,
0.02317,10.4,0.02317,0,,
0.02318,10.2,0.02318,-0.2,,
0.02319,10.4,0.02319,0,,
0.0232,10.4,0.0232,0,,
0.02321,10.4,0.02321,0,,
0.02322,10.4,0.02322,0,,
0.02323,10.4,0.02323,0,,
0.02324,10.4,0.02324,-0.2,,
0.02325,10.2,0.02325,-0.2,,
0.02326,10.2,0.02326,0,,
0.02327,10.4,0.02327,0,,
0.02328,10.2,0.02328,0,,
0.02329,10.2,0.02329,0,,
0.0233,10.2,0.0233,0,,
0.02331,10.4,0.02331,0,,
0.02332,10.2,0.02332,0,,
0.02333,10.2,0.02333,0,,
0.02334,10.4,0.02334,0,,
0.02335,10.4,0.02335,0,,
0.02336,10.4,0.02336,0,,
0.02337,10.4,0.02337,-0.2,,
0.02338,10.4,0.02338,0,,
0.02339,10.2,0.02339,0,,
0.0234,10.2,0.0234,0,,
0.02341,10.4,0.02341,-0.2,,
0.02342,10.4,0.02342,0,,
0.02343,10.4,0.02343,0,,
0.02344,10.4,0.02344,0,,
0.02345,10.2,0.02345,0,,
0.02346,10.4,0.02346,0,,
0.02347,10.4,0.02347,0,,
0.02348,10.4,0.02348,0,,
0.02349,10.4,0.02349,0,,
0.0235,10.4,0.0235,0,,
0.02351,10.4,0.02351,0,,
0.02352,10.4,0.02352,0,,
0.02353,10.4,0.02353,0,,
0.02354,10.4,0.02354,0,,
0.02355,10.4,0.02355,0,,
0.02356,10.4,0.02356,0,,
0.02357,10.4,0.02357,0,,
0.02358,10.4,0.02358,0,,
0.02359,10.2,0.02359,0,,
0.0236,10.4,0.0236,0,,
0.02361,10.4,0.02361,0,,
0.02362,10.2,0.02362,0,,
0.02363,10.4,0.02363,0,,
0.02364,10.4,0.02364,0,,
0.02365,10.2,0.02365,-0.2,,
0.02366,10.4,0.02366,0,,
0.02367,10.2,0.02367,0,,
0.02368,10.2,0.02368,0,,
0.02369,10.2,0.02369,0,,
0.0237,10.4,0.0237,0,,
0.02371,10.2,0.02371,0,,
0.02372,10.2,0.02372,0,,
0.02373,10.4,0.02373,0,,
0.02374,10.4,0.02374,0,,
0.02375,10.4,0.02375,0,,
0.02376,10.4,0.02376,-0.2,,
0.02377,10.2,0.02377,0,,
0.02378,10.4,0.02378,0,,
0.02379,10.2,0.02379,0,,
0.0238,10.4,0.0238,0,,
0.02381,10.4,0.02381,0,,
0.02382,10.2,0.02382,0,,
0.02383,10.4,0.02383,0,,
0.02384,10.2,0.02384,0,,
0.02385,10.4,0.02385,0,,
0.02386,10.2,0.02386,0,,
0.02387,10.4,0.02387,-0.2,,
0.02388,10.4,0.02388,0,,
0.02389,10.2,0.02389,0,,
0.0239,10.4,0.0239,0,,
0.02391,10.4,0.02391,0,,
0.02392,10.2,0.02392,0,,
0.02393,10.2,0.02393,0,,
0.02394,10.2,0.02394,0,,
0.02395,10.4,0.02395,0,,
0.02396,10.2,0.02396,-0.2,,
0.02397,10.2,0.02397,0,,
0.02398,10.4,0.02398,0,,
0.02399,10.4,0.02399,0,,
0.024,10.2,0.024,0,,
0.02401,10.4,0.02401,0,,
0.02402,10.4,0.02402,0,,
0.02403,10.2,0.02403,0,,
0.02404,10.4,0.02404,-0.2,,
0.02405,10.2,0.02405,0,,
0.02406,10.4,0.02406,0,,
0.02407,10.2,0.02407,0,,
0.02408,10.2,0.02408,0,,
0.02409,10.2,0.02409,0,,
0.0241,10.4,0.0241,0,,
0.02411,10.2,0.02411,0,,
0.02412,10.4,0.02412,0,,
0.02413,10.4,0.02413,0,,
0.02414,10.4,0.02414,-0.2,,
0.02415,10.2,0.02415,0,,
0.02416,10.2,0.02416,0,,
0.02417,10.4,0.02417,-0.2,,
0.02418,10.4,0.02418,0,,
0.02419,10.2,0.02419,0,,
0.0242,10.2,0.0242,0,,
0.02421,10.2,0.02421,0,,
0.02422,10.4,0.02422,0,,
0.02423,10.2,0.02423,0,,
0.02424,10.2,0.02424,0,,
0.02425,10.4,0.02425,0,,
0.02426,10.2,0.02426,0,,
0.02427,10.2,0.02427,0,,
0.02428,10.4,0.02428,-0.2,,
0.02429,10.2,0.02429,0,,
0.0243,10.2,0.0243,0,,
0.02431,10.4,0.02431,0,,
0.02432,10.2,0.02432,0,,
0.02433,10.4,0.02433,0,,
0.02434,10.2,0.02434,0,,
0.02435,10.4,0.02435,0,,
0.02436,10.4,0.02436,-0.2,,
0.02437,10.4,0.02437,0,,
0.02438,10.4,0.02438,0,,
0.02439,10.4,0.02439,-0.2,,
0.0244,10.4,0.0244,0,,
0.02441,10.4,0.02441,0,,
0.02442,10.2,0.02442,0,,
0.02443,10.4,0.02443,0,,
0.02444,10.2,0.02444,0,,
0.02445,10.4,0.02445,0,,
0.02446,10.2,0.02446,0,,
0.02447,10.2,0.02447,0,,
0.02448,10.2,0.02448,0,,
0.02449,10.2,0.02449,0,,
0.0245,10.2,0.0245,0,,
0.02451,10.4,0.02451,0,,
0.02452,10.2,0.02452,0,,
0.02453,10.4,0.02453,0,,
0.02454,10.4,0.02454,0,,
0.02455,10.4,0.02455,0,,
0.02456,10.4,0.02456,0,,
0.02457,10.2,0.02457,0,,
0.02458,10.4,0.02458,0,,
0.02459,10.4,0.02459,0,,
0.0246,10.4,0.0246,0,,
0.02461,10.2,0.02461,0,,
0.02462,10.4,0.02462,0,,
0.02463,10.4,0.02463,0,,
0.02464,10.4,0.02464,0,,
0.02465,10.2,0.02465,0,,
0.02466,10.2,0.02466,0,,
0.02467,10.4,0.02467,0,,
0.02468,10.4,0.02468,0,,
0.02469,10.4,0.02469,0,,
0.0247,10.4,0.0247,0,,
0.02471,10.4,0.02471,0,,
0.02472,10.2,0.02472,0,,
0.02473,10.2,0.02473,0,,
0.02474,10.4,0.02474,0,,
0.02475,10.2,0.02475,0,,
0.02476,10.4,0.02476,0,,
0.02477,10.2,0.02477,0,,
0.02478,10.4,0.02478,-0.2,,
0.02479,10.4,0.02479,0,,
0.0248,10.2,0.0248,0,,
0.02481,10.2,0.02481,0,,
0.02482,10.2,0.02482,0,,
0.02483,10.4,0.02483,0,,
0.02484,10.2,0.02484,0,,
0.02485,10.2,0.02485,0,,
0.02486,10.4,0.02486,0,,
0.02487,10.2,0.02487,0,,
0.02488,10.2,0.02488,0,,
0.02489,10.2,0.02489,0,,
0.0249,10.2,0.0249,0,,
0.02491,10.4,0.02491,0,,
0.02492,10.4,0.02492,0,,
0.02493,10.4,0.02493,0,,
0.02494,10.4,0.02494,0,,
0.02495,10.2,0.02495,0,,
0.02496,10.4,0.02496,0,,
0.02497,10.2,0.02497,0,,
0.02498,10.2,0.02498,-0.2,,
0.02499,10.4,0.02499,0,,