Time - Plot 0,Amplitude - Plot 0,Time - Plot 1,Amplitude - Plot 1,,,,
0,-0.4,0,0,,,,
1.00E-07,-0.6,1.00E-07,-0.2,,,,4d
2.00E-07,-0.8,2.00E-07,0,,,,waveform as a function of time
3.00E-07,-0.8,3.00E-07,-0.6,,,,
4.00E-07,-0.8,4.00E-07,-0.6,,,,
5.00E-07,-0.6,5.00E-07,-0.4,,,,
6.00E-07,-1,6.00E-07,0.2,,,,
7.00E-07,-0.6,7.00E-07,0.2,,,,
8.00E-07,-0.8,8.00E-07,0.2,,,,
9.00E-07,-1,9.00E-07,0.2,,,,
1.00E-06,-0.6,1.00E-06,0.4,,,,
1.10E-06,-0.6,1.10E-06,0.2,,,,
1.20E-06,-1,1.20E-06,0,,,,
1.30E-06,-0.8,1.30E-06,0.2,,,,
1.40E-06,-1,1.40E-06,0,,,,
1.50E-06,-1.2,1.50E-06,0,,,,
1.60E-06,-0.8,1.60E-06,0.2,,,,
1.70E-06,-0.4,1.70E-06,0.2,,,,
1.80E-06,-0.6,1.80E-06,0,,,,
1.90E-06,-0.8,1.90E-06,0.2,,,,
2.00E-06,-1,2.00E-06,0,,,,
2.10E-06,-1.2,2.10E-06,0.2,,,,
2.20E-06,-0.6,2.20E-06,0.4,,,,
2.30E-06,-0.8,2.30E-06,0.4,,,,
2.40E-06,-0.8,2.40E-06,0.2,,,,
2.50E-06,-1,2.50E-06,0.2,,,,
2.60E-06,-0.8,2.60E-06,0.2,,,,
2.70E-06,-1,2.70E-06,0.2,,,,
2.80E-06,-0.8,2.80E-06,0.4,,,,
2.90E-06,-1,2.90E-06,0.6,,,,
3.00E-06,-1,3.00E-06,0.2,,,,
3.10E-06,-1,3.10E-06,0.4,,,,
3.20E-06,-1,3.20E-06,0.4,,,,
3.30E-06,-0.6,3.30E-06,0.2,,,,
3.40E-06,-1,3.40E-06,0.4,,,,
3.50E-06,-1,3.50E-06,0.4,,,,
3.60E-06,-1,3.60E-06,0.4,,,,
3.70E-06,-0.8,3.70E-06,0.2,,,,
3.80E-06,-1,3.80E-06,0.4,,,,
3.90E-06,-1,3.90E-06,0.6,,,,
4.00E-06,-1,4.00E-06,0.6,,,,
4.10E-06,-1.2,4.10E-06,1,,,,
4.20E-06,-1,4.20E-06,0.6,,,,
4.30E-06,-0.6,4.30E-06,0.8,,,,
4.40E-06,-1.2,4.40E-06,0.4,,,,
4.50E-06,-1,4.50E-06,0.6,,,,
4.60E-06,-1,4.60E-06,0.8,,,,
4.70E-06,-1,4.70E-06,0.8,,,,
4.80E-06,-1,4.80E-06,0.8,,,,
4.90E-06,-0.8,4.90E-06,0.8,,,,
5.00E-06,-1,5.00E-06,0.8,,,,
5.10E-06,-0.6,5.10E-06,0.8,,,,
5.20E-06,-0.8,5.20E-06,0.8,,,,
5.30E-06,-0.8,5.30E-06,0.8,,,,
5.40E-06,-1.2,5.40E-06,1,,,,
5.50E-06,-0.8,5.50E-06,1,,,,
5.60E-06,-1,5.60E-06,1.2,,,,
5.70E-06,-1,5.70E-06,1,,,,
5.80E-06,-0.8,5.80E-06,1,,,,
5.90E-06,-0.8,5.90E-06,1,,,,
6.00E-06,-1,6.00E-06,1,,,,
6.10E-06,-1,6.10E-06,1.2,,,,
6.20E-06,-0.8,6.20E-06,1,,,,
6.30E-06,-1,6.30E-06,1.2,,,,
6.40E-06,-0.8,6.40E-06,1.2,,,,
6.50E-06,-1,6.50E-06,1.2,,,,
6.60E-06,-1,6.60E-06,1.2,,,,
6.70E-06,-0.8,6.70E-06,1,,,,
6.80E-06,-0.8,6.80E-06,1.2,,,,
6.90E-06,-1,6.90E-06,1.4,,,,
7.00E-06,-0.8,7.00E-06,1.2,,,,
7.10E-06,-0.8,7.10E-06,1.2,,,,
7.20E-06,-0.8,7.20E-06,1.4,,,,
7.30E-06,-0.8,7.30E-06,1.6,,,,
7.40E-06,-1,7.40E-06,1.8,,,,
7.50E-06,-1,7.50E-06,1.8,,,,
7.60E-06,-0.8,7.60E-06,1.6,,,,
7.70E-06,-0.8,7.70E-06,1.6,,,,
7.80E-06,-0.8,7.80E-06,1.8,,,,
7.90E-06,-0.8,7.90E-06,1.4,,,,
8.00E-06,-0.6,8.00E-06,1.6,,,,
8.10E-06,-0.8,8.10E-06,1.6,,,,
8.20E-06,-0.6,8.20E-06,1.8,,,,
8.30E-06,-0.6,8.30E-06,2,,,,
8.40E-06,-0.8,8.40E-06,1.8,,,,
8.50E-06,-0.6,8.50E-06,1.6,,,,
8.60E-06,-0.6,8.60E-06,1.8,,,,
8.70E-06,-0.6,8.70E-06,1.4,,,,
8.80E-06,-0.4,8.80E-06,2,,,,
8.90E-06,-0.6,8.90E-06,1.8,,,,
9.00E-06,-0.8,9.00E-06,1.8,,,,
9.10E-06,-0.4,9.10E-06,2,,,,
9.20E-06,-0.8,9.20E-06,2,,,,
9.30E-06,-0.8,9.30E-06,2.2,,,,
9.40E-06,-0.8,9.40E-06,2,,,,
9.50E-06,-0.6,9.50E-06,2.2,,,,
9.60E-06,-0.6,9.60E-06,2,,,,
9.70E-06,-0.4,9.70E-06,2,,,,
9.80E-06,-0.8,9.80E-06,2.2,,,,
9.90E-06,-0.4,9.90E-06,2,,,,
1.00E-05,-0.4,1.00E-05,2.2,,,,
1.01E-05,-0.2,1.01E-05,2.2,,,,
1.02E-05,-0.4,1.02E-05,1.8,,,,
1.03E-05,-0.8,1.03E-05,2,,,,
1.04E-05,-0.2,1.04E-05,2.2,,,,
1.05E-05,-0.6,1.05E-05,2.4,,,,
1.06E-05,-0.4,1.06E-05,2.4,,,,
1.07E-05,-0.2,1.07E-05,2.4,,,,
1.08E-05,-0.2,1.08E-05,2.4,,,,
1.09E-05,-0.2,1.09E-05,2.4,,,,
1.10E-05,-0.2,1.10E-05,2.4,,,,
1.11E-05,-0.6,1.11E-05,2.6,,,,
1.12E-05,-0.4,1.12E-05,2.4,,,,
1.13E-05,-0.2,1.13E-05,2.6,,,,
1.14E-05,-0.6,1.14E-05,2.6,,,,
1.15E-05,-0.2,1.15E-05,2.6,,,,
1.16E-05,0,1.16E-05,2.6,,,,
1.17E-05,0.2,1.17E-05,2.4,,,,
1.18E-05,0,1.18E-05,2.6,,,,
1.19E-05,-0.2,1.19E-05,2.6,,,,
1.20E-05,-0.2,1.20E-05,2.6,,,,
1.21E-05,0.4,1.21E-05,2.8,,,,
1.22E-05,-0.2,1.22E-05,3,,,,
1.23E-05,0,1.23E-05,2.8,,,,
1.24E-05,-0.2,1.24E-05,3,,,,
1.25E-05,-0.2,1.25E-05,3,,,,
1.26E-05,0,1.26E-05,2.8,,,,
1.27E-05,0,1.27E-05,3,,,,
1.28E-05,-0.2,1.28E-05,3,,,,
1.29E-05,0.2,1.29E-05,2.8,,,,
1.30E-05,0.2,1.30E-05,3,,,,
1.31E-05,0,1.31E-05,2.8,,,,
1.32E-05,0.2,1.32E-05,3,,,,
1.33E-05,0,1.33E-05,3,,,,
1.34E-05,0.2,1.34E-05,3,,,,
1.35E-05,0.4,1.35E-05,3,,,,
1.36E-05,0.2,1.36E-05,3,,,,
1.37E-05,0.2,1.37E-05,3,,,,
1.38E-05,0,1.38E-05,3.4,,,,
1.39E-05,0.4,1.39E-05,3,,,,
1.40E-05,0.4,1.40E-05,3.2,,,,
1.41E-05,0.2,1.41E-05,3.4,,,,
1.42E-05,0.4,1.42E-05,3.2,,,,
1.43E-05,0.6,1.43E-05,3.2,,,,
1.44E-05,0.6,1.44E-05,3.4,,,,
1.45E-05,0.6,1.45E-05,3.6,,,,
1.46E-05,0.4,1.46E-05,3.6,,,,
1.47E-05,0.4,1.47E-05,3.4,,,,
1.48E-05,0.4,1.48E-05,3.6,,,,
1.49E-05,0.6,1.49E-05,3.4,,,,
1.50E-05,0.6,1.50E-05,3.4,,,,
1.51E-05,0.6,1.51E-05,3.4,,,,
1.52E-05,1,1.52E-05,3.6,,,,
1.53E-05,0.6,1.53E-05,3.6,,,,
1.54E-05,0.8,1.54E-05,3.8,,,,
1.55E-05,0.8,1.55E-05,3.8,,,,
1.56E-05,1,1.56E-05,3.4,,,,
1.57E-05,1,1.57E-05,3.8,,,,
1.58E-05,1,1.58E-05,3.6,,,,
1.59E-05,0.8,1.59E-05,3.8,,,,
1.60E-05,1,1.60E-05,4,,,,
1.61E-05,1,1.61E-05,3.8,,,,
1.62E-05,1.2,1.62E-05,3.6,,,,
1.63E-05,1.4,1.63E-05,3.6,,,,
1.64E-05,1,1.64E-05,3.8,,,,
1.65E-05,1.4,1.65E-05,3.8,,,,
1.66E-05,1.2,1.66E-05,3.4,,,,
1.67E-05,1.6,1.67E-05,4,,,,
1.68E-05,1.2,1.68E-05,3.8,,,,
1.69E-05,1.4,1.69E-05,3.8,,,,
1.70E-05,1.6,1.70E-05,3.8,,,,
1.71E-05,1.6,1.71E-05,4,,,,
1.72E-05,1.6,1.72E-05,4.2,,,,
1.73E-05,1.8,1.73E-05,4,,,,
1.74E-05,1.6,1.74E-05,4,,,,
1.75E-05,1.6,1.75E-05,4,,,,
1.76E-05,2,1.76E-05,4.2,,,,
1.77E-05,1.6,1.77E-05,4,,,,
1.78E-05,1.8,1.78E-05,4,,,,
1.79E-05,1.8,1.79E-05,4,,,,
1.80E-05,1.8,1.80E-05,4.2,,,,
1.81E-05,1.8,1.81E-05,4,,,,
1.82E-05,2,1.82E-05,4.2,,,,
1.83E-05,1.8,1.83E-05,4,,,,
1.84E-05,2,1.84E-05,4.2,,,,
1.85E-05,2,1.85E-05,4,,,,
1.86E-05,2.2,1.86E-05,4,,,,
1.87E-05,2.4,1.87E-05,4.2,,,,
1.88E-05,2,1.88E-05,4,,,,
1.89E-05,2.2,1.89E-05,4.2,,,,
1.90E-05,2.4,1.90E-05,4.2,,,,
1.91E-05,2.4,1.91E-05,4.4,,,,
1.92E-05,2.4,1.92E-05,4.4,,,,
1.93E-05,2.4,1.93E-05,4.2,,,,
1.94E-05,2.4,1.94E-05,4.2,,,,
1.95E-05,2.4,1.95E-05,4.4,,,,
1.96E-05,2.6,1.96E-05,4.2,,,,
1.97E-05,2.4,1.97E-05,4.2,,,,
1.98E-05,2.8,1.98E-05,4.2,,,,
1.99E-05,2.8,1.99E-05,4.4,,,,
2.00E-05,2.6,2.00E-05,4.6,,,,
2.01E-05,2.8,2.01E-05,4.2,,,,
2.02E-05,2.4,2.02E-05,4.2,,,,
2.03E-05,2.8,2.03E-05,4,,,,
2.04E-05,3,2.04E-05,4.6,,,,
2.05E-05,2.8,2.05E-05,4.4,,,,
2.06E-05,3.4,2.06E-05,4.6,,,,
2.07E-05,3,2.07E-05,4.6,,,,
2.08E-05,3.4,2.08E-05,4.4,,,,
2.09E-05,3.2,2.09E-05,4.4,,,,
2.10E-05,3.2,2.10E-05,4.4,,,,
2.11E-05,3.2,2.11E-05,4.6,,,,
2.12E-05,3,2.12E-05,4.4,,,,
2.13E-05,3.2,2.13E-05,4.6,,,,
2.14E-05,3.6,2.14E-05,4.2,,,,
2.15E-05,3.8,2.15E-05,4.4,,,,
2.16E-05,3.6,2.16E-05,4.6,,,,
2.17E-05,3.6,2.17E-05,4.6,,,,
2.18E-05,3.6,2.18E-05,4.4,,,,
2.19E-05,3.6,2.19E-05,4.4,,,,
2.20E-05,3.8,2.20E-05,4.6,,,,
2.21E-05,3.6,2.21E-05,4.6,,,,
2.22E-05,3.6,2.22E-05,4.4,,,,
2.23E-05,3.8,2.23E-05,4.6,,,,
2.24E-05,3.8,2.24E-05,4.6,,,,
2.25E-05,4,2.25E-05,4.8,,,,
2.26E-05,3.8,2.26E-05,4.6,,,,
2.27E-05,3.8,2.27E-05,4.4,,,,
2.28E-05,4,2.28E-05,4.4,,,,
2.29E-05,4,2.29E-05,4.6,,,,
2.30E-05,4,2.30E-05,4.4,,,,
2.31E-05,4,2.31E-05,4.4,,,,
2.32E-05,4.2,2.32E-05,4.4,,,,
2.33E-05,4.2,2.33E-05,4.4,,,,
2.34E-05,4.4,2.34E-05,4.4,,,,
2.35E-05,4.2,2.35E-05,4.6,,,,
2.36E-05,4.2,2.36E-05,4.6,,,,
2.37E-05,4.4,2.37E-05,4.4,,,,
2.38E-05,4.2,2.38E-05,4.6,,,,
2.39E-05,4.6,2.39E-05,4.6,,,,
2.40E-05,4.6,2.40E-05,4.6,,,,
2.41E-05,4.6,2.41E-05,4.4,,,,
2.42E-05,4.8,2.42E-05,4.2,,,,
2.43E-05,4.6,2.43E-05,4.6,,,,
2.44E-05,4.6,2.44E-05,4.4,,,,
2.45E-05,4.6,2.45E-05,4.2,,,,
2.46E-05,5,2.46E-05,4.4,,,,
2.47E-05,4.8,2.47E-05,4.4,,,,
2.48E-05,5,2.48E-05,4.4,,,,
2.49E-05,5,2.49E-05,4.4,,,,
2.50E-05,5.4,2.50E-05,4,,,,
2.51E-05,5.2,2.51E-05,4.2,,,,
2.52E-05,5,2.52E-05,4.6,,,,
2.53E-05,5.2,2.53E-05,4.4,,,,
2.54E-05,5,2.54E-05,4.4,,,,
2.55E-05,5.2,2.55E-05,4.2,,,,
2.56E-05,5.6,2.56E-05,4.4,,,,
2.57E-05,5.2,2.57E-05,4,,,,
2.58E-05,5.4,2.58E-05,4.4,,,,
2.59E-05,5.2,2.59E-05,4.2,,,,
2.60E-05,5.6,2.60E-05,4.4,,,,
2.61E-05,5.4,2.61E-05,4.2,,,,
2.62E-05,5.8,2.62E-05,4.2,,,,
2.63E-05,5.2,2.63E-05,4,,,,
2.64E-05,5.8,2.64E-05,4.4,,,,
2.65E-05,5.6,2.65E-05,4,,,,
2.66E-05,5.8,2.66E-05,4.2,,,,
2.67E-05,5.6,2.67E-05,3.8,,,,
2.68E-05,6,2.68E-05,4,,,,
2.69E-05,6.2,2.69E-05,4,,,,
2.70E-05,5.8,2.70E-05,4,,,,
2.71E-05,6,2.71E-05,4,,,,
2.72E-05,6.2,2.72E-05,4,,,,
2.73E-05,6,2.73E-05,4.2,,,,
2.74E-05,6,2.74E-05,4,,,,
2.75E-05,6.2,2.75E-05,4,,,,
2.76E-05,6.2,2.76E-05,4,,,,
2.77E-05,6.2,2.77E-05,4,,,,
2.78E-05,6.2,2.78E-05,4,,,,
2.79E-05,6.4,2.79E-05,3.8,,,,
2.80E-05,6.4,2.80E-05,4.2,,,,
2.81E-05,6.6,2.81E-05,3.8,,,,
2.82E-05,6.6,2.82E-05,3.6,,,,
2.83E-05,6.4,2.83E-05,3.6,,,,
2.84E-05,6.6,2.84E-05,3.8,,,,
2.85E-05,6.4,2.85E-05,3.6,,,,
2.86E-05,6.6,2.86E-05,3.6,,,,
2.87E-05,6.6,2.87E-05,3.6,,,,
2.88E-05,6.6,2.88E-05,3.6,,,,
2.89E-05,7,2.89E-05,3.6,,,,
2.90E-05,6.8,2.90E-05,3.8,,,,
2.91E-05,6.8,2.91E-05,3.8,,,,
2.92E-05,6.8,2.92E-05,3.6,,,,
2.93E-05,7,2.93E-05,3.8,,,,
2.94E-05,6.8,2.94E-05,3.4,,,,
2.95E-05,7,2.95E-05,3.4,,,,
2.96E-05,6.8,2.96E-05,3.6,,,,
2.97E-05,7.2,2.97E-05,3.4,,,,
2.98E-05,7.2,2.98E-05,3.4,,,,
2.99E-05,7.4,2.99E-05,3.6,,,,
3.00E-05,7.4,3.00E-05,3,,,,
3.01E-05,7,3.01E-05,3.2,,,,
3.02E-05,7.2,3.02E-05,2.6,,,,
3.03E-05,7,3.03E-05,3.4,,,,
3.04E-05,7.6,3.04E-05,3.4,,,,
3.05E-05,7.6,3.05E-05,3.2,,,,
3.06E-05,7.4,3.06E-05,3.2,,,,
3.07E-05,7.8,3.07E-05,3.2,,,,
3.08E-05,7.6,3.08E-05,3.2,,,,
3.09E-05,7.6,3.09E-05,3.2,,,,
3.10E-05,7.6,3.10E-05,3,,,,
3.11E-05,7.6,3.11E-05,2.8,,,,
3.12E-05,7.6,3.12E-05,2.8,,,,
3.13E-05,7.8,3.13E-05,2.8,,,,
3.14E-05,7.6,3.14E-05,2.8,,,,
3.15E-05,8,3.15E-05,2.8,,,,
3.16E-05,7.6,3.16E-05,2.6,,,,
3.17E-05,7.6,3.17E-05,2.8,,,,
3.18E-05,7.6,3.18E-05,2.4,,,,
3.19E-05,8,3.19E-05,2.8,,,,
3.20E-05,7.8,3.20E-05,2.8,,,,
3.21E-05,7.8,3.21E-05,2.8,,,,
3.22E-05,8,3.22E-05,2.6,,,,
3.23E-05,7.8,3.23E-05,2.6,,,,
3.24E-05,7.8,3.24E-05,2.4,,,,
3.25E-05,7.8,3.25E-05,2.4,,,,
3.26E-05,8,3.26E-05,2.4,,,,
3.27E-05,8,3.27E-05,2.6,,,,
3.28E-05,8.2,3.28E-05,2.2,,,,
3.29E-05,8,3.29E-05,2.2,,,,
3.30E-05,8.2,3.30E-05,2.2,,,,
3.31E-05,8.2,3.31E-05,2.2,,,,
3.32E-05,8.2,3.32E-05,2,,,,
3.33E-05,8.4,3.33E-05,2,,,,
3.34E-05,8.2,3.34E-05,2,,,,
3.35E-05,8.4,3.35E-05,2,,,,
3.36E-05,8.4,3.36E-05,2,,,,
3.37E-05,8.2,3.37E-05,1.8,,,,
3.38E-05,8.6,3.38E-05,2,,,,
3.39E-05,8.4,3.39E-05,2,,,,
3.40E-05,8.8,3.40E-05,1.6,,,,
3.41E-05,8.6,3.41E-05,1.8,,,,
3.42E-05,8.6,3.42E-05,1.8,,,,
3.43E-05,8.6,3.43E-05,1.8,,,,
3.44E-05,8.6,3.44E-05,1.6,,,,
3.45E-05,8.6,3.45E-05,1.6,,,,
3.46E-05,8.6,3.46E-05,1.6,,,,
3.47E-05,8.6,3.47E-05,1.4,,,,
3.48E-05,8.6,3.48E-05,1.2,,,,
3.49E-05,8.8,3.49E-05,1.4,,,,
3.50E-05,8.6,3.50E-05,1.2,,,,
3.51E-05,8.4,3.51E-05,1.2,,,,
3.52E-05,8.8,3.52E-05,1.6,,,,
3.53E-05,8.6,3.53E-05,1.2,,,,
3.54E-05,8.8,3.54E-05,1.2,,,,
3.55E-05,9,3.55E-05,1.2,,,,
3.56E-05,8.8,3.56E-05,1,,,,
3.57E-05,8.6,3.57E-05,1.2,,,,
3.58E-05,8.8,3.58E-05,1,,,,
3.59E-05,8.6,3.59E-05,0.8,,,,
3.60E-05,8.6,3.60E-05,0.8,,,,
3.61E-05,9.2,3.61E-05,1,,,,
3.62E-05,8.8,3.62E-05,0.6,,,,
3.63E-05,9,3.63E-05,0.4,,,,
3.64E-05,9,3.64E-05,0.4,,,,
3.65E-05,9.2,3.65E-05,0.6,,,,
3.66E-05,8.8,3.66E-05,0.6,,,,
3.67E-05,8.8,3.67E-05,0.4,,,,
3.68E-05,9,3.68E-05,0.2,,,,
3.69E-05,8.8,3.69E-05,0.4,,,,
3.70E-05,8.8,3.70E-05,0.6,,,,
3.71E-05,9,3.71E-05,0.6,,,,
3.72E-05,8.8,3.72E-05,0.4,,,,
3.73E-05,9,3.73E-05,0.4,,,,
3.74E-05,9.2,3.74E-05,0.4,,,,
3.75E-05,9,3.75E-05,0.2,,,,
3.76E-05,9,3.76E-05,0,,,,
3.77E-05,9,3.77E-05,0,,,,
3.78E-05,8.8,3.78E-05,-0.2,,,,
3.79E-05,9,3.79E-05,0.2,,,,
3.80E-05,9,3.80E-05,0,,,,
3.81E-05,9.2,3.81E-05,-0.2,,,,
3.82E-05,9.2,3.82E-05,-0.4,,,,
3.83E-05,9,3.83E-05,-0.2,,,,
3.84E-05,9.2,3.84E-05,-0.8,,,,
3.85E-05,9.2,3.85E-05,-0.2,,,,
3.86E-05,9,3.86E-05,-0.4,,,,
3.87E-05,9.2,3.87E-05,-0.4,,,,
3.88E-05,9.2,3.88E-05,-0.4,,,,
3.89E-05,9,3.89E-05,-0.6,,,,
3.90E-05,9,3.90E-05,-0.4,,,,
3.91E-05,9.2,3.91E-05,-1,,,,
3.92E-05,9.2,3.92E-05,-0.6,,,,
3.93E-05,9.2,3.93E-05,-0.8,,,,
3.94E-05,9.2,3.94E-05,-1,,,,
3.95E-05,9,3.95E-05,-0.8,,,,
3.96E-05,9.4,3.96E-05,-1,,,,
3.97E-05,9.4,3.97E-05,-1.4,,,,
3.98E-05,9.4,3.98E-05,-0.8,,,,
3.99E-05,9.2,3.99E-05,-1.4,,,,
4.00E-05,8.6,4.00E-05,-1.6,,,,
4.01E-05,9,4.01E-05,-1.8,,,,
4.02E-05,9.2,4.02E-05,-1.2,,,,
4.03E-05,9,4.03E-05,-1.2,,,,
4.04E-05,9.4,4.04E-05,-1.2,,,,
4.05E-05,9,4.05E-05,-1.2,,,,
4.06E-05,9.4,4.06E-05,-1.4,,,,
4.07E-05,9.2,4.07E-05,-1.2,,,,
4.08E-05,9.2,4.08E-05,-1.6,,,,
4.09E-05,9,4.09E-05,-1.8,,,,
4.10E-05,9,4.10E-05,-1.6,,,,
4.11E-05,8.8,4.11E-05,-1.8,,,,
4.12E-05,9.2,4.12E-05,-1.8,,,,
4.13E-05,9.2,4.13E-05,-1.6,,,,
4.14E-05,9,4.14E-05,-2.2,,,,
4.15E-05,9.2,4.15E-05,-2.4,,,,
4.16E-05,9,4.16E-05,-2,,,,
4.17E-05,8.8,4.17E-05,-2.4,,,,
4.18E-05,8.8,4.18E-05,-2,,,,
4.19E-05,9,4.19E-05,-2.2,,,,
4.20E-05,9,4.20E-05,-2.2,,,,
4.21E-05,8.8,4.21E-05,-2.4,,,,
4.22E-05,9,4.22E-05,-2.4,,,,
4.23E-05,8.8,4.23E-05,-2.6,,,,
4.24E-05,9.2,4.24E-05,-2.6,,,,
4.25E-05,8.8,4.25E-05,-2.2,,,,
4.26E-05,8.8,4.26E-05,-2.6,,,,
4.27E-05,9,4.27E-05,-2.6,,,,
4.28E-05,8.8,4.28E-05,-2.6,,,,
4.29E-05,8.8,4.29E-05,-2.8,,,,
4.30E-05,8.8,4.30E-05,-2.6,,,,
4.31E-05,8.8,4.31E-05,-3,,,,
4.32E-05,8.6,4.32E-05,-3,,,,
4.33E-05,8.8,4.33E-05,-3.2,,,,
4.34E-05,8.8,4.34E-05,-3.2,,,,
4.35E-05,8.8,4.35E-05,-3.2,,,,
4.36E-05,8.8,4.36E-05,-3,,,,
4.37E-05,8.8,4.37E-05,-3.2,,,,
4.38E-05,8.8,4.38E-05,-3.2,,,,
4.39E-05,8.8,4.39E-05,-3.2,,,,
4.40E-05,8.6,4.40E-05,-3.4,,,,
4.41E-05,8.4,4.41E-05,-3.4,,,,
4.42E-05,8.4,4.42E-05,-3.2,,,,
4.43E-05,8.4,4.43E-05,-3.4,,,,
4.44E-05,8.8,4.44E-05,-3.4,,,,
4.45E-05,8.4,4.45E-05,-3.6,,,,
4.46E-05,8.6,4.46E-05,-3.4,,,,
4.47E-05,8.6,4.47E-05,-3.6,,,,
4.48E-05,8.6,4.48E-05,-3.8,,,,
4.49E-05,8.4,4.49E-05,-3.8,,,,
4.50E-05,8.4,4.50E-05,-3.8,,,,
4.51E-05,8.2,4.51E-05,-3.8,,,,
4.52E-05,8.2,4.52E-05,-3.6,,,,
4.53E-05,8.4,4.53E-05,-3.8,,,,
4.54E-05,8.6,4.54E-05,-4,,,,
4.55E-05,8.2,4.55E-05,-4,,,,
4.56E-05,8.2,4.56E-05,-4.2,,,,
4.57E-05,8.2,4.57E-05,-4,,,,
4.58E-05,8,4.58E-05,-4,,,,
4.59E-05,7.8,4.59E-05,-4,,,,
4.60E-05,8.2,4.60E-05,-4.2,,,,
4.61E-05,7.8,4.61E-05,-4.4,,,,
4.62E-05,8,4.62E-05,-4.4,,,,
4.63E-05,8,4.63E-05,-4.6,,,,
4.64E-05,8.2,4.64E-05,-4.6,,,,
4.65E-05,7.8,4.65E-05,-4.8,,,,
4.66E-05,8,4.66E-05,-4.8,,,,
4.67E-05,8,4.67E-05,-4.8,,,,
4.68E-05,7.8,4.68E-05,-4.4,,,,
4.69E-05,7.8,4.69E-05,-4.4,,,,
4.70E-05,7.8,4.70E-05,-4.6,,,,
4.71E-05,7.8,4.71E-05,-4.4,,,,
4.72E-05,7.8,4.72E-05,-5,,,,
4.73E-05,7.8,4.73E-05,-4.8,,,,
4.74E-05,7.6,4.74E-05,-4.6,,,,
4.75E-05,7.6,4.75E-05,-5,,,,
4.76E-05,7.6,4.76E-05,-5,,,,
4.77E-05,7.6,4.77E-05,-5.2,,,,
4.78E-05,7.4,4.78E-05,-4.8,,,,
4.79E-05,7.4,4.79E-05,-5,,,,
4.80E-05,7.4,4.80E-05,-5.2,,,,
4.81E-05,7.4,4.81E-05,-5.2,,,,
4.82E-05,7.4,4.82E-05,-5.2,,,,
4.83E-05,7.2,4.83E-05,-5.6,,,,
4.84E-05,7.4,4.84E-05,-5,,,,
4.85E-05,7,4.85E-05,-5.4,,,,
4.86E-05,7,4.86E-05,-5.4,,,,
4.87E-05,7.4,4.87E-05,-5.4,,,,
4.88E-05,7.2,4.88E-05,-5.2,,,,
4.89E-05,7,4.89E-05,-5.4,,,,
4.90E-05,6.8,4.90E-05,-5.6,,,,
4.91E-05,6.8,4.91E-05,-5.8,,,,
4.92E-05,7,4.92E-05,-5.4,,,,
4.93E-05,6.8,4.93E-05,-5.6,,,,
4.94E-05,6.8,4.94E-05,-5.6,,,,
4.95E-05,7,4.95E-05,-5.6,,,,
4.96E-05,7,4.96E-05,-6,,,,
4.97E-05,7,4.97E-05,-5.4,,,,
4.98E-05,6.8,4.98E-05,-6.4,,,,
4.99E-05,6.6,4.99E-05,-6.2,,,,
5.00E-05,6.6,5.00E-05,-6.2,,,,
5.01E-05,6.6,5.01E-05,-5.8,,,,
5.02E-05,6.6,5.02E-05,-5.8,,,,
5.03E-05,6.6,5.03E-05,-6,,,,
5.04E-05,6.4,5.04E-05,-5.8,,,,
5.05E-05,6.6,5.05E-05,-6,,,,
5.06E-05,6.4,5.06E-05,-6,,,,
5.07E-05,6.4,5.07E-05,-6,,,,
5.08E-05,6.4,5.08E-05,-6.2,,,,
5.09E-05,6,5.09E-05,-6,,,,
5.10E-05,6.2,5.10E-05,-6.4,,,,
5.11E-05,6.4,5.11E-05,-6,,,,
5.12E-05,6.6,5.12E-05,-6.2,,,,
5.13E-05,6.4,5.13E-05,-6.4,,,,
5.14E-05,6.2,5.14E-05,-6.4,,,,
5.15E-05,6,5.15E-05,-6.4,,,,
5.16E-05,5.8,5.16E-05,-6.4,,,,
5.17E-05,6,5.17E-05,-6,,,,
5.18E-05,5.6,5.18E-05,-6.2,,,,
5.19E-05,5.8,5.19E-05,-6.4,,,,
5.20E-05,5.6,5.20E-05,-6.4,,,,
5.21E-05,5.6,5.21E-05,-6.6,,,,
5.22E-05,5.2,5.22E-05,-6.6,,,,
5.23E-05,5.4,5.23E-05,-6.6,,,,
5.24E-05,5.6,5.24E-05,-6.2,,,,
5.25E-05,5.2,5.25E-05,-6.4,,,,
5.26E-05,5.2,5.26E-05,-6.6,,,,
5.27E-05,5.2,5.27E-05,-6.6,,,,
5.28E-05,5.4,5.28E-05,-6.8,,,,
5.29E-05,5,5.29E-05,-6.6,,,,
5.30E-05,5,5.30E-05,-7.2,,,,
5.31E-05,5.2,5.31E-05,-7,,,,
5.32E-05,5,5.32E-05,-6.8,,,,
5.33E-05,5,5.33E-05,-6.8,,,,
5.34E-05,5,5.34E-05,-6.8,,,,
5.35E-05,5,5.35E-05,-6.8,,,,
5.36E-05,4.8,5.36E-05,-6.8,,,,
5.37E-05,4.8,5.37E-05,-6.8,,,,
5.38E-05,4.8,5.38E-05,-6.8,,,,
5.39E-05,4.6,5.39E-05,-7,,,,
5.40E-05,4.6,5.40E-05,-6.8,,,,
5.41E-05,4.8,5.41E-05,-6.8,,,,
5.42E-05,4.4,5.42E-05,-7,,,,
5.43E-05,4.4,5.43E-05,-6.8,,,,
5.44E-05,4.6,5.44E-05,-6.8,,,,
5.45E-05,4.4,5.45E-05,-6.8,,,,
5.46E-05,4.4,5.46E-05,-7.2,,,,
5.47E-05,4.8,5.47E-05,-7.2,,,,
5.48E-05,4.2,5.48E-05,-7,,,,
5.49E-05,4.2,5.49E-05,-6.8,,,,
5.50E-05,4.2,5.50E-05,-6.8,,,,
5.51E-05,4.2,5.51E-05,-6.8,,,,
5.52E-05,4,5.52E-05,-7.2,,,,
5.53E-05,4.2,5.53E-05,-7.2,,,,
5.54E-05,4,5.54E-05,-7,,,,
5.55E-05,3.8,5.55E-05,-7.4,,,,
5.56E-05,3.8,5.56E-05,-7.2,,,,
5.57E-05,3.4,5.57E-05,-7,,,,
5.58E-05,3.6,5.58E-05,-7,,,,
5.59E-05,4,5.59E-05,-7,,,,
5.60E-05,3.4,5.60E-05,-7.2,,,,
5.61E-05,3.6,5.61E-05,-7.2,,,,
5.62E-05,3.6,5.62E-05,-7.4,,,,
5.63E-05,3.6,5.63E-05,-7.4,,,,
5.64E-05,3.4,5.64E-05,-7.2,,,,
5.65E-05,3.4,5.65E-05,-7.6,,,,
5.66E-05,3.2,5.66E-05,-7.4,,,,
5.67E-05,3.4,5.67E-05,-7.2,,,,
5.68E-05,3.2,5.68E-05,-7.2,,,,
5.69E-05,3.2,5.69E-05,-7,,,,
5.70E-05,3.2,5.70E-05,-7,,,,
5.71E-05,3.2,5.71E-05,-7.2,,,,
5.72E-05,3,5.72E-05,-7.2,,,,
5.73E-05,3,5.73E-05,-7,,,,
5.74E-05,3,5.74E-05,-7.2,,,,
5.75E-05,3,5.75E-05,-7,,,,
5.76E-05,2.8,5.76E-05,-7.4,,,,
5.77E-05,3,5.77E-05,-7,,,,
5.78E-05,2.6,5.78E-05,-7.2,,,,
5.79E-05,2.6,5.79E-05,-7.6,,,,
5.80E-05,3,5.80E-05,-7.2,,,,
5.81E-05,2.6,5.81E-05,-7,,,,
5.82E-05,2.4,5.82E-05,-7.6,,,,
5.83E-05,2.8,5.83E-05,-7,,,,
5.84E-05,2.2,5.84E-05,-7.2,,,,
5.85E-05,2.4,5.85E-05,-7.2,,,,
5.86E-05,2.4,5.86E-05,-7.4,,,,
5.87E-05,2.4,5.87E-05,-6.8,,,,
5.88E-05,2.2,5.88E-05,-7,,,,
5.89E-05,2,5.89E-05,-7.4,,,,
5.90E-05,2.2,5.90E-05,-7.4,,,,
5.91E-05,2.2,5.91E-05,-7.2,,,,
5.92E-05,2.2,5.92E-05,-7.2,,,,
5.93E-05,2,5.93E-05,-7.2,,,,
5.94E-05,2.2,5.94E-05,-7.2,,,,
5.95E-05,2,5.95E-05,-7.2,,,,
5.96E-05,2,5.96E-05,-6.8,,,,
5.97E-05,2,5.97E-05,-7.4,,,,
5.98E-05,1.6,5.98E-05,-7.2,,,,
5.99E-05,1.8,5.99E-05,-7.6,,,,
6.00E-05,1.6,6.00E-05,-6.8,,,,
6.01E-05,1.6,6.01E-05,-6.8,,,,
6.02E-05,1.8,6.02E-05,-6.8,,,,
6.03E-05,1.4,6.03E-05,-7,,,,
6.04E-05,1.6,6.04E-05,-6.8,,,,
6.05E-05,1.8,6.05E-05,-6.8,,,,
6.06E-05,1.4,6.06E-05,-6.6,,,,
6.07E-05,1.4,6.07E-05,-7.2,,,,
6.08E-05,1,6.08E-05,-6.8,,,,
6.09E-05,1.2,6.09E-05,-7,,,,
6.10E-05,1.4,6.10E-05,-7,,,,
6.11E-05,1.6,6.11E-05,-6.8,,,,
6.12E-05,1.4,6.12E-05,-7,,,,
6.13E-05,1,6.13E-05,-7,,,,
6.14E-05,0.8,6.14E-05,-7,,,,
6.15E-05,0.8,6.15E-05,-6.8,,,,
6.16E-05,1,6.16E-05,-6.6,,,,
6.17E-05,0.6,6.17E-05,-6.6,,,,
6.18E-05,1,6.18E-05,-7,,,,
6.19E-05,0.8,6.19E-05,-7,,,,
6.20E-05,0.6,6.20E-05,-6.6,,,,
6.21E-05,0.4,6.21E-05,-6.8,,,,
6.22E-05,0.6,6.22E-05,-7,,,,
6.23E-05,0.8,6.23E-05,-6.4,,,,
6.24E-05,0.4,6.24E-05,-6.6,,,,
6.25E-05,0.8,6.25E-05,-6.6,,,,
6.26E-05,0.4,6.26E-05,-7,,,,
6.27E-05,0.4,6.27E-05,-6.6,,,,
6.28E-05,0.4,6.28E-05,-6.6,,,,
6.29E-05,0.4,6.29E-05,-7,,,,
6.30E-05,0.4,6.30E-05,-6.8,,,,
6.31E-05,0.2,6.31E-05,-6.6,,,,
6.32E-05,0.2,6.32E-05,-6.8,,,,
6.33E-05,0,6.33E-05,-6.6,,,,
6.34E-05,0,6.34E-05,-6.8,,,,
6.35E-05,0.2,6.35E-05,-6.6,,,,
6.36E-05,0,6.36E-05,-6.4,,,,
6.37E-05,0.2,6.37E-05,-6.2,,,,
6.38E-05,0,6.38E-05,-6.8,,,,
6.39E-05,-0.4,6.39E-05,-6.2,,,,
6.40E-05,0,6.40E-05,-6.2,,,,
6.41E-05,-0.4,6.41E-05,-6.4,,,,
6.42E-05,-0.4,6.42E-05,-6.2,,,,
6.43E-05,0,6.43E-05,-6.2,,,,
6.44E-05,-0.2,6.44E-05,-6.2,,,,
6.45E-05,-0.4,6.45E-05,-6.2,,,,
6.46E-05,0,6.46E-05,-6.2,,,,
6.47E-05,-0.2,6.47E-05,-6.4,,,,
6.48E-05,-0.4,6.48E-05,-6,,,,
6.49E-05,0,6.49E-05,-6,,,,
6.50E-05,-0.6,6.50E-05,-5.8,,,,
6.51E-05,-0.6,6.51E-05,-6.2,,,,
6.52E-05,-0.2,6.52E-05,-6.2,,,,
6.53E-05,-0.8,6.53E-05,-6,,,,
6.54E-05,-0.6,6.54E-05,-6,,,,
6.55E-05,-0.6,6.55E-05,-5.8,,,,
6.56E-05,-0.8,6.56E-05,-6,,,,
6.57E-05,-0.6,6.57E-05,-5.8,,,,
6.58E-05,-0.6,6.58E-05,-6,,,,
6.59E-05,-0.8,6.59E-05,-6,,,,
6.60E-05,-1,6.60E-05,-5.8,,,,
6.61E-05,-0.8,6.61E-05,-6.2,,,,
6.62E-05,-0.8,6.62E-05,-6,,,,
6.63E-05,-1,6.63E-05,-6,,,,
6.64E-05,-1,6.64E-05,-5.8,,,,
6.65E-05,-0.8,6.65E-05,-6,,,,
6.66E-05,-1,6.66E-05,-5.8,,,,
6.67E-05,-1,6.67E-05,-5.6,,,,
6.68E-05,-1,6.68E-05,-5.4,,,,
6.69E-05,-1.2,6.69E-05,-5.4,,,,
6.70E-05,-1.2,6.70E-05,-5.6,,,,
6.71E-05,-1.2,6.71E-05,-5.2,,,,
6.72E-05,-1,6.72E-05,-5.2,,,,
6.73E-05,-1,6.73E-05,-5.4,,,,
6.74E-05,-1.2,6.74E-05,-5.2,,,,
6.75E-05,-1.4,6.75E-05,-5.4,,,,
6.76E-05,-1.4,6.76E-05,-5.2,,,,
6.77E-05,-1.2,6.77E-05,-4.8,,,,
6.78E-05,-1,6.78E-05,-5.4,,,,
6.79E-05,-1.2,6.79E-05,-5.2,,,,
6.80E-05,-1.4,6.80E-05,-5.2,,,,
6.81E-05,-1.4,6.81E-05,-5.4,,,,
6.82E-05,-1.2,6.82E-05,-5,,,,
6.83E-05,-1.4,6.83E-05,-5,,,,
6.84E-05,-1.6,6.84E-05,-4.8,,,,
6.85E-05,-1.2,6.85E-05,-5,,,,
6.86E-05,-1.4,6.86E-05,-4.8,,,,
6.87E-05,-1.6,6.87E-05,-5,,,,
6.88E-05,-1.4,6.88E-05,-5,,,,
6.89E-05,-1.2,6.89E-05,-5.2,,,,
6.90E-05,-1.6,6.90E-05,-4.6,,,,
6.91E-05,-1.6,6.91E-05,-4.8,,,,
6.92E-05,-1.6,6.92E-05,-4.8,,,,
6.93E-05,-1.2,6.93E-05,-4.8,,,,
6.94E-05,-1.4,6.94E-05,-4.8,,,,
6.95E-05,-1.4,6.95E-05,-4.4,,,,
6.96E-05,-1.6,6.96E-05,-4.8,,,,
6.97E-05,-2,6.97E-05,-5,,,,
6.98E-05,-1.6,6.98E-05,-5.2,,,,
6.99E-05,-1.8,6.99E-05,-4.4,,,,
7.00E-05,-1.8,7.00E-05,-4.2,,,,
7.01E-05,-1.6,7.01E-05,-4.4,,,,
7.02E-05,-1.6,7.02E-05,-4.6,,,,
7.03E-05,-1.6,7.03E-05,-4.4,,,,
7.04E-05,-1.6,7.04E-05,-4.2,,,,
7.05E-05,-1.8,7.05E-05,-4.2,,,,
7.06E-05,-2,7.06E-05,-4.4,,,,
7.07E-05,-1.8,7.07E-05,-4,,,,
7.08E-05,-1.8,7.08E-05,-4.4,,,,
7.09E-05,-1.8,7.09E-05,-4.2,,,,
7.10E-05,-1.6,7.10E-05,-4.2,,,,
7.11E-05,-1.8,7.11E-05,-4.4,,,,
7.12E-05,-1.6,7.12E-05,-4.2,,,,
7.13E-05,-2,7.13E-05,-4.2,,,,
7.14E-05,-2,7.14E-05,-3.8,,,,
7.15E-05,-1.6,7.15E-05,-4,,,,
7.16E-05,-2,7.16E-05,-3.8,,,,
7.17E-05,-1.8,7.17E-05,-4,,,,
7.18E-05,-1.6,7.18E-05,-4,,,,
7.19E-05,-2,7.19E-05,-4,,,,
7.20E-05,-2.2,7.20E-05,-4,,,,
7.21E-05,-2,7.21E-05,-4,,,,
7.22E-05,-2,7.22E-05,-3.4,,,,
7.23E-05,-1.8,7.23E-05,-3.6,,,,
7.24E-05,-2.2,7.24E-05,-3.8,,,,
7.25E-05,-2,7.25E-05,-3.6,,,,
7.26E-05,-2,7.26E-05,-3.6,,,,
7.27E-05,-1.8,7.27E-05,-3.6,,,,
7.28E-05,-2,7.28E-05,-4,,,,
7.29E-05,-2,7.29E-05,-3.8,,,,
7.30E-05,-2.2,7.30E-05,-3.6,,,,
7.31E-05,-1.8,7.31E-05,-3.6,,,,
7.32E-05,-2.2,7.32E-05,-3.4,,,,
7.33E-05,-2,7.33E-05,-3.4,,,,
7.34E-05,-2,7.34E-05,-3.2,,,,
7.35E-05,-2,7.35E-05,-3.4,,,,
7.36E-05,-2,7.36E-05,-3.2,,,,
7.37E-05,-2.2,7.37E-05,-3.4,,,,
7.38E-05,-2,7.38E-05,-3.2,,,,
7.39E-05,-2.2,7.39E-05,-2.8,,,,
7.40E-05,-2.2,7.40E-05,-3,,,,
7.41E-05,-2.2,7.41E-05,-3.2,,,,
7.42E-05,-2,7.42E-05,-2.8,,,,
7.43E-05,-2,7.43E-05,-2.8,,,,
7.44E-05,-2,7.44E-05,-3,,,,
7.45E-05,-1.8,7.45E-05,-3,,,,
7.46E-05,-2,7.46E-05,-3,,,,
7.47E-05,-2.4,7.47E-05,-2.8,,,,
7.48E-05,-1.8,7.48E-05,-2.6,,,,
7.49E-05,-2.2,7.49E-05,-2.6,,,,
7.50E-05,-2,7.50E-05,-2.6,,,,
7.51E-05,-1.8,7.51E-05,-2.8,,,,
7.52E-05,-2.4,7.52E-05,-2.4,,,,
7.53E-05,-2,7.53E-05,-2.6,,,,
7.54E-05,-2,7.54E-05,-2.6,,,,
7.55E-05,-2.2,7.55E-05,-2.4,,,,
7.56E-05,-2.2,7.56E-05,-2.4,,,,
7.57E-05,-1.8,7.57E-05,-2.2,,,,
7.58E-05,-2,7.58E-05,-2.6,,,,
7.59E-05,-2,7.59E-05,-2.4,,,,
7.60E-05,-2,7.60E-05,-2.6,,,,
7.61E-05,-2,7.61E-05,-2.6,,,,
7.62E-05,-2.2,7.62E-05,-2.2,,,,
7.63E-05,-1.8,7.63E-05,-2,,,,
7.64E-05,-1.6,7.64E-05,-2.4,,,,
7.65E-05,-2.2,7.65E-05,-2.4,,,,
7.66E-05,-2.2,7.66E-05,-2,,,,
7.67E-05,-2,7.67E-05,-2,,,,
7.68E-05,-2.2,7.68E-05,-2.2,,,,
7.69E-05,-1.8,7.69E-05,-2,,,,
7.70E-05,-1.8,7.70E-05,-2.2,,,,
7.71E-05,-2.2,7.71E-05,-2,,,,
7.72E-05,-2,7.72E-05,-2.2,,,,
7.73E-05,-2.2,7.73E-05,-1.8,,,,
7.74E-05,-2,7.74E-05,-2.2,,,,
7.75E-05,-2,7.75E-05,-2,,,,
7.76E-05,-1.8,7.76E-05,-1.6,,,,
7.77E-05,-1.8,7.77E-05,-2,,,,
7.78E-05,-1.8,7.78E-05,-1.8,,,,
7.79E-05,-2,7.79E-05,-1.8,,,,
7.80E-05,-1.8,7.80E-05,-2,,,,
7.81E-05,-2,7.81E-05,-1.4,,,,
7.82E-05,-2,7.82E-05,-2,,,,
7.83E-05,-1.8,7.83E-05,-1.8,,,,
7.84E-05,-1.8,7.84E-05,-1.8,,,,
7.85E-05,-2,7.85E-05,-1.6,,,,
7.86E-05,-2,7.86E-05,-1.4,,,,
7.87E-05,-1.8,7.87E-05,-1.8,,,,
7.88E-05,-2,7.88E-05,-1.6,,,,
7.89E-05,-2,7.89E-05,-1.6,,,,
7.90E-05,-1.6,7.90E-05,-1.4,,,,
7.91E-05,-2,7.91E-05,-1.6,,,,
7.92E-05,-1.6,7.92E-05,-1.6,,,,
7.93E-05,-1.6,7.93E-05,-1.6,,,,
7.94E-05,-1.6,7.94E-05,-1.2,,,,
7.95E-05,-1.8,7.95E-05,-1.6,,,,
7.96E-05,-2.2,7.96E-05,-1.6,,,,
7.97E-05,-1.8,7.97E-05,-2,,,,
7.98E-05,-1.8,7.98E-05,-1,,,,
7.99E-05,-1.8,7.99E-05,-1,,,,
8.00E-05,-1.6,8.00E-05,-1,,,,
8.01E-05,-1.8,8.01E-05,-1.2,,,,
8.02E-05,-1.6,8.02E-05,-1.2,,,,
8.03E-05,-1.4,8.03E-05,-1,,,,
8.04E-05,-1.8,8.04E-05,-1,,,,
8.05E-05,-1.6,8.05E-05,-1.2,,,,
8.06E-05,-1.8,8.06E-05,-1.2,,,,
8.07E-05,-1.8,8.07E-05,-1.2,,,,
8.08E-05,-1.6,8.08E-05,-1,,,,
8.09E-05,-1.6,8.09E-05,-1,,,,
8.10E-05,-1.4,8.10E-05,-1,,,,
8.11E-05,-1.4,8.11E-05,-1,,,,
8.12E-05,-1.8,8.12E-05,-1.2,,,,
8.13E-05,-1.6,8.13E-05,-1,,,,
8.14E-05,-1.4,8.14E-05,-0.6,,,,
8.15E-05,-1.8,8.15E-05,-0.6,,,,
8.16E-05,-1.4,8.16E-05,-0.8,,,,
8.17E-05,-1.6,8.17E-05,-0.8,,,,
8.18E-05,-1.4,8.18E-05,-0.6,,,,
8.19E-05,-1.4,8.19E-05,-0.8,,,,
8.20E-05,-1.6,8.20E-05,-0.8,,,,
8.21E-05,-1.6,8.21E-05,-0.6,,,,
8.22E-05,-1.2,8.22E-05,-0.8,,,,
8.23E-05,-1.4,8.23E-05,-0.2,,,,
8.24E-05,-1.4,8.24E-05,-0.8,,,,
8.25E-05,-1.4,8.25E-05,-0.6,,,,
8.26E-05,-1.6,8.26E-05,-0.8,,,,
8.27E-05,-1.2,8.27E-05,-0.6,,,,
8.28E-05,-1.4,8.28E-05,-0.8,,,,
8.29E-05,-1.2,8.29E-05,-0.6,,,,
8.30E-05,-1.2,8.30E-05,-0.8,,,,
8.31E-05,-1.2,8.31E-05,-0.6,,,,
8.32E-05,-1.2,8.32E-05,-0.6,,,,
8.33E-05,-1.4,8.33E-05,-0.6,,,,
8.34E-05,-1.4,8.34E-05,-0.4,,,,
8.35E-05,-1.2,8.35E-05,-0.4,,,,
8.36E-05,-1.2,8.36E-05,-0.6,,,,
8.37E-05,-1.2,8.37E-05,-0.4,,,,
8.38E-05,-1.2,8.38E-05,-0.4,,,,
8.39E-05,-1,8.39E-05,-0.2,,,,
8.40E-05,-1,8.40E-05,-0.2,,,,
8.41E-05,-1,8.41E-05,-0.4,,,,
8.42E-05,-1.4,8.42E-05,-0.2,,,,
8.43E-05,-1.2,8.43E-05,-0.6,,,,
8.44E-05,-1,8.44E-05,-0.4,,,,
8.45E-05,-1.2,8.45E-05,-0.4,,,,
8.46E-05,-1.2,8.46E-05,-0.2,,,,
8.47E-05,-1,8.47E-05,-0.2,,,,
8.48E-05,-1.2,8.48E-05,0,,,,
8.49E-05,-1,8.49E-05,-0.4,,,,
8.50E-05,-0.8,8.50E-05,-0.2,,,,
8.51E-05,-1.2,8.51E-05,-0.2,,,,
8.52E-05,-1,8.52E-05,-0.2,,,,
8.53E-05,-1,8.53E-05,-0.2,,,,
8.54E-05,-1.2,8.54E-05,-0.2,,,,
8.55E-05,-1,8.55E-05,-0.4,,,,
8.56E-05,-0.8,8.56E-05,0,,,,
8.57E-05,-1,8.57E-05,-0.2,,,,
8.58E-05,-0.8,8.58E-05,0,,,,
8.59E-05,-0.8,8.59E-05,-0.4,,,,
8.60E-05,-0.8,8.60E-05,-0.2,,,,
8.61E-05,-0.8,8.61E-05,-0.2,,,,
8.62E-05,-0.6,8.62E-05,-0.2,,,,
8.63E-05,-0.6,8.63E-05,-0.4,,,,
8.64E-05,-0.8,8.64E-05,-0.2,,,,
8.65E-05,-0.6,8.65E-05,0,,,,
8.66E-05,-0.6,8.66E-05,0.2,,,,
8.67E-05,-1,8.67E-05,0,,,,
8.68E-05,-0.8,8.68E-05,-0.2,,,,
8.69E-05,-0.8,8.69E-05,0,,,,
8.70E-05,-0.8,8.70E-05,0,,,,
8.71E-05,-0.8,8.71E-05,0,,,,
8.72E-05,-0.6,8.72E-05,0,,,,
8.73E-05,-0.8,8.73E-05,-0.2,,,,
8.74E-05,-0.6,8.74E-05,0.2,,,,
8.75E-05,-0.6,8.75E-05,0.2,,,,
8.76E-05,-0.6,8.76E-05,-0.4,,,,
8.77E-05,-0.4,8.77E-05,-0.2,,,,
8.78E-05,-0.6,8.78E-05,0,,,,
8.79E-05,-0.6,8.79E-05,-0.2,,,,
8.80E-05,-0.4,8.80E-05,0,,,,
8.81E-05,-0.6,8.81E-05,0,,,,
8.82E-05,-0.4,8.82E-05,0.2,,,,
8.83E-05,-0.4,8.83E-05,0,,,,
8.84E-05,-0.4,8.84E-05,0,,,,
8.85E-05,-0.6,8.85E-05,0.2,,,,
8.86E-05,-0.4,8.86E-05,0,,,,
8.87E-05,-0.4,8.87E-05,0.2,,,,
8.88E-05,-0.4,8.88E-05,0.2,,,,
8.89E-05,-0.4,8.89E-05,0,,,,
8.90E-05,-0.6,8.90E-05,0,,,,
8.91E-05,-0.4,8.91E-05,0,,,,
8.92E-05,-0.2,8.92E-05,0.2,,,,
8.93E-05,-0.4,8.93E-05,0.4,,,,
8.94E-05,-0.4,8.94E-05,-0.4,,,,
8.95E-05,-0.6,8.95E-05,-0.4,,,,
8.96E-05,-0.2,8.96E-05,-0.2,,,,
8.97E-05,-0.2,8.97E-05,0.2,,,,
8.98E-05,-0.2,8.98E-05,0.4,,,,
8.99E-05,-0.2,8.99E-05,0.2,,,,
9.00E-05,-0.2,9.00E-05,0.4,,,,
9.01E-05,-0.2,9.01E-05,0.4,,,,
9.02E-05,-0.2,9.02E-05,0.4,,,,
9.03E-05,-0.2,9.03E-05,0,,,,
9.04E-05,-0.2,9.04E-05,0,,,,
9.05E-05,-0.4,9.05E-05,0.4,,,,
9.06E-05,-0.4,9.06E-05,0,,,,
9.07E-05,0,9.07E-05,0.2,,,,
9.08E-05,0,9.08E-05,0.2,,,,
9.09E-05,0.2,9.09E-05,0,,,,
9.10E-05,0,9.10E-05,0,,,,
9.11E-05,-0.4,9.11E-05,0.2,,,,
9.12E-05,-0.4,9.12E-05,0.2,,,,
9.13E-05,0.4,9.13E-05,0.2,,,,
9.14E-05,-0.4,9.14E-05,0.2,,,,
9.15E-05,-0.2,9.15E-05,0.2,,,,
9.16E-05,0,9.16E-05,0.2,,,,
9.17E-05,-0.2,9.17E-05,0.2,,,,
9.18E-05,-0.2,9.18E-05,-0.2,,,,
9.19E-05,-0.2,9.19E-05,0,,,,
9.20E-05,0,9.20E-05,0,,,,
9.21E-05,-0.2,9.21E-05,0,,,,
9.22E-05,-0.2,9.22E-05,0.2,,,,
9.23E-05,-0.2,9.23E-05,0,,,,
9.24E-05,0,9.24E-05,0,,,,
9.25E-05,-0.2,9.25E-05,0.2,,,,
9.26E-05,-0.2,9.26E-05,0,,,,
9.27E-05,0,9.27E-05,0,,,,
9.28E-05,-0.4,9.28E-05,0.2,,,,
9.29E-05,-0.2,9.29E-05,0.2,,,,
9.30E-05,0,9.30E-05,0.2,,,,
9.31E-05,-0.2,9.31E-05,0.2,,,,
9.32E-05,0.2,9.32E-05,0.2,,,,
9.33E-05,-0.2,9.33E-05,0.2,,,,
9.34E-05,0,9.34E-05,0.2,,,,
9.35E-05,0,9.35E-05,0,,,,
9.36E-05,0,9.36E-05,0.4,,,,
9.37E-05,0.2,9.37E-05,0.4,,,,
9.38E-05,0,9.38E-05,0.2,,,,
9.39E-05,0,9.39E-05,0.2,,,,
9.40E-05,0.2,9.40E-05,0.2,,,,
9.41E-05,0,9.41E-05,0.2,,,,
9.42E-05,-0.2,9.42E-05,0,,,,
9.43E-05,0.4,9.43E-05,0.2,,,,
9.44E-05,0,9.44E-05,0.4,,,,
9.45E-05,-0.2,9.45E-05,0,,,,
9.46E-05,0.2,9.46E-05,0.2,,,,
9.47E-05,-0.2,9.47E-05,0.4,,,,
9.48E-05,0.2,9.48E-05,0,,,,
9.49E-05,0.4,9.49E-05,0.2,,,,
9.50E-05,-0.2,9.50E-05,0,,,,
9.51E-05,0,9.51E-05,-0.2,,,,
9.52E-05,0,9.52E-05,0.2,,,,
9.53E-05,0,9.53E-05,0,,,,
9.54E-05,0,9.54E-05,0,,,,
9.55E-05,0.4,9.55E-05,0,,,,
9.56E-05,0.2,9.56E-05,0,,,,
9.57E-05,0.2,9.57E-05,0.2,,,,
9.58E-05,0.2,9.58E-05,-0.2,,,,
9.59E-05,0.2,9.59E-05,0.2,,,,
9.60E-05,0,9.60E-05,0,,,,
9.61E-05,0.2,9.61E-05,-0.2,,,,
9.62E-05,0.6,9.62E-05,0,,,,
9.63E-05,0,9.63E-05,0,,,,
9.64E-05,0.2,9.64E-05,0.4,,,,
9.65E-05,0,9.65E-05,0,,,,
9.66E-05,0,9.66E-05,0.4,,,,
9.67E-05,0.2,9.67E-05,0.2,,,,
9.68E-05,0.2,9.68E-05,0.2,,,,
9.69E-05,0.2,9.69E-05,0.4,,,,
9.70E-05,0.2,9.70E-05,0,,,,
9.71E-05,0.4,9.71E-05,0.2,,,,
9.72E-05,0.2,9.72E-05,0,,,,
9.73E-05,0.2,9.73E-05,0,,,,
9.74E-05,0.4,9.74E-05,0.2,,,,
9.75E-05,0.2,9.75E-05,0,,,,
9.76E-05,0.2,9.76E-05,0.2,,,,
9.77E-05,0.2,9.77E-05,0.2,,,,
9.78E-05,0.2,9.78E-05,0,,,,
9.79E-05,0.4,9.79E-05,0,,,,
9.80E-05,0.2,9.80E-05,0,,,,
9.81E-05,0.2,9.81E-05,0.2,,,,
9.82E-05,0.2,9.82E-05,0,,,,
9.83E-05,0.2,9.83E-05,0.2,,,,
9.84E-05,0.2,9.84E-05,0.2,,,,
9.85E-05,0.2,9.85E-05,0,,,,
9.86E-05,0.2,9.86E-05,0,,,,
9.87E-05,0.2,9.87E-05,0,,,,
9.88E-05,0.2,9.88E-05,0.2,,,,
9.89E-05,0.2,9.89E-05,0.2,,,,
9.90E-05,0.4,9.90E-05,0,,,,
9.91E-05,0.6,9.91E-05,0,,,,
9.92E-05,0.2,9.92E-05,0.4,,,,
9.93E-05,0.4,9.93E-05,-0.2,,,,
9.94E-05,0.2,9.94E-05,0,,,,
9.95E-05,0.2,9.95E-05,-0.4,,,,
9.96E-05,0,9.96E-05,0.4,,,,
9.97E-05,0.2,9.97E-05,0.4,,,,
9.98E-05,0.2,9.98E-05,0.2,,,,
9.99E-05,0,9.99E-05,0.4,,,,
0.0001,0.4,0.0001,0.4,,,,
0.0001,0.2,0.0001,0.2,,,,
0.0001,0.2,0.0001,0.4,,,,
0.0001,0.2,0.0001,0,,,,
0.0001,-0.2,0.0001,0,,,,
0.0001,0,0.0001,0.2,,,,
0.000101,0.4,0.000101,-0.2,,,,
0.000101,0.6,0.000101,0.4,,,,
0.000101,0.4,0.000101,0,,,,
0.000101,0.4,0.000101,0,,,,
0.000101,0,0.000101,-0.4,,,,
0.000101,0.2,0.000101,0,,,,
0.000101,0.4,0.000101,0,,,,
0.000101,0,0.000101,0.4,,,,
0.000101,0,0.000101,0.2,,,,
0.000102,0.2,0.000102,0,,,,
0.000102,0.2,0.000102,0.2,,,,
0.000102,0,0.000102,0,,,,
0.000102,0.4,0.000102,0,,,,
0.000102,0,0.000102,0.2,,,,
0.000102,0.2,0.000102,0.4,,,,
0.000102,0.2,0.000102,0.2,,,,
0.000102,0,0.000102,0,,,,
0.000102,0.2,0.000102,0.2,,,,
0.000102,-0.2,0.000102,0.4,,,,
0.000102,0.2,0.000102,0,,,,
0.000103,0,0.000103,0.2,,,,
0.000103,0,0.000103,0,,,,
0.000103,0,0.000103,0.2,,,,
0.000103,0.2,0.000103,0.2,,,,
0.000103,-0.2,0.000103,0.4,,,,
0.000103,0,0.000103,0.4,,,,
0.000103,0.2,0.000103,0.2,,,,
0.000103,0,0.000103,0.2,,,,
0.000103,0.2,0.000103,0.2,,,,
0.000103,0,0.000103,0.4,,,,
0.000104,0.2,0.000104,0.4,,,,
0.000104,0,0.000104,0.4,,,,
0.000104,0.2,0.000104,0.4,,,,
0.000104,0,0.000104,0.2,,,,
0.000104,0.2,0.000104,0.4,,,,
0.000104,0,0.000104,0,,,,
0.000104,0.2,0.000104,0.2,,,,
0.000104,0,0.000104,0.2,,,,
0.000104,0.2,0.000104,0.4,,,,
0.000104,0.2,0.000104,0.6,,,,
0.000105,0,0.000105,0.4,,,,
0.000105,0.2,0.000105,0.2,,,,
0.000105,0,0.000105,0.4,,,,
0.000105,0,0.000105,0,,,,
0.000105,0.2,0.000105,0.4,,,,
0.000105,0,0.000105,0.4,,,,
0.000105,0,0.000105,0.2,,,,
0.000105,-0.2,0.000105,0.2,,,,
0.000105,0.4,0.000105,0.6,,,,
0.000105,0,0.000105,0.4,,,,
0.000106,0,0.000106,0.4,,,,
0.000106,0,0.000106,0.2,,,,
0.000106,0,0.000106,0.4,,,,
0.000106,-0.2,0.000106,0.2,,,,
0.000106,0.2,0.000106,0.2,,,,
0.000106,0.4,0.000106,0.2,,,,
0.000106,0,0.000106,0.6,,,,
0.000106,0.4,0.000106,0.6,,,,
0.000106,0,0.000106,0.4,,,,
0.000107,-0.2,0.000107,0.6,,,,
0.000107,0.2,0.000107,0.6,,,,
0.000107,0,0.000107,0.6,,,,
0.000107,0,0.000107,0.8,,,,
0.000107,0,0.000107,0.6,,,,
0.000107,0.2,0.000107,0.4,,,,
0.000107,0,0.000107,0.4,,,,
0.000107,0,0.000107,0.8,,,,
0.000107,0.4,0.000107,0.8,,,,
0.000107,0,0.000107,0.6,,,,
0.000107,0.2,0.000107,0.6,,,,
0.000108,0,0.000108,0.6,,,,
0.000108,0,0.000108,0.6,,,,
0.000108,0,0.000108,0.6,,,,
0.000108,-0.2,0.000108,0.6,,,,
0.000108,0,0.000108,0.8,,,,
0.000108,0.2,0.000108,0.6,,,,
0.000108,-0.2,0.000108,1,,,,
0.000108,-0.2,0.000108,1,,,,
0.000108,0,0.000108,0.6,,,,
0.000108,0,0.000108,0.8,,,,
0.000109,0,0.000109,0.8,,,,
0.000109,0,0.000109,0.8,,,,
0.000109,0,0.000109,0.8,,,,
0.000109,0.2,0.000109,0.6,,,,
0.000109,0.2,0.000109,0.8,,,,
0.000109,0.2,0.000109,1,,,,
0.000109,0,0.000109,0.4,,,,
0.000109,0,0.000109,0.8,,,,
0.000109,0.2,0.000109,0.4,,,,
0.000109,0,0.000109,1.2,,,,
0.00011,0.2,0.00011,1.2,,,,
0.00011,0,0.00011,1,,,,
0.00011,0,0.00011,1,,,,
0.00011,0.2,0.00011,1,,,,
0.00011,0.2,0.00011,1,,,,
0.00011,0,0.00011,1,,,,
0.00011,0,0.00011,1,,,,
0.00011,0,0.00011,0.8,,,,
0.00011,-0.4,0.00011,1,,,,
0.00011,0.4,0.00011,1,,,,
0.000111,0.4,0.000111,1,,,,
0.000111,0.4,0.000111,1,,,,
0.000111,0.2,0.000111,1,,,,
0.000111,0,0.000111,1,,,,
0.000111,0,0.000111,1,,,,
0.000111,0.4,0.000111,1.2,,,,
0.000111,0,0.000111,1.2,,,,
0.000111,0.2,0.000111,1.2,,,,
0.000111,0,0.000111,1.2,,,,
0.000111,0,0.000111,1.2,,,,
0.000112,0,0.000112,1.2,,,,
0.000112,0,0.000112,1.2,,,,
0.000112,0,0.000112,1.4,,,,
0.000112,0,0.000112,1.4,,,,
0.000112,0,0.000112,1.2,,,,
0.000112,0.2,0.000112,1.2,,,,
0.000112,0.4,0.000112,1.2,,,,
0.000112,0.2,0.000112,1.4,,,,
0.000112,0.2,0.000112,1.4,,,,
0.000112,0,0.000112,1,,,,
0.000113,0,0.000113,1.4,,,,
0.000113,0.2,0.000113,1.2,,,,
0.000113,0,0.000113,1.6,,,,
0.000113,0.2,0.000113,1.6,,,,
0.000113,0,0.000113,1.4,,,,
0.000113,0.2,0.000113,1.4,,,,
0.000113,0,0.000113,1.6,,,,
0.000113,0.4,0.000113,1.2,,,,
0.000113,0.4,0.000113,1.6,,,,
0.000113,0.2,0.000113,1.6,,,,
0.000114,0,0.000114,1.6,,,,
0.000114,0.2,0.000114,1.4,,,,
0.000114,0.4,0.000114,1.6,,,,
0.000114,0.2,0.000114,1.8,,,,
0.000114,0.4,0.000114,1.4,,,,
0.000114,0.6,0.000114,1.4,,,,
0.000114,0.2,0.000114,1.6,,,,
0.000114,0.4,0.000114,2,,,,
0.000114,0.8,0.000114,2,,,,
0.000114,0.4,0.000114,1.6,,,,
0.000115,0.4,0.000115,1.8,,,,
0.000115,0.6,0.000115,2,,,,
0.000115,0.4,0.000115,1.8,,,,
0.000115,0.4,0.000115,2,,,,
0.000115,0.2,0.000115,2,,,,
0.000115,0.4,0.000115,2,,,,
0.000115,0.4,0.000115,1.8,,,,
0.000115,0.8,0.000115,2,,,,
0.000115,0.6,0.000115,2,,,,
0.000115,0.6,0.000115,1.8,,,,
0.000116,0.6,0.000116,1.8,,,,
0.000116,0.4,0.000116,2,,,,
0.000116,0.4,0.000116,2,,,,
0.000116,0.8,0.000116,2,,,,
0.000116,0.6,0.000116,2,,,,
0.000116,0.4,0.000116,2.2,,,,
0.000116,0.4,0.000116,2.2,,,,
0.000116,0.6,0.000116,2.4,,,,
0.000116,0.6,0.000116,2,,,,
0.000116,0.8,0.000116,2.2,,,,
0.000117,0.8,0.000117,2.4,,,,
0.000117,0.6,0.000117,2.4,,,,
0.000117,0.8,0.000117,2.2,,,,
0.000117,0.8,0.000117,2.4,,,,
0.000117,0.4,0.000117,2.2,,,,
0.000117,0.6,0.000117,2.4,,,,
0.000117,1,0.000117,2.4,,,,
0.000117,0.6,0.000117,2,,,,
0.000117,0.8,0.000117,2.4,,,,
0.000117,1,0.000117,2.2,,,,
0.000118,0.8,0.000118,2.2,,,,
0.000118,1,0.000118,2.6,,,,
0.000118,1,0.000118,2.4,,,,
0.000118,0.8,0.000118,2.6,,,,
0.000118,1,0.000118,2.4,,,,
0.000118,0.8,0.000118,2.6,,,,
0.000118,0.8,0.000118,3,,,,
0.000118,1,0.000118,2.4,,,,
0.000118,1.2,0.000118,2.4,,,,
0.000118,1,0.000118,2.6,,,,
0.000119,1,0.000119,2.6,,,,
0.000119,0.8,0.000119,2.4,,,,
0.000119,1.2,0.000119,2.6,,,,
0.000119,1.2,0.000119,2.6,,,,
0.000119,1.4,0.000119,3,,,,
0.000119,1.2,0.000119,2.4,,,,
0.000119,1.2,0.000119,2.6,,,,
0.000119,1.6,0.000119,2.4,,,,
0.000119,1.2,0.000119,2.8,,,,
0.000119,1.4,0.000119,3,,,,
0.00012,1.4,0.00012,2.6,,,,
0.00012,1.4,0.00012,2.8,,,,
0.00012,1.4,0.00012,2.8,,,,
0.00012,1.4,0.00012,3,,,,
0.00012,1.4,0.00012,2.6,,,,
0.00012,1.8,0.00012,3,,,,
0.00012,1.6,0.00012,2.8,,,,
0.00012,1.4,0.00012,2.8,,,,
0.00012,1.8,0.00012,2.8,,,,
0.00012,1.8,0.00012,3.2,,,,
0.000121,1.8,0.000121,2.8,,,,
0.000121,1.8,0.000121,2.8,,,,
0.000121,1.8,0.000121,3,,,,
0.000121,1.6,0.000121,3,,,,
0.000121,1.6,0.000121,3.2,,,,
0.000121,1.8,0.000121,3.2,,,,
0.000121,2,0.000121,3,,,,
0.000121,2.2,0.000121,3.2,,,,
0.000121,1.8,0.000121,3,,,,
0.000121,2,0.000121,3,,,,
0.000122,2,0.000122,3,,,,
0.000122,2,0.000122,3.2,,,,
0.000122,2,0.000122,3.2,,,,
0.000122,2.2,0.000122,3,,,,
0.000122,1.8,0.000122,3.2,,,,
0.000122,2,0.000122,3.2,,,,
0.000122,2.2,0.000122,3.2,,,,
0.000122,2,0.000122,3,,,,
0.000122,2.2,0.000122,2.8,,,,
0.000122,2.2,0.000122,3,,,,
0.000123,2.4,0.000123,3.2,,,,
0.000123,2.2,0.000123,3,,,,
0.000123,2.2,0.000123,3.2,,,,
0.000123,2.2,0.000123,3.2,,,,
0.000123,2.4,0.000123,3.2,,,,
0.000123,2.4,0.000123,3.2,,,,
0.000123,2.2,0.000123,3,,,,
0.000123,2.4,0.000123,3.4,,,,
0.000123,2.6,0.000123,3.4,,,,
0.000123,2.6,0.000123,3.4,,,,
0.000124,2.6,0.000124,3,,,,
0.000124,2.6,0.000124,3.4,,,,
0.000124,2.8,0.000124,3.4,,,,
0.000124,2.8,0.000124,3,,,,
0.000124,2.8,0.000124,3,,,,
0.000124,3,0.000124,3.2,,,,
0.000124,2.8,0.000124,3.4,,,,
0.000124,3,0.000124,3.6,,,,
0.000124,3,0.000124,3.4,,,,
0.000124,3,0.000124,3.4,,,,
0.000125,3,0.000125,3.6,,,,
0.000125,2.8,0.000125,3.4,,,,
0.000125,3,0.000125,3.2,,,,
0.000125,3.2,0.000125,3.6,,,,
0.000125,3.2,0.000125,3.4,,,,
0.000125,3,0.000125,3.4,,,,
0.000125,3.4,0.000125,3.4,,,,
0.000125,2.8,0.000125,3.4,,,,
0.000125,3.4,0.000125,3.4,,,,
0.000125,3.4,0.000125,3,,,,
0.000126,3.6,0.000126,3.2,,,,
0.000126,3.2,0.000126,3.2,,,,
0.000126,3.4,0.000126,3.2,,,,
0.000126,3.6,0.000126,3.4,,,,
0.000126,3.6,0.000126,3.4,,,,
0.000126,3.6,0.000126,3.4,,,,
0.000126,3.6,0.000126,3.2,,,,
0.000126,3.4,0.000126,3.4,,,,
0.000126,3.6,0.000126,3.4,,,,
0.000126,3.6,0.000126,3.6,,,,
0.000127,3.8,0.000127,3.4,,,,
0.000127,3.8,0.000127,3.2,,,,
0.000127,3.8,0.000127,3.4,,,,
0.000127,3.8,0.000127,3.2,,,,
0.000127,4,0.000127,3.4,,,,
0.000127,4,0.000127,3.4,,,,
0.000127,4.2,0.000127,3.2,,,,
0.000127,4,0.000127,3.4,,,,
0.000127,4.2,0.000127,3.4,,,,
0.000127,4.2,0.000127,3,,,,
0.000128,4.2,0.000128,3.4,,,,
0.000128,4.2,0.000128,3.4,,,,
0.000128,4.2,0.000128,3.4,,,,
0.000128,4.4,0.000128,3.6,,,,
0.000128,4.4,0.000128,3.8,,,,
0.000128,4.2,0.000128,3.4,,,,
0.000128,4.2,0.000128,3,,,,
0.000128,4.4,0.000128,3.4,,,,
0.000128,4.4,0.000128,3.4,,,,
0.000129,4.6,0.000129,3.2,,,,
0.000129,4.6,0.000129,3.2,,,,
0.000129,4.6,0.000129,3.2,,,,
0.000129,5,0.000129,3.4,,,,
0.000129,5,0.000129,3.6,,,,
0.000129,4.4,0.000129,2.8,,,,
0.000129,4.2,0.000129,3,,,,
0.000129,5,0.000129,2.8,,,,
0.000129,4.8,0.000129,3.4,,,,
0.000129,5.2,0.000129,3.4,,,,
0.00013,5,0.00013,3.2,,,,
0.00013,5,0.00013,3.2,,,,
0.00013,5,0.00013,3.4,,,,
0.00013,5.2,0.00013,3.2,,,,
0.00013,5,0.00013,3.4,,,,
0.00013,5.2,0.00013,3,,,,
0.00013,4.8,0.00013,3,,,,
0.00013,5.2,0.00013,3,,,,
0.00013,5.4,0.00013,3,,,,
0.00013,5.6,0.00013,3.2,,,,
0.000131,5.4,0.000131,3,,,,
0.000131,5.2,0.000131,2.8,,,,
0.000131,5.2,0.000131,2.8,,,,
0.000131,5.2,0.000131,2.6,,,,
0.000131,5.2,0.000131,3,,,,
0.000131,5.4,0.000131,3,,,,
0.000131,5.6,0.000131,3,,,,
0.000131,5.6,0.000131,2.8,,,,
0.000131,5.4,0.000131,2.8,,,,
0.000131,5.6,0.000131,2.6,,,,
0.000131,5.8,0.000131,3,,,,
0.000132,5.6,0.000132,2.8,,,,
0.000132,5.6,0.000132,2.6,,,,
0.000132,5.6,0.000132,3,,,,
0.000132,5.8,0.000132,3,,,,
0.000132,5.8,0.000132,2.8,,,,
0.000132,5.8,0.000132,2.8,,,,
0.000132,5.8,0.000132,2.6,,,,
0.000132,6,0.000132,2.4,,,,
0.000132,5.8,0.000132,2.4,,,,
0.000132,5.8,0.000132,2.6,,,,
0.000133,6,0.000133,2.6,,,,
0.000133,6.2,0.000133,2.6,,,,
0.000133,6.2,0.000133,2.6,,,,
0.000133,6,0.000133,2.2,,,,
0.000133,6.2,0.000133,2.6,,,,
0.000133,6.2,0.000133,2.4,,,,
0.000133,6.2,0.000133,2.6,,,,
0.000133,6.4,0.000133,2.4,,,,
0.000133,6.4,0.000133,2.4,,,,
0.000133,6.4,0.000133,2.4,,,,
0.000134,6.8,0.000134,2.4,,,,
0.000134,6.4,0.000134,2.6,,,,
0.000134,6.6,0.000134,2.2,,,,
0.000134,6.6,0.000134,2,,,,
0.000134,6.6,0.000134,2,,,,
0.000134,6.6,0.000134,2.2,,,,
0.000134,6.6,0.000134,2.2,,,,
0.000134,6.4,0.000134,2.2,,,,
0.000134,6.6,0.000134,2.2,,,,
0.000134,6.8,0.000134,2.2,,,,
0.000135,6.8,0.000135,1.8,,,,
0.000135,6.6,0.000135,2,,,,
0.000135,6.8,0.000135,2,,,,
0.000135,6.4,0.000135,1.8,,,,
0.000135,6.8,0.000135,1.8,,,,
0.000135,7.2,0.000135,2,,,,
0.000135,6.8,0.000135,1.8,,,,
0.000135,6.8,0.000135,1.6,,,,
0.000135,7.2,0.000135,1.4,,,,
0.000135,7,0.000135,1.6,,,,
0.000136,6.8,0.000136,1.6,,,,
0.000136,7.2,0.000136,1.6,,,,
0.000136,7.2,0.000136,1,,,,
0.000136,7.2,0.000136,1.6,,,,
0.000136,7.4,0.000136,1.6,,,,
0.000136,7.2,0.000136,1.4,,,,
0.000136,7.2,0.000136,1.4,,,,
0.000136,7.4,0.000136,1.4,,,,
0.000136,7.4,0.000136,1.4,,,,
0.000136,7.4,0.000136,1.4,,,,
0.000137,7.2,0.000137,1.2,,,,
0.000137,7.4,0.000137,1.2,,,,
0.000137,7.4,0.000137,1.2,,,,
0.000137,7.6,0.000137,1,,,,
0.000137,7.4,0.000137,1.4,,,,
0.000137,7.6,0.000137,1.2,,,,
0.000137,7.4,0.000137,1.2,,,,
0.000137,7.4,0.000137,0.8,,,,
0.000137,7.6,0.000137,1,,,,
0.000137,7.6,0.000137,1,,,,
0.000138,7.4,0.000138,0.8,,,,
0.000138,7.6,0.000138,1,,,,
0.000138,7.8,0.000138,0.8,,,,
0.000138,7.6,0.000138,1,,,,
0.000138,7.4,0.000138,1,,,,
0.000138,7.6,0.000138,0.6,,,,
0.000138,7.8,0.000138,0.4,,,,
0.000138,7.8,0.000138,0.6,,,,
0.000138,7.6,0.000138,0.6,,,,
0.000139,7.6,0.000139,0.6,,,,
0.000139,7.8,0.000139,0.4,,,,
0.000139,8,0.000139,0.4,,,,
0.000139,8,0.000139,0.6,,,,
0.000139,7.8,0.000139,0,,,,
0.000139,7.4,0.000139,0.2,,,,
0.000139,8,0.000139,-0.4,,,,
0.000139,7.8,0.000139,0.2,,,,
0.000139,8,0.000139,0.4,,,,
0.000139,8.2,0.000139,0.2,,,,
0.00014,8,0.00014,0.4,,,,
0.00014,7.8,0.00014,0.2,,,,
0.00014,8,0.00014,0.2,,,,
0.00014,7.8,0.00014,-0.2,,,,
0.00014,7.8,0.00014,-0.2,,,,
0.00014,7.8,0.00014,-0.2,,,,
0.00014,8,0.00014,-0.4,,,,
0.00014,8.2,0.00014,-0.4,,,,
0.00014,8.2,0.00014,-0.2,,,,
0.00014,8.2,0.00014,-0.4,,,,
0.00014,7.8,0.00014,-0.4,,,,
0.000141,7.8,0.000141,-0.6,,,,
0.000141,8,0.000141,-0.6,,,,
0.000141,8,0.000141,-0.2,,,,
0.000141,8,0.000141,-0.4,,,,
0.000141,8,0.000141,-0.6,,,,
0.000141,8.4,0.000141,-0.8,,,,
0.000141,8,0.000141,-0.8,,,,
0.000141,8,0.000141,-1,,,,
0.000141,8,0.000141,-1,,,,
0.000141,8,0.000141,-0.8,,,,
0.000142,7.8,0.000142,-0.8,,,,
0.000142,8.2,0.000142,-0.8,,,,
0.000142,8,0.000142,-1,,,,
0.000142,8,0.000142,-1,,,,
0.000142,8,0.000142,-1.4,,,,
0.000142,8.2,0.000142,-1.2,,,,
0.000142,8.2,0.000142,-1.4,,,,
0.000142,8,0.000142,-1.6,,,,
0.000142,8.2,0.000142,-1.4,,,,
0.000142,7.8,0.000142,-1.4,,,,
0.000143,8.2,0.000143,-1.4,,,,
0.000143,8.2,0.000143,-1.6,,,,
0.000143,8,0.000143,-1.6,,,,
0.000143,8.4,0.000143,-1.6,,,,
0.000143,8,0.000143,-1.8,,,,
0.000143,8.2,0.000143,-1.6,,,,
0.000143,8.2,0.000143,-1.4,,,,
0.000143,8.2,0.000143,-1.6,,,,
0.000143,8,0.000143,-1.6,,,,
0.000143,8.2,0.000143,-1.6,,,,
0.000144,8.4,0.000144,-1.6,,,,
0.000144,8.2,0.000144,-2.2,,,,
0.000144,8,0.000144,-2.2,,,,
0.000144,8,0.000144,-2.2,,,,
0.000144,8,0.000144,-2,,,,
0.000144,7.8,0.000144,-2,,,,
0.000144,8,0.000144,-2,,,,
0.000144,8,0.000144,-2,,,,
0.000144,8.2,0.000144,-2.4,,,,
0.000144,8,0.000144,-2.4,,,,
0.000145,8,0.000145,-2.4,,,,
0.000145,8,0.000145,-2.4,,,,
0.000145,8.2,0.000145,-2.4,,,,
0.000145,8,0.000145,-2.4,,,,
0.000145,8,0.000145,-2.4,,,,
0.000145,8,0.000145,-2.8,,,,
0.000145,8,0.000145,-2.8,,,,
0.000145,8,0.000145,-3.2,,,,
0.000145,8,0.000145,-3.2,,,,
0.000145,7.8,0.000145,-3,,,,
0.000146,8,0.000146,-3.2,,,,
0.000146,8,0.000146,-3,,,,
0.000146,7.6,0.000146,-3.2,,,,
0.000146,7.8,0.000146,-3,,,,
0.000146,8,0.000146,-3,,,,
0.000146,7.8,0.000146,-3,,,,
0.000146,8,0.000146,-3.2,,,,
0.000146,7.8,0.000146,-3.2,,,,
0.000146,7.6,0.000146,-3.2,,,,
0.000146,8,0.000146,-3.6,,,,
0.000147,7.8,0.000147,-3.6,,,,
0.000147,7.8,0.000147,-3.6,,,,
0.000147,7.8,0.000147,-3.4,,,,
0.000147,7.8,0.000147,-3.2,,,,
0.000147,7.6,0.000147,-3.6,,,,
0.000147,7.6,0.000147,-3.8,,,,
0.000147,7.4,0.000147,-3.6,,,,
0.000147,7.8,0.000147,-3.8,,,,
0.000147,7.4,0.000147,-3.8,,,,
0.000147,7.2,0.000147,-3.8,,,,
0.000148,7.4,0.000148,-4,,,,
0.000148,7.8,0.000148,-4,,,,
0.000148,7.4,0.000148,-4,,,,
0.000148,7.6,0.000148,-4,,,,
0.000148,7.8,0.000148,-4.2,,,,
0.000148,7.6,0.000148,-4.2,,,,
0.000148,7.4,0.000148,-4.2,,,,
0.000148,7.4,0.000148,-4.4,,,,
0.000148,7.4,0.000148,-4.2,,,,
0.000149,7.4,0.000149,-4.6,,,,
0.000149,7.6,0.000149,-4.6,,,,
0.000149,7.4,0.000149,-4.2,,,,
0.000149,7.2,0.000149,-5,,,,
0.000149,6.8,0.000149,-4.8,,,,
0.000149,7.4,0.000149,-5,,,,
0.000149,7.2,0.000149,-4.4,,,,
0.000149,7.2,0.000149,-4.4,,,,
0.000149,7.4,0.000149,-4.6,,,,
0.000149,7.2,0.000149,-4.6,,,,
0.00015,7.2,0.00015,-4.8,,,,
0.00015,7.2,0.00015,-4.6,,,,
0.00015,7,0.00015,-4.8,,,,
0.00015,7,0.00015,-5,,,,
0.00015,6.8,0.00015,-4.8,,,,
0.00015,6.8,0.00015,-5.2,,,,
0.00015,7.2,0.00015,-5,,,,
0.00015,7,0.00015,-5.2,,,,
0.00015,7,0.00015,-5.6,,,,
0.00015,6.6,0.00015,-5.4,,,,
0.00015,6.6,0.00015,-5.4,,,,
0.000151,6.6,0.000151,-5.4,,,,
0.000151,6.8,0.000151,-5.2,,,,
0.000151,6.4,0.000151,-5.4,,,,
0.000151,6.4,0.000151,-5.4,,,,
0.000151,6.6,0.000151,-5.4,,,,
0.000151,6.4,0.000151,-5.4,,,,
0.000151,6.4,0.000151,-5.6,,,,
0.000151,6.2,0.000151,-5.6,,,,
0.000151,6.2,0.000151,-5.4,,,,
0.000151,6.2,0.000151,-5.4,,,,
0.000152,6,0.000152,-5.8,,,,
0.000152,6.4,0.000152,-5.6,,,,
0.000152,6.2,0.000152,-6,,,,
0.000152,6.4,0.000152,-5.8,,,,
0.000152,6,0.000152,-5.8,,,,
0.000152,6,0.000152,-6.2,,,,
0.000152,6,0.000152,-6.2,,,,
0.000152,6,0.000152,-6.2,,,,
0.000152,6,0.000152,-6.2,,,,
0.000152,5.8,0.000152,-6.2,,,,
0.000153,5.8,0.000153,-6.2,,,,
0.000153,6,0.000153,-6.4,,,,
0.000153,5.8,0.000153,-6,,,,
0.000153,5.6,0.000153,-6.4,,,,
0.000153,5.6,0.000153,-6.2,,,,
0.000153,5.4,0.000153,-6,,,,
0.000153,5.6,0.000153,-6.4,,,,
0.000153,5.4,0.000153,-6.2,,,,
0.000153,5.4,0.000153,-6.4,,,,
0.000153,5.8,0.000153,-6.4,,,,
0.000154,5.6,0.000154,-6.6,,,,
0.000154,5.6,0.000154,-6.4,,,,
0.000154,5.4,0.000154,-6.4,,,,
0.000154,5,0.000154,-6.6,,,,
0.000154,5,0.000154,-6.4,,,,
0.000154,4.8,0.000154,-6.2,,,,
0.000154,5,0.000154,-6.6,,,,
0.000154,5.4,0.000154,-6.8,,,,
0.000154,4.8,0.000154,-6.6,,,,
0.000154,4.8,0.000154,-6.8,,,,
0.000155,5,0.000155,-6.6,,,,
0.000155,4.6,0.000155,-6.6,,,,
0.000155,4.6,0.000155,-6.8,,,,
0.000155,5,0.000155,-6.6,,,,
0.000155,4.8,0.000155,-7,,,,
0.000155,5,0.000155,-7,,,,
0.000155,4.6,0.000155,-7.2,,,,
0.000155,4.8,0.000155,-7,,,,
0.000155,4.4,0.000155,-6.8,,,,
0.000155,4.6,0.000155,-7,,,,
0.000156,4.6,0.000156,-7,,,,
0.000156,4,0.000156,-7,,,,
0.000156,4.2,0.000156,-6.6,,,,
0.000156,4.2,0.000156,-7,,,,
0.000156,4,0.000156,-6.8,,,,
0.000156,4.2,0.000156,-7,,,,
0.000156,4,0.000156,-7,,,,
0.000156,4,0.000156,-6.8,,,,
0.000156,3.8,0.000156,-7.4,,,,
0.000156,4,0.000156,-7.2,,,,
0.000157,3.6,0.000157,-7.2,,,,
0.000157,3.8,0.000157,-7,,,,
0.000157,4,0.000157,-7.2,,,,
0.000157,3.6,0.000157,-7.4,,,,
0.000157,3.6,0.000157,-7.4,,,,
0.000157,3.8,0.000157,-7.2,,,,
0.000157,3.6,0.000157,-7.6,,,,
0.000157,3.6,0.000157,-7.2,,,,
0.000157,3.2,0.000157,-7.2,,,,
0.000157,3.4,0.000157,-7.2,,,,
0.000158,3.2,0.000158,-7.2,,,,
0.000158,3.2,0.000158,-7.2,,,,
0.000158,3,0.000158,-7.2,,,,
0.000158,3.2,0.000158,-7.6,,,,
0.000158,3.2,0.000158,-7.8,,,,
0.000158,3.2,0.000158,-7.2,,,,
0.000158,3,0.000158,-7.4,,,,
0.000158,2.8,0.000158,-7.6,,,,
0.000158,3,0.000158,-7.6,,,,
0.000159,3,0.000159,-7.6,,,,
0.000159,3,0.000159,-6.8,,,,
0.000159,2.8,0.000159,-7.8,,,,
0.000159,2.4,0.000159,-7.8,,,,
0.000159,2.8,0.000159,-8,,,,
0.000159,2.6,0.000159,-7.4,,,,
0.000159,2.6,0.000159,-7.2,,,,
0.000159,2.4,0.000159,-7.4,,,,
0.000159,2.2,0.000159,-7.2,,,,
0.000159,2.2,0.000159,-7.6,,,,
0.00016,2.2,0.00016,-7.4,,,,
0.00016,2,0.00016,-7.2,,,,
0.00016,2.2,0.00016,-7.4,,,,
0.00016,2.2,0.00016,-7.4,,,,
0.00016,2,0.00016,-7.6,,,,
0.00016,2.2,0.00016,-7.4,,,,
0.00016,2,0.00016,-7.4,,,,
0.00016,2.2,0.00016,-7.8,,,,
0.00016,1.8,0.00016,-7.6,,,,
0.00016,1.6,0.00016,-7.8,,,,
0.00016,1.6,0.00016,-7.6,,,,
0.000161,1.8,0.000161,-7.2,,,,
0.000161,1.6,0.000161,-7.6,,,,
0.000161,1.4,0.000161,-7.6,,,,
0.000161,1.6,0.000161,-7.4,,,,
0.000161,1.2,0.000161,-7.6,,,,
0.000161,1.2,0.000161,-7.8,,,,
0.000161,1.2,0.000161,-7.6,,,,
0.000161,1.2,0.000161,-7.4,,,,
0.000161,1,0.000161,-7.6,,,,
0.000161,1.2,0.000161,-7.4,,,,
0.000162,1,0.000162,-7.6,,,,
0.000162,1,0.000162,-7.6,,,,
0.000162,1.2,0.000162,-7.6,,,,
0.000162,1,0.000162,-7.6,,,,
0.000162,0.8,0.000162,-7.8,,,,
0.000162,0.8,0.000162,-7.4,,,,
0.000162,0.6,0.000162,-7.6,,,,
0.000162,0.8,0.000162,-7.8,,,,
0.000162,0.6,0.000162,-7.6,,,,
0.000162,0.6,0.000162,-7.6,,,,
0.000163,0.6,0.000163,-7.8,,,,
0.000163,0.6,0.000163,-7.4,,,,
0.000163,0.4,0.000163,-7.8,,,,
0.000163,0.4,0.000163,-7.6,,,,
0.000163,0.4,0.000163,-7.2,,,,
0.000163,0.2,0.000163,-7.4,,,,
0.000163,0,0.000163,-7.4,,,,
0.000163,0,0.000163,-7.2,,,,
0.000163,0,0.000163,-7.4,,,,
0.000163,0,0.000163,-7.6,,,,
0.000164,0.4,0.000164,-7.4,,,,
0.000164,-0.2,0.000164,-7.2,,,,
0.000164,0,0.000164,-7.6,,,,
0.000164,0.2,0.000164,-7.4,,,,
0.000164,-0.2,0.000164,-7,,,,
0.000164,-0.2,0.000164,-7.2,,,,
0.000164,0,0.000164,-7.6,,,,
0.000164,-0.6,0.000164,-7.2,,,,
0.000164,-0.4,0.000164,-7.2,,,,
0.000164,-0.6,0.000164,-7.4,,,,
0.000165,-0.6,0.000165,-7.2,,,,
0.000165,-0.6,0.000165,-7.4,,,,
0.000165,-0.4,0.000165,-7,,,,
0.000165,-0.8,0.000165,-7.2,,,,
0.000165,-0.8,0.000165,-7.2,,,,
0.000165,-0.6,0.000165,-7.4,,,,
0.000165,-0.8,0.000165,-7.4,,,,
0.000165,-1,0.000165,-7.2,,,,
0.000165,-1.2,0.000165,-7.4,,,,
0.000165,-0.8,0.000165,-7.6,,,,
0.000166,-1.2,0.000166,-7.2,,,,
0.000166,-1.2,0.000166,-7,,,,
0.000166,-1,0.000166,-7,,,,
0.000166,-1.2,0.000166,-6.6,,,,
0.000166,-1.2,0.000166,-6.8,,,,
0.000166,-1.4,0.000166,-6.6,,,,
0.000166,-1.6,0.000166,-6.6,,,,
0.000166,-1.2,0.000166,-7.2,,,,
0.000166,-1.4,0.000166,-7,,,,
0.000166,-1.4,0.000166,-7,,,,
0.000167,-1.6,0.000167,-6.8,,,,
0.000167,-1.6,0.000167,-6.4,,,,
0.000167,-1.6,0.000167,-7,,,,
0.000167,-1.6,0.000167,-7.2,,,,
0.000167,-1.6,0.000167,-6.6,,,,
0.000167,-1.6,0.000167,-6.8,,,,
0.000167,-1.8,0.000167,-6.4,,,,
0.000167,-2,0.000167,-7,,,,
0.000167,-1.8,0.000167,-6.6,,,,
0.000168,-1.8,0.000168,-6.6,,,,
0.000168,-2,0.000168,-6.6,,,,
0.000168,-1.8,0.000168,-6.4,,,,
0.000168,-2,0.000168,-6.6,,,,
0.000168,-2,0.000168,-6.6,,,,
0.000168,-2.2,0.000168,-6.4,,,,
0.000168,-2.2,0.000168,-6.4,,,,
0.000168,-2.2,0.000168,-6.2,,,,
0.000168,-2.2,0.000168,-6.6,,,,
0.000168,-1.8,0.000168,-6.6,,,,
0.000169,-2.2,0.000169,-6,,,,
0.000169,-2.2,0.000169,-6.6,,,,
0.000169,-2.4,0.000169,-6.4,,,,
0.000169,-2.2,0.000169,-6.6,,,,
0.000169,-2.4,0.000169,-6,,,,
0.000169,-2.6,0.000169,-6,,,,
0.000169,-2.6,0.000169,-6.2,,,,
0.000169,-2.4,0.000169,-6,,,,
0.000169,-2,0.000169,-6,,,,
0.000169,-2.4,0.000169,-5.8,,,,
0.000169,-2.8,0.000169,-5.6,,,,
0.00017,-2.8,0.00017,-5.8,,,,
0.00017,-2.8,0.00017,-6,,,,
0.00017,-2.8,0.00017,-6,,,,
0.00017,-2.8,0.00017,-5.8,,,,
0.00017,-2.8,0.00017,-5.6,,,,
0.00017,-2.6,0.00017,-5.8,,,,
0.00017,-2.8,0.00017,-5.8,,,,
0.00017,-3,0.00017,-5.8,,,,
0.00017,-3.2,0.00017,-5.8,,,,
0.00017,-2.8,0.00017,-5.6,,,,
0.000171,-3.4,0.000171,-5.8,,,,
0.000171,-3,0.000171,-5.4,,,,
0.000171,-3,0.000171,-5.4,,,,
0.000171,-3.2,0.000171,-5.4,,,,
0.000171,-3.2,0.000171,-5.8,,,,
0.000171,-3.2,0.000171,-5.2,,,,
0.000171,-3.4,0.000171,-5.2,,,,
0.000171,-3.4,0.000171,-5.4,,,,
0.000171,-3.2,0.000171,-5.2,,,,
0.000171,-3.4,0.000171,-5.2,,,,
0.000172,-3.4,0.000172,-5.2,,,,
0.000172,-3.6,0.000172,-5,,,,
0.000172,-3.2,0.000172,-5.4,,,,
0.000172,-3.4,0.000172,-5.2,,,,
0.000172,-3.4,0.000172,-5.2,,,,
0.000172,-3.4,0.000172,-5.2,,,,
0.000172,-3.6,0.000172,-4.8,,,,
0.000172,-3.6,0.000172,-4.8,,,,
0.000172,-3.6,0.000172,-5,,,,
0.000172,-3.6,0.000172,-5,,,,
0.000173,-3.4,0.000173,-4.8,,,,
0.000173,-3.6,0.000173,-4.8,,,,
0.000173,-3.8,0.000173,-4.6,,,,
0.000173,-3.6,0.000173,-4.6,,,,
0.000173,-3.8,0.000173,-4.4,,,,
0.000173,-3.6,0.000173,-4.2,,,,
0.000173,-3.6,0.000173,-4.6,,,,
0.000173,-3.8,0.000173,-4.2,,,,
0.000173,-3.8,0.000173,-4.6,,,,
0.000173,-3.6,0.000173,-4.6,,,,
0.000174,-3.8,0.000174,-4.4,,,,
0.000174,-4,0.000174,-4,,,,
0.000174,-3.6,0.000174,-4.2,,,,
0.000174,-4,0.000174,-4.2,,,,
0.000174,-3.8,0.000174,-4.2,,,,
0.000174,-3.6,0.000174,-4.4,,,,
0.000174,-4.2,0.000174,-4.4,,,,
0.000174,-3.8,0.000174,-4.4,,,,
0.000174,-4,0.000174,-4.2,,,,
0.000174,-4.2,0.000174,-4,,,,
0.000175,-4,0.000175,-4,,,,
0.000175,-3.6,0.000175,-3.6,,,,
0.000175,-4,0.000175,-4.2,,,,
0.000175,-4.2,0.000175,-3.8,,,,
0.000175,-4,0.000175,-4.2,,,,
0.000175,-4,0.000175,-3.8,,,,
0.000175,-4.2,0.000175,-3.8,,,,
0.000175,-4.2,0.000175,-3.8,,,,
0.000175,-4,0.000175,-3.8,,,,
0.000175,-4.2,0.000175,-3.6,,,,
0.000176,-4.2,0.000176,-3.4,,,,
0.000176,-4.2,0.000176,-3.4,,,,
0.000176,-4.2,0.000176,-3.6,,,,
0.000176,-4,0.000176,-3.4,,,,
0.000176,-4.2,0.000176,-3.4,,,,
0.000176,-4,0.000176,-3,,,,
0.000176,-4,0.000176,-3.4,,,,
0.000176,-4.2,0.000176,-3.2,,,,
0.000176,-4.2,0.000176,-3.4,,,,
0.000176,-4.4,0.000176,-3,,,,
0.000177,-4,0.000177,-3.2,,,,
0.000177,-4.4,0.000177,-3.2,,,,
0.000177,-3.8,0.000177,-3.2,,,,
0.000177,-4,0.000177,-3,,,,
0.000177,-4,0.000177,-3,,,,
0.000177,-4.2,0.000177,-2.8,,,,
0.000177,-4,0.000177,-3.2,,,,
0.000177,-4,0.000177,-2.8,,,,
0.000177,-4.2,0.000177,-2.8,,,,
0.000178,-4,0.000178,-2.6,,,,
0.000178,-4.2,0.000178,-2.6,,,,
0.000178,-4.2,0.000178,-2.8,,,,
0.000178,-4.2,0.000178,-2.6,,,,
0.000178,-4.2,0.000178,-2.2,,,,
0.000178,-4.4,0.000178,-2.6,,,,
0.000178,-4.4,0.000178,-2.4,,,,
0.000178,-4,0.000178,-2.6,,,,
0.000178,-4,0.000178,-2.6,,,,
0.000178,-4,0.000178,-2,,,,
0.000179,-4.2,0.000179,-2.6,,,,
0.000179,-4.4,0.000179,-2.6,,,,
0.000179,-4,0.000179,-2.8,,,,
0.000179,-4.2,0.000179,-2,,,,
0.000179,-4,0.000179,-2,,,,
0.000179,-4,0.000179,-1.8,,,,
0.000179,-4.4,0.000179,-2,,,,
0.000179,-4,0.000179,-1.8,,,,
0.000179,-3.8,0.000179,-2.2,,,,
0.000179,-4.4,0.000179,-2,,,,
0.000179,-4.2,0.000179,-2,,,,
0.00018,-4.4,0.00018,-1.8,,,,
0.00018,-4.4,0.00018,-1.8,,,,
0.00018,-3.8,0.00018,-1.8,,,,
0.00018,-3.8,0.00018,-1.8,,,,
0.00018,-3.8,0.00018,-1.8,,,,
0.00018,-3.8,0.00018,-1.8,,,,
0.00018,-4.2,0.00018,-2,,,,
0.00018,-4.2,0.00018,-1.8,,,,
0.00018,-3.8,0.00018,-1.4,,,,
0.00018,-4.2,0.00018,-1.4,,,,
0.000181,-4,0.000181,-1.4,,,,
0.000181,-4,0.000181,-1.4,,,,
0.000181,-4.2,0.000181,-1.2,,,,
0.000181,-4.2,0.000181,-1.4,,,,
0.000181,-4,0.000181,-1.4,,,,
0.000181,-4,0.000181,-1.2,,,,
0.000181,-4.2,0.000181,-1.2,,,,
0.000181,-4,0.000181,-1.2,,,,
0.000181,-4.2,0.000181,-1.2,,,,
0.000181,-3.8,0.000181,-1.2,,,,
0.000182,-4,0.000182,-1,,,,
0.000182,-4,0.000182,-1.2,,,,
0.000182,-4,0.000182,-1.2,,,,
0.000182,-3.8,0.000182,-1.2,,,,
0.000182,-3.8,0.000182,-1.2,,,,
0.000182,-3.8,0.000182,-0.8,,,,
0.000182,-3.8,0.000182,-0.8,,,,
0.000182,-3.6,0.000182,-0.8,,,,
0.000182,-3.8,0.000182,-0.8,,,,
0.000182,-3.6,0.000182,-0.8,,,,
0.000183,-3.8,0.000183,-0.8,,,,
0.000183,-4,0.000183,-0.6,,,,
0.000183,-3.6,0.000183,-0.6,,,,
0.000183,-3.8,0.000183,-0.4,,,,
0.000183,-3.8,0.000183,-0.4,,,,
0.000183,-3.6,0.000183,-0.6,,,,
0.000183,-3.6,0.000183,-0.2,,,,
0.000183,-3.8,0.000183,-0.8,,,,
0.000183,-3.4,0.000183,-0.6,,,,
0.000183,-3.4,0.000183,-0.6,,,,
0.000184,-3.8,0.000184,-0.2,,,,
0.000184,-3.4,0.000184,-0.4,,,,
0.000184,-3.8,0.000184,-0.2,,,,
0.000184,-3.8,0.000184,-0.2,,,,
0.000184,-3.4,0.000184,0,,,,
0.000184,-3.8,0.000184,-0.2,,,,
0.000184,-3.6,0.000184,-0.2,,,,
0.000184,-3.8,0.000184,-0.2,,,,
0.000184,-3.4,0.000184,0,,,,
0.000184,-3.6,0.000184,-0.2,,,,
0.000185,-3.4,0.000185,0,,,,
0.000185,-3.4,0.000185,0,,,,
0.000185,-3.6,0.000185,0,,,,
0.000185,-3.4,0.000185,-0.4,,,,
0.000185,-3.2,0.000185,0,,,,
0.000185,-3.4,0.000185,0,,,,
0.000185,-3.4,0.000185,-0.2,,,,
0.000185,-3.4,0.000185,-0.2,,,,
0.000185,-3.4,0.000185,0.2,,,,
0.000185,-3.2,0.000185,0.6,,,,
0.000186,-3.2,0.000186,0.6,,,,
0.000186,-3.2,0.000186,0.4,,,,
0.000186,-3.2,0.000186,0.2,,,,
0.000186,-3.2,0.000186,0.2,,,,
0.000186,-3.2,0.000186,0.4,,,,
0.000186,-3.2,0.000186,0.2,,,,
0.000186,-3,0.000186,0.4,,,,
0.000186,-3.2,0.000186,0.4,,,,
0.000186,-3,0.000186,0.8,,,,
0.000186,-3,0.000186,0.8,,,,
0.000187,-3.2,0.000187,0.4,,,,
0.000187,-3,0.000187,0.6,,,,
0.000187,-2.8,0.000187,0.6,,,,
0.000187,-2.8,0.000187,0.4,,,,
0.000187,-2.8,0.000187,0.6,,,,
0.000187,-2.8,0.000187,0.6,,,,
0.000187,-2.8,0.000187,0.6,,,,
0.000187,-2.6,0.000187,0.6,,,,
0.000187,-2.8,0.000187,1,,,,
0.000188,-3,0.000188,1,,,,
0.000188,-2.8,0.000188,0.4,,,,
0.000188,-2.4,0.000188,0.8,,,,
0.000188,-2.8,0.000188,0.8,,,,
0.000188,-2.8,0.000188,0.6,,,,
0.000188,-2.8,0.000188,0.8,,,,
0.000188,-2.4,0.000188,0.6,,,,
0.000188,-2.2,0.000188,0.8,,,,
0.000188,-2.4,0.000188,1,,,,
0.000188,-2.6,0.000188,0.6,,,,
0.000189,-2.8,0.000189,0.6,,,,
0.000189,-2.4,0.000189,0.6,,,,
0.000189,-2.4,0.000189,1,,,,
0.000189,-2.2,0.000189,1.2,,,,
0.000189,-2.4,0.000189,1.2,,,,
0.000189,-2.4,0.000189,1.2,,,,
0.000189,-2.2,0.000189,1,,,,
0.000189,-2,0.000189,1,,,,
0.000189,-2.4,0.000189,1,,,,
0.000189,-2.4,0.000189,1,,,,
0.000189,-2.6,0.000189,1.2,,,,
0.00019,-2.2,0.00019,1.2,,,,
0.00019,-2,0.00019,1.2,,,,
0.00019,-2,0.00019,1.2,,,,
0.00019,-2,0.00019,1.2,,,,
0.00019,-2,0.00019,1,,,,
0.00019,-2.2,0.00019,1,,,,
0.00019,-2.4,0.00019,0.8,,,,
0.00019,-2,0.00019,1.6,,,,
0.00019,-2.2,0.00019,1.2,,,,
0.00019,-2.2,0.00019,1.4,,,,
0.000191,-1.8,0.000191,1.4,,,,
0.000191,-2,0.000191,1.6,,,,
0.000191,-2.2,0.000191,1.2,,,,
0.000191,-2.2,0.000191,1.4,,,,
0.000191,-1.8,0.000191,1.4,,,,
0.000191,-2.2,0.000191,1.4,,,,
0.000191,-2.2,0.000191,1.4,,,,
0.000191,-2,0.000191,1.4,,,,
0.000191,-2,0.000191,1.4,,,,
0.000191,-2,0.000191,1.2,,,,
0.000192,-1.8,0.000192,1.2,,,,
0.000192,-1.8,0.000192,1,,,,
0.000192,-1.8,0.000192,1.2,,,,
0.000192,-1.8,0.000192,1.4,,,,
0.000192,-2,0.000192,1.2,,,,
0.000192,-1.6,0.000192,1.8,,,,
0.000192,-1.8,0.000192,1.4,,,,
0.000192,-1.8,0.000192,1.6,,,,
0.000192,-1.6,0.000192,1.4,,,,
0.000192,-1.6,0.000192,1.4,,,,
0.000193,-1.6,0.000193,1.4,,,,
0.000193,-1.6,0.000193,1.6,,,,
0.000193,-1.6,0.000193,1.6,,,,
0.000193,-1.6,0.000193,1.6,,,,
0.000193,-1.6,0.000193,1.4,,,,
0.000193,-1.6,0.000193,1.6,,,,
0.000193,-1.2,0.000193,1.4,,,,
0.000193,-1.2,0.000193,1.6,,,,
0.000193,-1.6,0.000193,1.6,,,,
0.000193,-1.6,0.000193,1.8,,,,
0.000194,-1.2,0.000194,1.6,,,,
0.000194,-1.6,0.000194,1.8,,,,
0.000194,-1.2,0.000194,1.4,,,,
0.000194,-1,0.000194,1.6,,,,
0.000194,-1.4,0.000194,1.6,,,,
0.000194,-1.4,0.000194,1.8,,,,
0.000194,-1.4,0.000194,1.4,,,,
0.000194,-1.2,0.000194,2,,,,
0.000194,-1.4,0.000194,1.6,,,,
0.000194,-1,0.000194,1.8,,,,
0.000195,-1.4,0.000195,1.6,,,,
0.000195,-1.2,0.000195,1.8,,,,
0.000195,-1,0.000195,1.4,,,,
0.000195,-1.2,0.000195,1.6,,,,
0.000195,-1.2,0.000195,1.6,,,,
0.000195,-1,0.000195,1.6,,,,
0.000195,-0.8,0.000195,1.2,,,,
0.000195,-1,0.000195,1.6,,,,
0.000195,-1,0.000195,1.8,,,,
0.000195,-0.8,0.000195,1.8,,,,
0.000196,-1.2,0.000196,1.8,,,,
0.000196,-1,0.000196,1.8,,,,
0.000196,-1.2,0.000196,1.6,,,,
0.000196,-1,0.000196,1.8,,,,
0.000196,-0.8,0.000196,1.8,,,,
0.000196,-1,0.000196,1.6,,,,
0.000196,-1,0.000196,1.6,,,,
0.000196,-0.8,0.000196,1.8,,,,
0.000196,-1,0.000196,2,,,,
0.000196,-0.8,0.000196,1.4,,,,
0.000197,-0.8,0.000197,1.6,,,,
0.000197,-0.6,0.000197,1.8,,,,
0.000197,-0.6,0.000197,1.4,,,,
0.000197,-0.6,0.000197,1.6,,,,
0.000197,-0.6,0.000197,1.8,,,,
0.000197,-0.6,0.000197,1.8,,,,
0.000197,-0.6,0.000197,1.6,,,,
0.000197,-0.4,0.000197,1.8,,,,
0.000197,-0.6,0.000197,1.6,,,,
0.000198,-0.6,0.000198,1.6,,,,
0.000198,-0.4,0.000198,1.8,,,,
0.000198,-0.4,0.000198,1.6,,,,
0.000198,-0.6,0.000198,1.4,,,,
0.000198,-0.6,0.000198,1.8,,,,
0.000198,-0.4,0.000198,1.4,,,,
0.000198,-0.4,0.000198,1.6,,,,
0.000198,-0.4,0.000198,2,,,,
0.000198,-0.6,0.000198,1.4,,,,
0.000198,-0.6,0.000198,1.2,,,,
0.000199,-0.4,0.000199,1.2,,,,
0.000199,-0.6,0.000199,1.8,,,,
0.000199,-0.4,0.000199,1.6,,,,
0.000199,-0.2,0.000199,1.8,,,,
0.000199,-0.6,0.000199,1.8,,,,
0.000199,-0.4,0.000199,1.8,,,,
0.000199,-0.4,0.000199,1.8,,,,
0.000199,-0.6,0.000199,1.6,,,,
0.000199,-0.4,0.000199,1.4,,,,
0.000199,-0.4,0.000199,1.6,,,,
0.000199,-0.6,0.000199,1.6,,,,
0.0002,-0.2,0.0002,1.4,,,,
0.0002,0,0.0002,1.4,,,,
0.0002,0,0.0002,1.4,,,,
0.0002,-0.2,0.0002,1.6,,,,
0.0002,-0.4,0.0002,1.4,,,,
0.0002,-0.6,0.0002,1.6,,,,
0.0002,0,0.0002,1.8,,,,
0.0002,-0.2,0.0002,1.4,,,,
0.0002,-0.2,0.0002,1.6,,,,
0.0002,-0.4,0.0002,1.6,,,,
0.000201,0,0.000201,1.6,,,,
0.000201,-0.4,0.000201,1.4,,,,
0.000201,-0.2,0.000201,1.4,,,,
0.000201,-0.4,0.000201,1.8,,,,
0.000201,-0.2,0.000201,1.6,,,,
0.000201,-0.2,0.000201,1.4,,,,
0.000201,-0.2,0.000201,1.4,,,,
0.000201,0,0.000201,1.2,,,,
0.000201,-0.2,0.000201,1.4,,,,
0.000201,-0.2,0.000201,1.4,,,,
0.000202,-0.2,0.000202,1.2,,,,
0.000202,0,0.000202,1,,,,
0.000202,0,0.000202,1.4,,,,
0.000202,0,0.000202,1.2,,,,
0.000202,0,0.000202,1.4,,,,
0.000202,0,0.000202,1.4,,,,
0.000202,0,0.000202,1.8,,,,
0.000202,0,0.000202,1.4,,,,
0.000202,0,0.000202,1.4,,,,
0.000202,0,0.000202,1.4,,,,
0.000203,-0.2,0.000203,1.6,,,,
0.000203,-0.2,0.000203,1.4,,,,
0.000203,0,0.000203,1.2,,,,
0.000203,0,0.000203,1.4,,,,
0.000203,0.2,0.000203,1.4,,,,
0.000203,0.2,0.000203,1.2,,,,
0.000203,0.2,0.000203,1.2,,,,
0.000203,0,0.000203,1.6,,,,
0.000203,0,0.000203,1.6,,,,
0.000203,0,0.000203,1.6,,,,
0.000204,0,0.000204,1.6,,,,
0.000204,0.2,0.000204,1.4,,,,
0.000204,0.2,0.000204,1.4,,,,
0.000204,0,0.000204,1.4,,,,
0.000204,0,0.000204,1.2,,,,
0.000204,0.2,0.000204,1.2,,,,
0.000204,-0.2,0.000204,1.4,,,,
0.000204,0,0.000204,1.2,,,,
0.000204,0.6,0.000204,1.4,,,,
0.000204,-0.2,0.000204,1.2,,,,
0.000205,-0.2,0.000205,1.2,,,,
0.000205,0.2,0.000205,1,,,,
0.000205,0.4,0.000205,1.2,,,,
0.000205,0,0.000205,1.4,,,,
0.000205,0,0.000205,1,,,,
0.000205,0.2,0.000205,1,,,,
0.000205,-0.2,0.000205,1.2,,,,
0.000205,0,0.000205,1.4,,,,
0.000205,0.2,0.000205,1.4,,,,
0.000205,0,0.000205,1.6,,,,
0.000206,0.2,0.000206,1.2,,,,
0.000206,0,0.000206,1.2,,,,
0.000206,0.2,0.000206,1.4,,,,
0.000206,0,0.000206,1,,,,
0.000206,0.2,0.000206,1.2,,,,
0.000206,0,0.000206,1.2,,,,
0.000206,0,0.000206,1.4,,,,
0.000206,0.4,0.000206,1.4,,,,
0.000206,0.2,0.000206,1.2,,,,
0.000206,0.2,0.000206,1.2,,,,
0.000207,0.2,0.000207,1,,,,
0.000207,0,0.000207,1,,,,
0.000207,0,0.000207,1.2,,,,
0.000207,0,0.000207,1.2,,,,
0.000207,0.2,0.000207,1.2,,,,
0.000207,0.2,0.000207,1.2,,,,
0.000207,0,0.000207,1.2,,,,
0.000207,0,0.000207,1.2,,,,
0.000207,0.2,0.000207,1.2,,,,
0.000208,0,0.000208,1.2,,,,
0.000208,0.2,0.000208,1.2,,,,
0.000208,0,0.000208,1.2,,,,
0.000208,0.2,0.000208,1.2,,,,
0.000208,0.4,0.000208,1.2,,,,
0.000208,0.4,0.000208,1,,,,
0.000208,0.4,0.000208,1.4,,,,
0.000208,0,0.000208,0.6,,,,
0.000208,-0.2,0.000208,0.8,,,,
0.000208,0.4,0.000208,0.6,,,,
0.000208,0.2,0.000208,1.4,,,,
0.000209,0.2,0.000209,1.4,,,,
0.000209,0,0.000209,1.4,,,,
0.000209,0,0.000209,1.2,,,,
0.000209,0.2,0.000209,1.2,,,,
0.000209,0.2,0.000209,1.4,,,,
0.000209,0.2,0.000209,1.2,,,,
0.000209,0.2,0.000209,1.2,,,,
0.000209,0,0.000209,1,,,,
0.000209,0,0.000209,0.8,,,,
0.000209,0.4,0.000209,1,,,,
0.00021,0.2,0.00021,1.2,,,,
0.00021,0.4,0.00021,1,,,,
0.00021,0.2,0.00021,1.2,,,,
0.00021,0.2,0.00021,1,,,,
0.00021,0,0.00021,1,,,,
0.00021,0.4,0.00021,1.2,,,,
0.00021,0.2,0.00021,1.2,,,,
0.00021,0.2,0.00021,1.2,,,,
0.00021,0.2,0.00021,1.2,,,,
0.00021,0,0.00021,1,,,,
0.000211,0,0.000211,1,,,,
0.000211,0.2,0.000211,1,,,,
0.000211,0,0.000211,1,,,,
0.000211,-0.2,0.000211,1,,,,
0.000211,0.2,0.000211,1,,,,
0.000211,0.4,0.000211,1.2,,,,
0.000211,0.2,0.000211,1,,,,
0.000211,0.2,0.000211,1,,,,
0.000211,0.2,0.000211,1,,,,
0.000211,0,0.000211,1,,,,
0.000212,0,0.000212,1.2,,,,
0.000212,0.4,0.000212,1,,,,
0.000212,0.2,0.000212,1,,,,
0.000212,-0.2,0.000212,1.2,,,,
0.000212,0.2,0.000212,1.2,,,,
0.000212,0,0.000212,1,,,,
0.000212,0.2,0.000212,1.2,,,,
0.000212,0.2,0.000212,0.8,,,,
0.000212,0,0.000212,1,,,,
0.000212,0.2,0.000212,1.2,,,,
0.000213,0.2,0.000213,1.4,,,,
0.000213,0.2,0.000213,1.2,,,,
0.000213,0.2,0.000213,1.2,,,,
0.000213,0.2,0.000213,1.2,,,,
0.000213,-0.2,0.000213,1,,,,
0.000213,0.4,0.000213,0.8,,,,
0.000213,0.2,0.000213,1.2,,,,
0.000213,0,0.000213,1.2,,,,
0.000213,0.4,0.000213,1.2,,,,
0.000213,0,0.000213,1.2,,,,
0.000214,0.2,0.000214,1.2,,,,
0.000214,0.4,0.000214,1.2,,,,
0.000214,0,0.000214,1,,,,
0.000214,0.2,0.000214,1.4,,,,
0.000214,0.2,0.000214,1.2,,,,
0.000214,0.2,0.000214,1.2,,,,
0.000214,0.2,0.000214,1.2,,,,
0.000214,0.4,0.000214,1.2,,,,
0.000214,0,0.000214,1.2,,,,
0.000214,0.2,0.000214,1.2,,,,
0.000215,0.2,0.000215,1,,,,
0.000215,0.2,0.000215,1,,,,
0.000215,0,0.000215,1,,,,
0.000215,0.4,0.000215,1.2,,,,
0.000215,0.6,0.000215,0.8,,,,
0.000215,0.2,0.000215,1.2,,,,
0.000215,0.2,0.000215,1.4,,,,
0.000215,0.2,0.000215,1.6,,,,
0.000215,0.4,0.000215,1.4,,,,
0.000215,0.4,0.000215,1.2,,,,
0.000216,0.2,0.000216,1.2,,,,
0.000216,0,0.000216,1.4,,,,
0.000216,0.4,0.000216,1.4,,,,
0.000216,0.4,0.000216,1.6,,,,
0.000216,0,0.000216,1.2,,,,
0.000216,0.2,0.000216,1.4,,,,
0.000216,0.4,0.000216,1.6,,,,
0.000216,0.2,0.000216,1.2,,,,
0.000216,0.6,0.000216,1.2,,,,
0.000216,0.4,0.000216,1.2,,,,
0.000217,0.4,0.000217,1.2,,,,
0.000217,0.4,0.000217,1.4,,,,
0.000217,0.4,0.000217,1.2,,,,
0.000217,0.2,0.000217,1.6,,,,
0.000217,0.6,0.000217,1.6,,,,
0.000217,0.6,0.000217,1.6,,,,
0.000217,0.4,0.000217,1.6,,,,
0.000217,0.2,0.000217,1.2,,,,
0.000217,0.4,0.000217,1.4,,,,
0.000218,0.4,0.000218,1.4,,,,
0.000218,0.2,0.000218,1.4,,,,
0.000218,0.4,0.000218,1.6,,,,
0.000218,0.6,0.000218,1.4,,,,
0.000218,0.6,0.000218,1.6,,,,
0.000218,0.6,0.000218,1.8,,,,
0.000218,0.4,0.000218,1.2,,,,
0.000218,0.4,0.000218,1.4,,,,
0.000218,0.4,0.000218,1.2,,,,
0.000218,0.4,0.000218,1.8,,,,
0.000218,0.6,0.000218,1.8,,,,
0.000219,0.6,0.000219,1.8,,,,
0.000219,0.4,0.000219,1.6,,,,
0.000219,0.4,0.000219,1.8,,,,
0.000219,0.4,0.000219,1.4,,,,
0.000219,0.6,0.000219,1.8,,,,
0.000219,0.4,0.000219,1.6,,,,
0.000219,0.2,0.000219,1.6,,,,
0.000219,0.2,0.000219,1.8,,,,
0.000219,0.6,0.000219,1.6,,,,
0.000219,0.8,0.000219,1.6,,,,
0.00022,0.8,0.00022,1.6,,,,
0.00022,0.6,0.00022,1.6,,,,
0.00022,0.6,0.00022,1.6,,,,
0.00022,0.4,0.00022,1.4,,,,
0.00022,0.8,0.00022,2,,,,
0.00022,0.6,0.00022,1.8,,,,
0.00022,0.4,0.00022,2,,,,
0.00022,0.4,0.00022,1.6,,,,
0.00022,0.6,0.00022,1.8,,,,
0.00022,0.6,0.00022,1.8,,,,
0.000221,0.4,0.000221,1.6,,,,
0.000221,0.6,0.000221,1.8,,,,
0.000221,0.8,0.000221,1.8,,,,
0.000221,0.6,0.000221,1.8,,,,
0.000221,0.8,0.000221,2,,,,
0.000221,0.6,0.000221,1.8,,,,
0.000221,0.8,0.000221,1.8,,,,
0.000221,0.8,0.000221,1.8,,,,
0.000221,0.8,0.000221,1.8,,,,
0.000221,0.8,0.000221,1.6,,,,
0.000222,0.8,0.000222,1.8,,,,
0.000222,0.8,0.000222,2,,,,
0.000222,0.6,0.000222,2.2,,,,
0.000222,0.6,0.000222,1.8,,,,
0.000222,1,0.000222,1.8,,,,
0.000222,1,0.000222,2,,,,
0.000222,1,0.000222,1.8,,,,
0.000222,0.8,0.000222,2,,,,
0.000222,0.8,0.000222,2.2,,,,
0.000222,0.6,0.000222,1.8,,,,
0.000223,1,0.000223,2,,,,
0.000223,1,0.000223,2.2,,,,
0.000223,1.2,0.000223,2.2,,,,
0.000223,1.2,0.000223,1.8,,,,
0.000223,1.2,0.000223,2,,,,
0.000223,1,0.000223,2,,,,
0.000223,0.8,0.000223,2.4,,,,
0.000223,1.4,0.000223,2.2,,,,
0.000223,0.8,0.000223,2.4,,,,
0.000223,1,0.000223,2,,,,
0.000224,1.4,0.000224,2.2,,,,
0.000224,1.2,0.000224,2,,,,
0.000224,1,0.000224,2.2,,,,
0.000224,1,0.000224,2.2,,,,
0.000224,1.2,0.000224,2.2,,,,
0.000224,1.2,0.000224,2,,,,
0.000224,1.2,0.000224,2.4,,,,
0.000224,1,0.000224,2,,,,
0.000224,1.2,0.000224,2,,,,
0.000224,1.2,0.000224,2,,,,
0.000225,1.6,0.000225,2.2,,,,
0.000225,1.2,0.000225,2,,,,
0.000225,1.4,0.000225,2,,,,
0.000225,1.6,0.000225,2,,,,
0.000225,1.4,0.000225,2,,,,
0.000225,1.2,0.000225,2.2,,,,
0.000225,1.2,0.000225,2.4,,,,
0.000225,1.6,0.000225,2.2,,,,
0.000225,1.6,0.000225,2.2,,,,
0.000225,1.2,0.000225,2.2,,,,
0.000226,1.4,0.000226,2.2,,,,
0.000226,1.4,0.000226,2.2,,,,
0.000226,1.6,0.000226,2.4,,,,
0.000226,1.6,0.000226,2.2,,,,
0.000226,1.6,0.000226,2.4,,,,
0.000226,1.6,0.000226,2.6,,,,
0.000226,1.8,0.000226,2,,,,
0.000226,2,0.000226,2.2,,,,
0.000226,2,0.000226,2.2,,,,
0.000227,1.6,0.000227,2.2,,,,
0.000227,1.6,0.000227,2.4,,,,
0.000227,1.6,0.000227,2.6,,,,
0.000227,1.8,0.000227,2.6,,,,
0.000227,1.8,0.000227,2.4,,,,
0.000227,1.8,0.000227,2.4,,,,
0.000227,1.6,0.000227,2.8,,,,
0.000227,1.8,0.000227,2.4,,,,
0.000227,2.2,0.000227,2.4,,,,
0.000227,1.8,0.000227,2.4,,,,
0.000228,2,0.000228,2.4,,,,
0.000228,2.2,0.000228,2.6,,,,
0.000228,2.2,0.000228,2.4,,,,
0.000228,2.2,0.000228,2.4,,,,
0.000228,2,0.000228,2.8,,,,
0.000228,2.2,0.000228,2.2,,,,
0.000228,2,0.000228,2.2,,,,
0.000228,2.6,0.000228,2.2,,,,
0.000228,2.2,0.000228,2.4,,,,
0.000228,2.4,0.000228,2.8,,,,
0.000228,2.4,0.000228,2.4,,,,
0.000229,2.2,0.000229,2.6,,,,
0.000229,2.6,0.000229,2.4,,,,
0.000229,2.6,0.000229,2.6,,,,
0.000229,2.4,0.000229,2.6,,,,
0.000229,2.2,0.000229,2.4,,,,
0.000229,2.2,0.000229,2.6,,,,
0.000229,2.4,0.000229,2.4,,,,
0.000229,2.8,0.000229,2.4,,,,
0.000229,2.8,0.000229,2.4,,,,
0.000229,2.8,0.000229,2.2,,,,
0.00023,2.8,0.00023,2.2,,,,
0.00023,2.6,0.00023,2.4,,,,
0.00023,2.6,0.00023,2.4,,,,
0.00023,2.6,0.00023,2.4,,,,
0.00023,2.8,0.00023,2.6,,,,
0.00023,2.8,0.00023,2.4,,,,
0.00023,2.8,0.00023,2.4,,,,
0.00023,2.6,0.00023,2.4,,,,
0.00023,2.8,0.00023,2.4,,,,
0.00023,2.6,0.00023,2.2,,,,
0.000231,2.6,0.000231,2.4,,,,
0.000231,2.8,0.000231,2.8,,,,
0.000231,3,0.000231,2.6,,,,
0.000231,2.8,0.000231,2.4,,,,
0.000231,3,0.000231,2.4,,,,
0.000231,2.8,0.000231,2.4,,,,
0.000231,3.2,0.000231,2.2,,,,
0.000231,3,0.000231,2.2,,,,
0.000231,3,0.000231,2.2,,,,
0.000231,3,0.000231,2.4,,,,
0.000232,3.2,0.000232,2.4,,,,
0.000232,3,0.000232,2.6,,,,
0.000232,3.4,0.000232,2.6,,,,
0.000232,3.2,0.000232,2,,,,
0.000232,3.4,0.000232,2.4,,,,
0.000232,3.2,0.000232,2.2,,,,
0.000232,3,0.000232,2.4,,,,
0.000232,3.4,0.000232,2.6,,,,
0.000232,3.4,0.000232,2.4,,,,
0.000232,3.4,0.000232,2.2,,,,
0.000233,3.4,0.000233,2.2,,,,
0.000233,3.4,0.000233,2.4,,,,
0.000233,3.4,0.000233,2,,,,
0.000233,3.6,0.000233,2,,,,
0.000233,3.6,0.000233,2.2,,,,
0.000233,3.6,0.000233,2.6,,,,
0.000233,3.8,0.000233,2.4,,,,
0.000233,3.6,0.000233,2.2,,,,
0.000233,3.8,0.000233,2.4,,,,
0.000233,3.8,0.000233,2.2,,,,
0.000234,3.6,0.000234,2.4,,,,
0.000234,3.8,0.000234,2.2,,,,
0.000234,3.6,0.000234,2.2,,,,
0.000234,3.6,0.000234,2.4,,,,
0.000234,3.8,0.000234,2.2,,,,
0.000234,4.2,0.000234,2.2,,,,
0.000234,3.8,0.000234,2.2,,,,
0.000234,4.2,0.000234,2.2,,,,
0.000234,4,0.000234,1.8,,,,
0.000234,4,0.000234,2,,,,
0.000235,4,0.000235,2,,,,
0.000235,4.2,0.000235,2,,,,
0.000235,4.2,0.000235,1.8,,,,
0.000235,3.8,0.000235,2.2,,,,
0.000235,4,0.000235,2.2,,,,
0.000235,4.2,0.000235,2.2,,,,
0.000235,4.4,0.000235,2,,,,
0.000235,4.4,0.000235,2,,,,
0.000235,4,0.000235,2,,,,
0.000235,4.2,0.000235,2.2,,,,
0.000236,4.4,0.000236,2,,,,
0.000236,4.4,0.000236,2.2,,,,
0.000236,4.4,0.000236,1.8,,,,
0.000236,4.4,0.000236,2,,,,
0.000236,4.2,0.000236,2,,,,
0.000236,4.6,0.000236,1.8,,,,
0.000236,4.6,0.000236,1.8,,,,
0.000236,4.4,0.000236,1.8,,,,
0.000236,4.6,0.000236,1.8,,,,
0.000237,4.6,0.000237,2,,,,
0.000237,4.6,0.000237,1.8,,,,
0.000237,4.6,0.000237,1.8,,,,
0.000237,4.6,0.000237,1.4,,,,
0.000237,4.6,0.000237,1.8,,,,
0.000237,4.4,0.000237,2,,,,
0.000237,4.8,0.000237,1.6,,,,
0.000237,4.6,0.000237,1.6,,,,
0.000237,5,0.000237,1.8,,,,
0.000237,4.8,0.000237,1.4,,,,
0.000237,5,0.000237,1.6,,,,
0.000238,5.2,0.000238,1.2,,,,
0.000238,5.2,0.000238,1.4,,,,
0.000238,5,0.000238,1.6,,,,
0.000238,4.8,0.000238,1,,,,
0.000238,4.8,0.000238,1.2,,,,
0.000238,5.4,0.000238,1,,,,
0.000238,5,0.000238,1.6,,,,
0.000238,5.2,0.000238,1.6,,,,
0.000238,5,0.000238,1.6,,,,
0.000238,5.2,0.000238,1.2,,,,
0.000239,5.2,0.000239,1.6,,,,
0.000239,5.4,0.000239,1.4,,,,
0.000239,5,0.000239,1.4,,,,
0.000239,5.2,0.000239,1,,,,
0.000239,5.2,0.000239,1.2,,,,
0.000239,5.2,0.000239,1.2,,,,
0.000239,5.4,0.000239,1.2,,,,
0.000239,5.6,0.000239,1.2,,,,
0.000239,5.6,0.000239,1,,,,
0.000239,5.2,0.000239,1,,,,
0.00024,5.2,0.00024,1,,,,
0.00024,5.2,0.00024,0.6,,,,
0.00024,5.6,0.00024,0.8,,,,
0.00024,5.2,0.00024,1,,,,
0.00024,5.8,0.00024,1,,,,
0.00024,5.6,0.00024,0.8,,,,
0.00024,5.4,0.00024,0.8,,,,
0.00024,5.6,0.00024,0.8,,,,
0.00024,5.6,0.00024,0.6,,,,
0.00024,5.6,0.00024,0.8,,,,
0.000241,5.6,0.000241,0.8,,,,
0.000241,5.4,0.000241,0.8,,,,
0.000241,5.6,0.000241,0.6,,,,
0.000241,5.6,0.000241,0.6,,,,
0.000241,5.6,0.000241,0.6,,,,
0.000241,5.8,0.000241,0.4,,,,
0.000241,5.8,0.000241,0.4,,,,
0.000241,5.8,0.000241,0.4,,,,
0.000241,5.8,0.000241,0.4,,,,
0.000241,5.8,0.000241,0.6,,,,
0.000242,5.8,0.000242,0.4,,,,
0.000242,5.6,0.000242,0.4,,,,
0.000242,6,0.000242,0,,,,
0.000242,5.8,0.000242,0.2,,,,
0.000242,5.6,0.000242,0.2,,,,
0.000242,5.8,0.000242,0.2,,,,
0.000242,5.8,0.000242,0.2,,,,
0.000242,5.8,0.000242,0.2,,,,
0.000242,5.8,0.000242,0,,,,
0.000242,5.8,0.000242,-0.2,,,,
0.000243,6,0.000243,0.2,,,,
0.000243,5.8,0.000243,0,,,,
0.000243,6.2,0.000243,-0.2,,,,
0.000243,6,0.000243,-0.4,,,,
0.000243,5.8,0.000243,0,,,,
0.000243,6.2,0.000243,-0.2,,,,
0.000243,6,0.000243,-0.2,,,,
0.000243,6,0.000243,-0.2,,,,
0.000243,6.2,0.000243,-0.4,,,,
0.000243,6.2,0.000243,-0.4,,,,
0.000244,6,0.000244,-0.4,,,,
0.000244,6,0.000244,-0.8,,,,
0.000244,6,0.000244,-0.6,,,,
0.000244,6,0.000244,-0.8,,,,
0.000244,6.2,0.000244,-0.6,,,,
0.000244,6,0.000244,-0.8,,,,
0.000244,5.8,0.000244,-0.6,,,,
0.000244,6.2,0.000244,-1,,,,
0.000244,6.4,0.000244,-1,,,,
0.000244,6,0.000244,-1,,,,
0.000245,6,0.000245,-1.2,,,,
0.000245,6.2,0.000245,-1,,,,
0.000245,6,0.000245,-0.8,,,,
0.000245,6.4,0.000245,-0.8,,,,
0.000245,6.2,0.000245,-0.8,,,,
0.000245,6,0.000245,-1,,,,
0.000245,6.2,0.000245,-1,,,,
0.000245,6,0.000245,-1,,,,
0.000245,6,0.000245,-1.2,,,,
0.000246,6.2,0.000246,-1.4,,,,
0.000246,6.4,0.000246,-1,,,,
0.000246,6.2,0.000246,-1.6,,,,
0.000246,6,0.000246,-1.4,,,,
0.000246,6.4,0.000246,-1.2,,,,
0.000246,6,0.000246,-1.6,,,,
0.000246,6.2,0.000246,-1.4,,,,
0.000246,6.2,0.000246,-1.4,,,,
0.000246,6.2,0.000246,-1.8,,,,
0.000246,6.4,0.000246,-1.6,,,,
0.000246,6,0.000246,-1.8,,,,
0.000247,6.2,0.000247,-1.8,,,,
0.000247,6,0.000247,-2,,,,
0.000247,5.8,0.000247,-1.6,,,,
0.000247,6,0.000247,-1.8,,,,
0.000247,5.8,0.000247,-2,,,,
0.000247,6.2,0.000247,-2,,,,
0.000247,6.2,0.000247,-2,,,,
0.000247,6.2,0.000247,-2.2,,,,
0.000247,5.8,0.000247,-2,,,,
0.000247,6.2,0.000247,-2.2,,,,
0.000248,6.2,0.000248,-2.2,,,,
0.000248,6.4,0.000248,-1.8,,,,
0.000248,6.2,0.000248,-2.4,,,,
0.000248,5.6,0.000248,-2.8,,,,
0.000248,6.2,0.000248,-2.8,,,,
0.000248,6,0.000248,-2.4,,,,
0.000248,6.2,0.000248,-2.4,,,,
0.000248,6.2,0.000248,-2.2,,,,
0.000248,6,0.000248,-2.6,,,,
0.000248,6,0.000248,-2.6,,,,
0.000249,6.2,0.000249,-2.2,,,,
0.000249,5.8,0.000249,-2.6,,,,
0.000249,6,0.000249,-2.8,,,,
0.000249,5.8,0.000249,-2.6,,,,
0.000249,5.8,0.000249,-3,,,,
0.000249,6.2,0.000249,-2.8,,,,
0.000249,6.2,0.000249,-2.8,,,,
0.000249,6.2,0.000249,-3.2,,,,
0.000249,6,0.000249,-3,,,,
0.000249,5.8,0.000249,-3,,,,
0.00025,5.8,0.00025,-3.2,,,,
0.00025,6,0.00025,-2.8,,,,
0.00025,5.6,0.00025,-3,,,,
0.00025,6,0.00025,-3.2,,,,