Time - Plot 0,Input,Output
0,-1.48,-0.84
1.00E-07,-1.48,-0.88
2.00E-07,-1.44,-0.8
3.00E-07,-1.48,-0.8
4.00E-07,-1.44,-0.76
5.00E-07,-1.56,-0.76
6.00E-07,-1.48,-0.76
7.00E-07,-1.44,-0.8
8.00E-07,-1.48,-0.8
9.00E-07,-1.4,-0.76
1.00E-06,-1.48,-0.76
1.10E-06,-1.48,-0.8
1.20E-06,-1.52,-0.76
1.30E-06,-1.48,-0.76
1.40E-06,-1.48,-0.76
1.50E-06,-1.44,-0.76
1.60E-06,-1.48,-0.8
1.70E-06,-1.52,-0.84
1.80E-06,-1.48,-0.76
1.90E-06,-1.44,-0.76
2.00E-06,-1.44,-0.8
2.10E-06,-1.4,-0.76
2.20E-06,-1.44,-0.76
2.30E-06,-1.44,-0.8
2.40E-06,-1.52,-0.8
2.50E-06,-1.44,-0.8
2.60E-06,-1.44,-0.76
2.70E-06,-1.4,-0.8
2.80E-06,-1.44,-0.8
2.90E-06,-1.48,-0.8
3.00E-06,-1.44,-0.8
3.10E-06,-1.36,-0.76
3.20E-06,-1.52,-0.76
3.30E-06,-1.4,-0.76
3.40E-06,-1.48,-0.8
3.50E-06,-1.44,-0.76
3.60E-06,-1.44,-0.76
3.70E-06,-1.36,-0.76
3.80E-06,-1.44,-0.76
3.90E-06,-1.44,-0.8
4.00E-06,-1.48,-0.76
4.10E-06,-1.44,-0.76
4.20E-06,-1.48,-0.76
4.30E-06,-1.44,-0.76
4.40E-06,-1.44,-0.72
4.50E-06,-1.4,-0.72
4.60E-06,-1.36,-0.72
4.70E-06,-1.48,-0.76
4.80E-06,-1.48,-0.68
4.90E-06,-1.44,-0.76
5.00E-06,-1.44,-0.76
5.10E-06,-1.4,-0.68
5.20E-06,-1.4,-0.68
5.30E-06,-1.44,-0.76
5.40E-06,-1.4,-0.68
5.50E-06,-1.36,-0.76
5.60E-06,-1.36,-0.72
5.70E-06,-1.4,-0.72
5.80E-06,-1.44,-0.72
5.90E-06,-1.44,-0.72
6.00E-06,-1.44,-0.68
6.10E-06,-1.36,-0.76
6.20E-06,-1.4,-0.72
6.30E-06,-1.4,-0.68
6.40E-06,-1.4,-0.64
6.50E-06,-1.4,-0.72
6.60E-06,-1.4,-0.76
6.70E-06,-1.4,-0.76
6.80E-06,-1.36,-0.72
6.90E-06,-1.4,-0.68
7.00E-06,-1.4,-0.68
7.10E-06,-1.4,-0.72
7.20E-06,-1.4,-0.6
7.30E-06,-1.32,-0.72
7.40E-06,-1.36,-0.64
7.50E-06,-1.28,-0.6
7.60E-06,-1.36,-0.64
7.70E-06,-1.4,-0.68
7.80E-06,-1.36,-0.6
7.90E-06,-1.28,-0.64
8.00E-06,-1.36,-0.6
8.10E-06,-1.28,-0.6
8.20E-06,-1.36,-0.6
8.30E-06,-1.32,-0.72
8.40E-06,-1.24,-0.56
8.50E-06,-1.28,-0.64
8.60E-06,-1.32,-0.6
8.70E-06,-1.28,-0.6
8.80E-06,-1.32,-0.64
8.90E-06,-1.2,-0.6
9.00E-06,-1.28,-0.52
9.10E-06,-1.28,-0.68
9.20E-06,-1.28,-0.64
9.30E-06,-1.24,-0.68
9.40E-06,-1.24,-0.6
9.50E-06,-1.24,-0.56
9.60E-06,-1.24,-0.52
9.70E-06,-1.2,-0.56
9.80E-06,-1.24,-0.56
9.90E-06,-1.28,-0.64
1.00E-05,-1.24,-0.64
1.01E-05,-1.24,-0.6
1.02E-05,-1.24,-0.6
1.03E-05,-1.2,-0.56
1.04E-05,-1.28,-0.52
1.05E-05,-1.24,-0.56
1.06E-05,-1.24,-0.52
1.07E-05,-1.2,-0.6
1.08E-05,-1.12,-0.52
1.09E-05,-1.2,-0.52
1.10E-05,-1.2,-0.52
1.11E-05,-1.2,-0.52
1.12E-05,-1.24,-0.48
1.13E-05,-1.12,-0.52
1.14E-05,-1.16,-0.48
1.15E-05,-1.2,-0.52
1.16E-05,-1.16,-0.56
1.17E-05,-1.2,-0.48
1.18E-05,-1.12,-0.52
1.19E-05,-1.12,-0.48
1.20E-05,-1.08,-0.44
1.21E-05,-1.12,-0.52
1.22E-05,-1.16,-0.48
1.23E-05,-1.08,-0.44
1.24E-05,-1.12,-0.44
1.25E-05,-1.16,-0.48
1.26E-05,-1,-0.44
1.27E-05,-1.08,-0.48
1.28E-05,-1.08,-0.36
1.29E-05,-1.04,-0.44
1.30E-05,-1.04,-0.36
1.31E-05,-1.04,-0.44
1.32E-05,-1.08,-0.4
1.33E-05,-1.12,-0.44
1.34E-05,-1.04,-0.32
1.35E-05,-1,-0.4
1.36E-05,-1.08,-0.36
1.37E-05,-0.92,-0.32
1.38E-05,-1.08,-0.36
1.39E-05,-1.04,-0.44
1.40E-05,-0.96,-0.36
1.41E-05,-1,-0.32
1.42E-05,-0.96,-0.36
1.43E-05,-1.04,-0.32
1.44E-05,-1,-0.36
1.45E-05,-0.88,-0.32
1.46E-05,-1.04,-0.28
1.47E-05,-0.96,-0.28
1.48E-05,-1.08,-0.28
1.49E-05,-0.92,-0.32
1.50E-05,-0.88,-0.24
1.51E-05,-1,-0.32
1.52E-05,-0.92,-0.28
1.53E-05,-0.92,-0.28
1.54E-05,-0.88,-0.28
1.55E-05,-0.88,-0.28
1.56E-05,-0.96,-0.24
1.57E-05,-0.92,-0.28
1.58E-05,-0.88,-0.16
1.59E-05,-0.96,-0.24
1.60E-05,-0.84,-0.2
1.61E-05,-0.88,-0.24
1.62E-05,-0.84,-0.2
1.63E-05,-0.88,-0.24
1.64E-05,-0.84,-0.16
1.65E-05,-0.84,-0.2
1.66E-05,-0.8,-0.2
1.67E-05,-0.84,-0.24
1.68E-05,-0.76,-0.2
1.69E-05,-0.8,-0.16
1.70E-05,-0.84,-0.16
1.71E-05,-0.76,-0.2
1.72E-05,-0.8,-0.12
1.73E-05,-0.84,-0.08
1.74E-05,-0.8,-0.16
1.75E-05,-0.8,-0.12
1.76E-05,-0.8,-0.08
1.77E-05,-0.8,-0.16
1.78E-05,-0.8,-0.08
1.79E-05,-0.76,0
1.80E-05,-0.72,-0.04
1.81E-05,-0.76,-0.16
1.82E-05,-0.72,-0.12
1.83E-05,-0.72,-0.04
1.84E-05,-0.68,-0.12
1.85E-05,-0.64,-0.08
1.86E-05,-0.68,-0.08
1.87E-05,-0.64,-0.12
1.88E-05,-0.56,-0.08
1.89E-05,-0.64,-0.04
1.90E-05,-0.64,-0.04
1.91E-05,-0.68,0
1.92E-05,-0.56,-0.08
1.93E-05,-0.6,-0.08
1.94E-05,-0.6,0
1.95E-05,-0.6,0
1.96E-05,-0.56,0.04
1.97E-05,-0.52,-0.04
1.98E-05,-0.56,0
1.99E-05,-0.56,-0.08
2.00E-05,-0.56,0
2.01E-05,-0.56,0
2.02E-05,-0.52,0
2.03E-05,-0.56,0.04
2.04E-05,-0.52,0
2.05E-05,-0.48,0
2.06E-05,-0.52,0
2.07E-05,-0.48,0
2.08E-05,-0.52,0.04
2.09E-05,-0.52,0
2.10E-05,-0.52,0.04
2.11E-05,-0.44,0.04
2.12E-05,-0.48,0.04
2.13E-05,-0.44,0
2.14E-05,-0.44,0
2.15E-05,-0.48,-0.04
2.16E-05,-0.36,0
2.17E-05,-0.4,0.04
2.18E-05,-0.36,-0.04
2.19E-05,-0.44,0.04
2.20E-05,-0.4,0
2.21E-05,-0.36,0.04
2.22E-05,-0.44,0
2.23E-05,-0.32,0.04
2.24E-05,-0.28,0.04
2.25E-05,-0.28,0
2.26E-05,-0.32,0
2.27E-05,-0.36,0
2.28E-05,-0.32,-0.04
2.29E-05,-0.28,0.04
2.30E-05,-0.32,0.04
2.31E-05,-0.28,0
2.32E-05,-0.32,-0.04
2.33E-05,-0.28,0
2.34E-05,-0.28,0
2.35E-05,-0.2,0
2.36E-05,-0.16,0.04
2.37E-05,-0.2,-0.04
2.38E-05,-0.28,0
2.39E-05,-0.24,0
2.40E-05,-0.2,0
2.41E-05,-0.16,0
2.42E-05,-0.2,0.08
2.43E-05,-0.2,-0.04
2.44E-05,-0.12,0.04
2.45E-05,-0.24,0
2.46E-05,-0.2,0
2.47E-05,-0.16,-0.04
2.48E-05,-0.12,0.04
2.49E-05,-0.12,0.04
2.50E-05,-0.16,0
2.51E-05,-0.16,0.04
2.52E-05,-0.12,-0.04
2.53E-05,-0.08,0
2.54E-05,-0.08,0.04
2.55E-05,-0.04,0
2.56E-05,-0.12,0
2.57E-05,-0.08,0.04
2.58E-05,-0.08,0
2.59E-05,0,0
2.60E-05,0,0
2.61E-05,-0.04,0
2.62E-05,-0.08,-0.08
2.63E-05,0,0
2.64E-05,-0.04,-0.04
2.65E-05,0,-0.04
2.66E-05,0,0
2.67E-05,0.04,0
2.68E-05,0,-0.04
2.69E-05,0.04,0.08
2.70E-05,0,0
2.71E-05,0.08,0.04
2.72E-05,0,0
2.73E-05,0.08,0
2.74E-05,0.08,0.04
2.75E-05,0.12,0
2.76E-05,0.04,0
2.77E-05,0.12,0.08
2.78E-05,0.08,0.12
2.79E-05,0.16,0.08
2.80E-05,0.12,-0.04
2.81E-05,0.2,-0.08
2.82E-05,0.16,0.12
2.83E-05,0.12,0.04
2.84E-05,0.16,0
2.85E-05,0.2,0.04
2.86E-05,0.16,0
2.87E-05,0.28,0.04
2.88E-05,0.24,0.04
2.89E-05,0.28,-0.04
2.90E-05,0.2,0.04
2.91E-05,0.24,-0.04
2.92E-05,0.28,-0.04
2.93E-05,0.24,0.08
2.94E-05,0.28,0.04
2.95E-05,0.32,0.08
2.96E-05,0.28,-0.04
2.97E-05,0.28,-0.04
2.98E-05,0.24,-0.04
2.99E-05,0.32,0.04
3.00E-05,0.28,0.04
3.01E-05,0.32,0
3.02E-05,0.32,-0.04
3.03E-05,0.4,0
3.04E-05,0.32,0.04
3.05E-05,0.36,0.04
3.06E-05,0.32,0.04
3.07E-05,0.36,0
3.08E-05,0.36,0.04
3.09E-05,0.36,0
3.10E-05,0.4,0.04
3.11E-05,0.44,0
3.12E-05,0.4,0.04
3.13E-05,0.4,-0.04
3.14E-05,0.44,-0.04
3.15E-05,0.4,-0.04
3.16E-05,0.44,0
3.17E-05,0.48,0
3.18E-05,0.44,-0.04
3.19E-05,0.48,0
3.20E-05,0.44,0.04
3.21E-05,0.48,0
3.22E-05,0.52,0
3.23E-05,0.52,0
3.24E-05,0.52,0.04
3.25E-05,0.6,0
3.26E-05,0.48,0.04
3.27E-05,0.56,0
3.28E-05,0.56,0
3.29E-05,0.56,-0.04
3.30E-05,0.52,0
3.31E-05,0.56,-0.04
3.32E-05,0.56,0.04
3.33E-05,0.56,0
3.34E-05,0.64,0
3.35E-05,0.64,0.04
3.36E-05,0.56,0
3.37E-05,0.68,0
3.38E-05,0.64,0.04
3.39E-05,0.64,0
3.40E-05,0.6,0.04
3.41E-05,0.6,0.08
3.42E-05,0.68,0.04
3.43E-05,0.8,0.08
3.44E-05,0.64,0.08
3.45E-05,0.68,0.04
3.46E-05,0.64,0.08
3.47E-05,0.68,0.12
3.48E-05,0.72,0.08
3.49E-05,0.72,0.08
3.50E-05,0.72,0.16
3.51E-05,0.72,0.12
3.52E-05,0.76,0.12
3.53E-05,0.8,0.16
3.54E-05,0.72,0.16
3.55E-05,0.72,0.2
3.56E-05,0.76,0.16
3.57E-05,0.76,0.2
3.58E-05,0.72,0.16
3.59E-05,0.84,0.12
3.60E-05,0.72,0.24
3.61E-05,0.84,0.24
3.62E-05,0.8,0.2
3.63E-05,0.84,0.2
3.64E-05,0.88,0.24
3.65E-05,0.84,0.2
3.66E-05,0.8,0.2
3.67E-05,0.92,0.2
3.68E-05,0.88,0.24
3.69E-05,0.88,0.2
3.70E-05,0.88,0.24
3.71E-05,0.8,0.28
3.72E-05,0.84,0.32
3.73E-05,0.88,0.24
3.74E-05,0.88,0.24
3.75E-05,0.88,0.24
3.76E-05,0.88,0.36
3.77E-05,0.92,0.32
3.78E-05,0.88,0.36
3.79E-05,0.96,0.24
3.80E-05,0.96,0.24
3.81E-05,0.92,0.36
3.82E-05,0.96,0.32
3.83E-05,0.96,0.32
3.84E-05,0.96,0.32
3.85E-05,1,0.36
3.86E-05,1,0.36
3.87E-05,1.04,0.36
3.88E-05,1,0.32
3.89E-05,1,0.32
3.90E-05,0.96,0.28
3.91E-05,1.08,0.32
3.92E-05,0.96,0.44
3.93E-05,1.04,0.44
3.94E-05,1,0.4
3.95E-05,1.08,0.36
3.96E-05,1.04,0.4
3.97E-05,1,0.36
3.98E-05,1.04,0.44
3.99E-05,1.08,0.44
4.00E-05,1.08,0.4
4.01E-05,1.08,0.44
4.02E-05,1.08,0.44
4.03E-05,1.08,0.44
4.04E-05,1.08,0.4
4.05E-05,1.16,0.44
4.06E-05,1.12,0.44
4.07E-05,1.04,0.48
4.08E-05,1.04,0.44
4.09E-05,1.12,0.48
4.10E-05,1.08,0.44
4.11E-05,1.16,0.48
4.12E-05,1.04,0.48
4.13E-05,1.12,0.4
4.14E-05,1.08,0.48
4.15E-05,1.16,0.44
4.16E-05,1.12,0.48
4.17E-05,1.2,0.44
4.18E-05,1.16,0.48
4.19E-05,1.2,0.52
4.20E-05,1.12,0.52
4.21E-05,1.24,0.52
4.22E-05,1.2,0.48
4.23E-05,1.2,0.48
4.24E-05,1.16,0.48
4.25E-05,1.16,0.56
4.26E-05,1.2,0.56
4.27E-05,1.24,0.56
4.28E-05,1.2,0.6
4.29E-05,1.24,0.56
4.30E-05,1.2,0.48
4.31E-05,1.24,0.6
4.32E-05,1.24,0.52
4.33E-05,1.28,0.56
4.34E-05,1.32,0.6
4.35E-05,1.24,0.52
4.36E-05,1.24,0.56
4.37E-05,1.2,0.56
4.38E-05,1.2,0.56
4.39E-05,1.32,0.56
4.40E-05,1.24,0.6
4.41E-05,1.28,0.56
4.42E-05,1.32,0.56
4.43E-05,1.24,0.6
4.44E-05,1.24,0.6
4.45E-05,1.24,0.6
4.46E-05,1.28,0.6
4.47E-05,1.28,0.6
4.48E-05,1.32,0.6
4.49E-05,1.28,0.6
4.50E-05,1.24,0.64
4.51E-05,1.32,0.56
4.52E-05,1.24,0.64
4.53E-05,1.32,0.64
4.54E-05,1.28,0.64
4.55E-05,1.32,0.64
4.56E-05,1.24,0.64
4.57E-05,1.32,0.64
4.58E-05,1.32,0.68
4.59E-05,1.32,0.68
4.60E-05,1.28,0.68
4.61E-05,1.36,0.68
4.62E-05,1.32,0.6
4.63E-05,1.36,0.64
4.64E-05,1.36,0.64
4.65E-05,1.32,0.64
4.66E-05,1.36,0.64
4.67E-05,1.36,0.68
4.68E-05,1.32,0.68
4.69E-05,1.4,0.68
4.70E-05,1.28,0.72
4.71E-05,1.32,0.76
4.72E-05,1.32,0.68
4.73E-05,1.32,0.64
4.74E-05,1.36,0.72
4.75E-05,1.4,0.76
4.76E-05,1.36,0.76
4.77E-05,1.4,0.72
4.78E-05,1.36,0.72
4.79E-05,1.36,0.56
4.80E-05,1.36,0.72
4.81E-05,1.36,0.64
4.82E-05,1.36,0.68
4.83E-05,1.4,0.68
4.84E-05,1.4,0.68
4.85E-05,1.4,0.72
4.86E-05,1.4,0.76
4.87E-05,1.4,0.68
4.88E-05,1.36,0.76
4.89E-05,1.4,0.68
4.90E-05,1.4,0.68
4.91E-05,1.36,0.72
4.92E-05,1.36,0.76
4.93E-05,1.48,0.8
4.94E-05,1.4,0.64
4.95E-05,1.4,0.64
4.96E-05,1.4,0.64
4.97E-05,1.36,0.64
4.98E-05,1.4,0.68
4.99E-05,1.44,0.72
5.00E-05,1.4,0.76
5.01E-05,1.4,0.72
5.02E-05,1.4,0.64
5.03E-05,1.36,0.72
5.04E-05,1.4,0.72
5.05E-05,1.44,0.72
5.06E-05,1.36,0.68
5.07E-05,1.36,0.72
5.08E-05,1.4,0.68
5.09E-05,1.36,0.72
5.10E-05,1.4,0.72
5.11E-05,1.4,0.68
5.12E-05,1.36,0.68
5.13E-05,1.32,0.76
5.14E-05,1.4,0.68
5.15E-05,1.36,0.72
5.16E-05,1.4,0.72
5.17E-05,1.4,0.72
5.18E-05,1.4,0.72
5.19E-05,1.44,0.72
5.20E-05,1.4,0.68
5.21E-05,1.36,0.72
5.22E-05,1.4,0.72
5.23E-05,1.4,0.72
5.24E-05,1.4,0.72
5.25E-05,1.4,0.68
5.26E-05,1.4,0.72
5.27E-05,1.36,0.76
5.28E-05,1.36,0.72
5.29E-05,1.4,0.6
5.30E-05,1.44,0.68
5.31E-05,1.4,0.72
5.32E-05,1.44,0.68
5.33E-05,1.48,0.72
5.34E-05,1.36,0.64
5.35E-05,1.44,0.68
5.36E-05,1.36,0.72
5.37E-05,1.36,0.64
5.38E-05,1.4,0.72
5.39E-05,1.28,0.76
5.40E-05,1.4,0.6
5.41E-05,1.44,0.72
5.42E-05,1.36,0.68
5.43E-05,1.32,0.72
5.44E-05,1.28,0.68
5.45E-05,1.32,0.68
5.46E-05,1.36,0.72
5.47E-05,1.32,0.68
5.48E-05,1.4,0.68
5.49E-05,1.36,0.68
5.50E-05,1.32,0.68
5.51E-05,1.36,0.68
5.52E-05,1.32,0.72
5.53E-05,1.32,0.72
5.54E-05,1.36,0.68
5.55E-05,1.32,0.64
5.56E-05,1.32,0.64
5.57E-05,1.32,0.72
5.58E-05,1.28,0.68
5.59E-05,1.32,0.68
5.60E-05,1.28,0.72
5.61E-05,1.32,0.64
5.62E-05,1.36,0.64
5.63E-05,1.28,0.6
5.64E-05,1.32,0.64
5.65E-05,1.36,0.68
5.66E-05,1.28,0.68
5.67E-05,1.36,0.64
5.68E-05,1.32,0.6
5.69E-05,1.24,0.64
5.70E-05,1.24,0.64
5.71E-05,1.28,0.64
5.72E-05,1.32,0.6
5.73E-05,1.28,0.6
5.74E-05,1.28,0.64
5.75E-05,1.2,0.68
5.76E-05,1.24,0.64
5.77E-05,1.32,0.6
5.78E-05,1.28,0.52
5.79E-05,1.32,0.64
5.80E-05,1.32,0.56
5.81E-05,1.24,0.56
5.82E-05,1.24,0.56
5.83E-05,1.28,0.56
5.84E-05,1.28,0.6
5.85E-05,1.32,0.56
5.86E-05,1.24,0.56
5.87E-05,1.2,0.6
5.88E-05,1.24,0.52
5.89E-05,1.32,0.52
5.90E-05,1.16,0.6
5.91E-05,1.24,0.64
5.92E-05,1.24,0.64
5.93E-05,1.28,0.48
5.94E-05,1.24,0.52
5.95E-05,1.2,0.44
5.96E-05,1.2,0.52
5.97E-05,1.2,0.52
5.98E-05,1.16,0.52
5.99E-05,1.2,0.52
6.00E-05,1.16,0.56
6.01E-05,1.2,0.52
6.02E-05,1.16,0.56
6.03E-05,1.16,0.48
6.04E-05,1.16,0.44
6.05E-05,1.16,0.52
6.06E-05,1.08,0.48
6.07E-05,1.2,0.52
6.08E-05,1.12,0.44
6.09E-05,1.16,0.44
6.10E-05,1.12,0.48
6.11E-05,1.12,0.4
6.12E-05,1.08,0.4
6.13E-05,1.12,0.48
6.14E-05,1.12,0.44
6.15E-05,1.16,0.44
6.16E-05,1.12,0.44
6.17E-05,1.08,0.48
6.18E-05,1.04,0.44
6.19E-05,1.16,0.44
6.20E-05,1.08,0.44
6.21E-05,1.08,0.44
6.22E-05,1.08,0.4
6.23E-05,1.08,0.4
6.24E-05,1.08,0.4
6.25E-05,1.08,0.4
6.26E-05,1,0.4
6.27E-05,1.04,0.36
6.28E-05,1.04,0.32
6.29E-05,1.04,0.44
6.30E-05,1.04,0.32
6.31E-05,1.04,0.4
6.32E-05,1.08,0.4
6.33E-05,1,0.32
6.34E-05,1,0.32
6.35E-05,1,0.36
6.36E-05,0.96,0.32
6.37E-05,0.96,0.28
6.38E-05,0.92,0.4
6.39E-05,1,0.32
6.40E-05,1.04,0.32
6.41E-05,0.88,0.32
6.42E-05,0.88,0.32
6.43E-05,0.84,0.28
6.44E-05,0.92,0.28
6.45E-05,0.92,0.32
6.46E-05,0.92,0.28
6.47E-05,0.88,0.28
6.48E-05,0.92,0.32
6.49E-05,0.92,0.28
6.50E-05,0.84,0.32
6.51E-05,0.88,0.28
6.52E-05,0.84,0.2
6.53E-05,0.84,0.24
6.54E-05,0.84,0.28
6.55E-05,0.8,0.2
6.56E-05,0.84,0.2
6.57E-05,0.84,0.24
6.58E-05,0.84,0.2
6.59E-05,0.8,0.2
6.60E-05,0.84,0.24
6.61E-05,0.76,0.24
6.62E-05,0.84,0.2
6.63E-05,0.84,0.2
6.64E-05,0.8,0.16
6.65E-05,0.76,0.24
6.66E-05,0.76,0.12
6.67E-05,0.76,0.16
6.68E-05,0.72,0.12
6.69E-05,0.76,0.16
6.70E-05,0.76,0.12
6.71E-05,0.68,0.16
6.72E-05,0.68,0.12
6.73E-05,0.68,0.16
6.74E-05,0.68,0.16
6.75E-05,0.76,0.2
6.76E-05,0.72,0.04
6.77E-05,0.68,0.04
6.78E-05,0.68,0.16
6.79E-05,0.64,0.12
6.80E-05,0.64,0.08
6.81E-05,0.68,0.08
6.82E-05,0.6,0.04
6.83E-05,0.68,0.04
6.84E-05,0.64,0.12
6.85E-05,0.68,0.08
6.86E-05,0.6,0.04
6.87E-05,0.64,0
6.88E-05,0.64,0
6.89E-05,0.6,0.08
6.90E-05,0.52,0.12
6.91E-05,0.6,0.08
6.92E-05,0.6,0.04
6.93E-05,0.56,0
6.94E-05,0.56,-0.04
6.95E-05,0.56,0.04
6.96E-05,0.56,0
6.97E-05,0.52,0
6.98E-05,0.52,0.04
6.99E-05,0.52,0
7.00E-05,0.48,-0.04
7.01E-05,0.52,0.04
7.02E-05,0.48,0.04
7.03E-05,0.48,0
7.04E-05,0.4,-0.04
7.05E-05,0.44,0
7.06E-05,0.44,0
7.07E-05,0.48,0
7.08E-05,0.44,0
7.09E-05,0.4,-0.04
7.10E-05,0.4,0
7.11E-05,0.36,0
7.12E-05,0.44,0
7.13E-05,0.44,0
7.14E-05,0.4,0
7.15E-05,0.44,0
7.16E-05,0.32,-0.04
7.17E-05,0.36,0
7.18E-05,0.32,0
7.19E-05,0.36,0
7.20E-05,0.36,0
7.21E-05,0.36,-0.04
7.22E-05,0.28,0.04
7.23E-05,0.36,0.04
7.24E-05,0.24,-0.04
7.25E-05,0.24,0.04
7.26E-05,0.24,-0.04
7.27E-05,0.28,-0.04
7.28E-05,0.24,0
7.29E-05,0.24,0
7.30E-05,0.28,0
7.31E-05,0.36,0.08
7.32E-05,0.2,-0.04
7.33E-05,0.24,0
7.34E-05,0.2,0
7.35E-05,0.2,0
7.36E-05,0.2,0
7.37E-05,0.16,0.04
7.38E-05,0.2,0
7.39E-05,0.28,0
7.40E-05,0.12,0
7.41E-05,0.16,-0.04
7.42E-05,0.04,-0.04
7.43E-05,0.16,0
7.44E-05,0.08,0
7.45E-05,0.12,-0.04
7.46E-05,0.04,0
7.47E-05,0.12,0
7.48E-05,0.04,0
7.49E-05,0.12,-0.04
7.50E-05,0,0
7.51E-05,0.04,0
7.52E-05,0.08,0.04
7.53E-05,0.04,0
7.54E-05,0.04,0
7.55E-05,0.04,0.04
7.56E-05,0,0
7.57E-05,0.04,0
7.58E-05,0,0.04
7.59E-05,-0.04,0
7.60E-05,0,0
7.61E-05,0,0.04
7.62E-05,0,0.04
7.63E-05,0,0.04
7.64E-05,-0.04,0
7.65E-05,0,-0.04
7.66E-05,-0.08,-0.04
7.67E-05,-0.12,0.08
7.68E-05,-0.12,0
7.69E-05,-0.08,0.04
7.70E-05,-0.12,0
7.71E-05,-0.16,-0.04
7.72E-05,-0.12,0.04
7.73E-05,-0.16,0.12
7.74E-05,-0.16,0.08
7.75E-05,-0.16,0
7.76E-05,-0.12,-0.08
7.77E-05,-0.2,0
7.78E-05,-0.24,-0.04
7.79E-05,-0.16,0
7.80E-05,-0.16,0
7.81E-05,-0.16,-0.04
7.82E-05,-0.16,0
7.83E-05,-0.16,0
7.84E-05,-0.24,0
7.85E-05,-0.32,0
7.86E-05,-0.2,-0.04
7.87E-05,-0.16,0.04
7.88E-05,-0.32,0.04
7.89E-05,-0.2,0.08
7.90E-05,-0.32,0.08
7.91E-05,-0.28,-0.04
7.92E-05,-0.28,0.04
7.93E-05,-0.32,-0.04
7.94E-05,-0.24,0.08
7.95E-05,-0.32,0
7.96E-05,-0.32,0
7.97E-05,-0.36,0.04
7.98E-05,-0.36,0.04
7.99E-05,-0.32,0
8.00E-05,-0.4,0
8.01E-05,-0.32,0
8.02E-05,-0.36,0
8.03E-05,-0.44,0
8.04E-05,-0.44,0.04
8.05E-05,-0.4,0
8.06E-05,-0.44,-0.04
8.07E-05,-0.48,0.04
8.08E-05,-0.48,0
8.09E-05,-0.48,-0.08
8.10E-05,-0.44,0
8.11E-05,-0.44,0
8.12E-05,-0.4,0.04
8.13E-05,-0.52,0
8.14E-05,-0.44,0
8.15E-05,-0.48,-0.04
8.16E-05,-0.52,0
8.17E-05,-0.48,0
8.18E-05,-0.48,0
8.19E-05,-0.52,0.04
8.20E-05,-0.48,-0.04
8.21E-05,-0.6,0
8.22E-05,-0.52,-0.04
8.23E-05,-0.52,0.04
8.24E-05,-0.52,0
8.25E-05,-0.6,0
8.26E-05,-0.6,-0.04
8.27E-05,-0.6,-0.04
8.28E-05,-0.6,0
8.29E-05,-0.56,0.04
8.30E-05,-0.56,0
8.31E-05,-0.64,-0.08
8.32E-05,-0.6,-0.08
8.33E-05,-0.6,-0.04
8.34E-05,-0.68,-0.08
8.35E-05,-0.72,-0.04
8.36E-05,-0.68,-0.04
8.37E-05,-0.72,-0.08
8.38E-05,-0.56,-0.04
8.39E-05,-0.76,-0.04
8.40E-05,-0.76,-0.08
8.41E-05,-0.8,-0.08
8.42E-05,-0.72,-0.12
8.43E-05,-0.76,-0.08
8.44E-05,-0.72,-0.08
8.45E-05,-0.72,-0.08
8.46E-05,-0.68,-0.12
8.47E-05,-0.76,-0.16
8.48E-05,-0.72,-0.12
8.49E-05,-0.76,-0.16
8.50E-05,-0.8,-0.2
8.51E-05,-0.84,-0.12
8.52E-05,-0.8,-0.12
8.53E-05,-0.88,-0.16
8.54E-05,-0.76,-0.2
8.55E-05,-0.84,-0.16
8.56E-05,-0.84,-0.24
8.57E-05,-0.84,-0.2
8.58E-05,-0.84,-0.24
8.59E-05,-0.88,-0.2
8.60E-05,-0.84,-0.2
8.61E-05,-0.84,-0.24
8.62E-05,-0.84,-0.2
8.63E-05,-0.88,-0.16
8.64E-05,-0.92,-0.24
8.65E-05,-0.88,-0.28
8.66E-05,-0.96,-0.24
8.67E-05,-0.92,-0.24
8.68E-05,-0.92,-0.24
8.69E-05,-0.96,-0.24
8.70E-05,-0.92,-0.28
8.71E-05,-0.96,-0.2
8.72E-05,-0.96,-0.16
8.73E-05,-0.96,-0.24
8.74E-05,-0.92,-0.32
8.75E-05,-0.96,-0.36
8.76E-05,-0.92,-0.24
8.77E-05,-1,-0.28
8.78E-05,-0.96,-0.32
8.79E-05,-1,-0.32
8.80E-05,-1.04,-0.36
8.81E-05,-0.92,-0.32
8.82E-05,-1,-0.28
8.83E-05,-1,-0.36
8.84E-05,-1.04,-0.44
8.85E-05,-1.04,-0.36
8.86E-05,-0.96,-0.4
8.87E-05,-1.04,-0.32
8.88E-05,-1,-0.36
8.89E-05,-1.04,-0.32
8.90E-05,-1.04,-0.44
8.91E-05,-1.04,-0.44
8.92E-05,-1.12,-0.44
8.93E-05,-1.12,-0.44
8.94E-05,-1.08,-0.44
8.95E-05,-1.08,-0.44
8.96E-05,-1.12,-0.44
8.97E-05,-1.12,-0.4
8.98E-05,-1.16,-0.44
8.99E-05,-1.12,-0.48
9.00E-05,-1.08,-0.48
9.01E-05,-1.16,-0.52
9.02E-05,-1.16,-0.52
9.03E-05,-1.2,-0.48
9.04E-05,-1.16,-0.48
9.05E-05,-1.12,-0.52
9.06E-05,-1.08,-0.52
9.07E-05,-1.2,-0.56
9.08E-05,-1.16,-0.56
9.09E-05,-1.16,-0.48
9.10E-05,-1.16,-0.56
9.11E-05,-1.16,-0.56
9.12E-05,-1.16,-0.52
9.13E-05,-1.12,-0.56
9.14E-05,-1.2,-0.56
9.15E-05,-1.16,-0.56
9.16E-05,-1.2,-0.52
9.17E-05,-1.24,-0.6
9.18E-05,-1.12,-0.56
9.19E-05,-1.2,-0.6
9.20E-05,-1.2,-0.56
9.21E-05,-1.16,-0.52
9.22E-05,-1.24,-0.56
9.23E-05,-1.28,-0.6
9.24E-05,-1.28,-0.56
9.25E-05,-1.28,-0.68
9.26E-05,-1.2,-0.6
9.27E-05,-1.24,-0.6
9.28E-05,-1.24,-0.52
9.29E-05,-1.16,-0.52
9.30E-05,-1.28,-0.64
9.31E-05,-1.28,-0.68
9.32E-05,-1.28,-0.68
9.33E-05,-1.32,-0.6
9.34E-05,-1.28,-0.68
9.35E-05,-1.32,-0.6
9.36E-05,-1.28,-0.64
9.37E-05,-1.2,-0.64
9.38E-05,-1.32,-0.64
9.39E-05,-1.28,-0.56
9.40E-05,-1.4,-0.64
9.41E-05,-1.32,-0.64
9.42E-05,-1.24,-0.6
9.43E-05,-1.32,-0.68
9.44E-05,-1.28,-0.68
9.45E-05,-1.32,-0.64
9.46E-05,-1.36,-0.64
9.47E-05,-1.28,-0.72
9.48E-05,-1.4,-0.68
9.49E-05,-1.36,-0.72
9.50E-05,-1.36,-0.68
9.51E-05,-1.36,-0.68
9.52E-05,-1.36,-0.68
9.53E-05,-1.4,-0.68
9.54E-05,-1.36,-0.64
9.55E-05,-1.36,-0.72
9.56E-05,-1.36,-0.76
9.57E-05,-1.32,-0.76
9.58E-05,-1.4,-0.72
9.59E-05,-1.48,-0.72
9.60E-05,-1.4,-0.68
9.61E-05,-1.32,-0.72
9.62E-05,-1.44,-0.72
9.63E-05,-1.4,-0.72
9.64E-05,-1.44,-0.72
9.65E-05,-1.4,-0.76
9.66E-05,-1.4,-0.64
9.67E-05,-1.44,-0.72
9.68E-05,-1.44,-0.76
9.69E-05,-1.4,-0.72
9.70E-05,-1.44,-0.68
9.71E-05,-1.4,-0.68
9.72E-05,-1.44,-0.64
9.73E-05,-1.44,-0.76
9.74E-05,-1.4,-0.8
9.75E-05,-1.4,-0.68
9.76E-05,-1.4,-0.72
9.77E-05,-1.4,-0.8
9.78E-05,-1.4,-0.76
9.79E-05,-1.4,-0.76
9.80E-05,-1.36,-0.8
9.81E-05,-1.4,-0.68
9.82E-05,-1.32,-0.76
9.83E-05,-1.4,-0.8
9.84E-05,-1.44,-0.8
9.85E-05,-1.44,-0.8
9.86E-05,-1.44,-0.76
9.87E-05,-1.4,-0.72
9.88E-05,-1.4,-0.68
9.89E-05,-1.4,-0.8
9.90E-05,-1.48,-0.8
9.91E-05,-1.44,-0.84
9.92E-05,-1.48,-0.76
9.93E-05,-1.48,-0.76
9.94E-05,-1.4,-0.76
9.95E-05,-1.48,-0.76
9.96E-05,-1.48,-0.8
9.97E-05,-1.44,-0.8
9.98E-05,-1.48,-0.76
9.99E-05,-1.4,-0.76
0.0001,-1.52,-0.8
0.0001,-1.48,-0.84
0.0001,-1.48,-0.76
0.0001,-1.48,-0.76
0.0001,-1.52,-0.76
0.0001,-1.44,-0.8
0.000101,-1.48,-0.8
0.000101,-1.52,-0.84
0.000101,-1.48,-0.8
0.000101,-1.44,-0.8
0.000101,-1.44,-0.8
0.000101,-1.44,-0.8
0.000101,-1.44,-0.76
0.000101,-1.4,-0.76
0.000101,-1.52,-0.8
0.000102,-1.48,-0.76
0.000102,-1.48,-0.84
0.000102,-1.44,-0.8
0.000102,-1.44,-0.76
0.000102,-1.52,-0.8
0.000102,-1.48,-0.8
0.000102,-1.4,-0.76
0.000102,-1.52,-0.8
0.000102,-1.44,-0.8
0.000102,-1.52,-0.8
0.000102,-1.44,-0.76
0.000103,-1.52,-0.8
0.000103,-1.36,-0.8
0.000103,-1.4,-0.76
0.000103,-1.48,-0.8
0.000103,-1.44,-0.72
0.000103,-1.44,-0.8
0.000103,-1.52,-0.84
0.000103,-1.44,-0.8
0.000103,-1.4,-0.72
0.000103,-1.44,-0.72
0.000104,-1.36,-0.8
0.000104,-1.48,-0.76
0.000104,-1.56,-0.68
0.000104,-1.52,-0.8
0.000104,-1.44,-0.8
0.000104,-1.44,-0.72
0.000104,-1.4,-0.76
0.000104,-1.44,-0.76
0.000104,-1.4,-0.8
0.000104,-1.4,-0.72
0.000105,-1.48,-0.76
0.000105,-1.44,-0.72
0.000105,-1.48,-0.68
0.000105,-1.48,-0.72
0.000105,-1.48,-0.76
0.000105,-1.44,-0.76
0.000105,-1.4,-0.76
0.000105,-1.36,-0.72
0.000105,-1.44,-0.76
0.000105,-1.4,-0.72
0.000106,-1.4,-0.76
0.000106,-1.44,-0.8
0.000106,-1.4,-0.76
0.000106,-1.4,-0.72
0.000106,-1.36,-0.72
0.000106,-1.4,-0.68
0.000106,-1.44,-0.68
0.000106,-1.36,-0.76
0.000106,-1.44,-0.72
0.000107,-1.36,-0.6
0.000107,-1.4,-0.6
0.000107,-1.44,-0.72
0.000107,-1.44,-0.68
0.000107,-1.36,-0.64
0.000107,-1.4,-0.64
0.000107,-1.32,-0.6
0.000107,-1.4,-0.68
0.000107,-1.4,-0.72
0.000107,-1.28,-0.6
0.000107,-1.36,-0.72
0.000108,-1.32,-0.68
0.000108,-1.32,-0.64
0.000108,-1.32,-0.64
0.000108,-1.28,-0.72
0.000108,-1.28,-0.56
0.000108,-1.28,-0.68
0.000108,-1.28,-0.68
0.000108,-1.32,-0.72
0.000108,-1.24,-0.64
0.000108,-1.28,-0.64
0.000109,-1.28,-0.52
0.000109,-1.24,-0.6
0.000109,-1.28,-0.68
0.000109,-1.32,-0.68
0.000109,-1.32,-0.64
0.000109,-1.28,-0.64
0.000109,-1.28,-0.6
0.000109,-1.28,-0.6
0.000109,-1.36,-0.56
0.000109,-1.24,-0.56
0.00011,-1.28,-0.6
0.00011,-1.24,-0.64
0.00011,-1.2,-0.6
0.00011,-1.28,-0.68
0.00011,-1.24,-0.6
0.00011,-1.24,-0.56
0.00011,-1.28,-0.56
0.00011,-1.16,-0.56
0.00011,-1.2,-0.48
0.00011,-1.24,-0.56
0.000111,-1.16,-0.6
0.000111,-1.24,-0.56
0.000111,-1.16,-0.56
0.000111,-1.16,-0.56
0.000111,-1.2,-0.52
0.000111,-1.16,-0.56
0.000111,-1.2,-0.52
0.000111,-1.16,-0.48
0.000111,-1.16,-0.48
0.000111,-1.16,-0.56
0.000112,-1.12,-0.48
0.000112,-1.08,-0.52
0.000112,-1.12,-0.48
0.000112,-1.12,-0.52
0.000112,-1.12,-0.48
0.000112,-1.12,-0.48
0.000112,-1.12,-0.44
0.000112,-1.16,-0.52
0.000112,-1.12,-0.48
0.000112,-1.12,-0.48
0.000113,-1.08,-0.44
0.000113,-1,-0.44
0.000113,-1.08,-0.44
0.000113,-1.08,-0.48
0.000113,-1.08,-0.48
0.000113,-1.04,-0.4
0.000113,-1.04,-0.4
0.000113,-1.08,-0.36
0.000113,-1.04,-0.36
0.000113,-0.92,-0.36
0.000114,-1.08,-0.44
0.000114,-1.04,-0.36
0.000114,-1.12,-0.36
0.000114,-1,-0.36
0.000114,-0.96,-0.32
0.000114,-1.04,-0.32
0.000114,-0.96,-0.32
0.000114,-1,-0.32
0.000114,-0.92,-0.36
0.000114,-0.96,-0.32
0.000115,-0.96,-0.32
0.000115,-1,-0.36
0.000115,-0.96,-0.28
0.000115,-1,-0.24
0.000115,-0.92,-0.32
0.000115,-0.96,-0.28
0.000115,-0.88,-0.28
0.000115,-0.88,-0.24
0.000115,-0.92,-0.28
0.000115,-0.88,-0.28
0.000116,-0.88,-0.24
0.000116,-0.88,-0.28
0.000116,-0.88,-0.28
0.000116,-0.88,-0.24
0.000116,-0.88,-0.2
0.000116,-0.84,-0.24
0.000116,-0.84,-0.24
0.000116,-0.84,-0.2
0.000116,-0.8,-0.2
0.000116,-0.84,-0.16
0.000117,-0.8,-0.2
0.000117,-0.88,-0.2
0.000117,-0.8,-0.12
0.000117,-0.8,-0.08
0.000117,-0.84,-0.12
0.000117,-0.84,-0.16
0.000117,-0.76,-0.2
0.000117,-0.8,-0.08
0.000117,-0.72,-0.2
0.000117,-0.72,-0.16
0.000118,-0.72,-0.08
0.000118,-0.72,-0.12
0.000118,-0.72,-0.08
0.000118,-0.68,-0.08
0.000118,-0.72,-0.12
0.000118,-0.76,-0.08
0.000118,-0.68,-0.12
0.000118,-0.64,-0.12
0.000118,-0.68,-0.08
0.000118,-0.64,0
0.000119,-0.68,-0.04
0.000119,-0.6,-0.08
0.000119,-0.64,-0.08
0.000119,-0.72,-0.04
0.000119,-0.64,0
0.000119,-0.64,-0.08
0.000119,-0.6,0
0.000119,-0.6,-0.04
0.000119,-0.6,-0.04
0.000119,-0.56,-0.04
0.00012,-0.6,0
0.00012,-0.6,0
0.00012,-0.56,0
0.00012,-0.56,0
0.00012,-0.6,0
0.00012,-0.52,-0.04
0.00012,-0.56,0
0.00012,-0.6,0
0.00012,-0.56,-0.04
0.00012,-0.56,-0.04
0.000121,-0.52,-0.04
0.000121,-0.44,0
0.000121,-0.44,0
0.000121,-0.48,-0.04
0.000121,-0.44,-0.04
0.000121,-0.48,-0.04
0.000121,-0.44,0
0.000121,-0.44,0
0.000121,-0.44,0
0.000121,-0.48,0
0.000122,-0.36,0
0.000122,-0.48,0.04
0.000122,-0.44,0
0.000122,-0.32,0
0.000122,-0.44,0
0.000122,-0.4,-0.04
0.000122,-0.36,-0.04
0.000122,-0.4,0
0.000122,-0.32,0
0.000122,-0.28,0.04
0.000123,-0.28,0
0.000123,-0.4,-0.04
0.000123,-0.32,-0.04
0.000123,-0.32,-0.04
0.000123,-0.32,0
0.000123,-0.28,0
0.000123,-0.28,0.04
0.000123,-0.24,-0.04
0.000123,-0.2,0
0.000123,-0.28,0.04
0.000124,-0.32,0.04
0.000124,-0.32,0
0.000124,-0.24,0.04
0.000124,-0.2,0.04
0.000124,-0.24,-0.04
0.000124,-0.2,0
0.000124,-0.2,-0.04
0.000124,-0.12,0
0.000124,-0.2,0.04
0.000124,-0.16,0.04
0.000125,-0.2,0.04
0.000125,-0.2,0
0.000125,-0.16,-0.04
0.000125,-0.08,0.04
0.000125,-0.16,0
0.000125,-0.04,0.04
0.000125,-0.16,0
0.000125,-0.08,0
0.000125,-0.08,0.04
0.000125,-0.04,0
0.000126,-0.04,0.04
0.000126,-0.04,0
0.000126,-0.04,0.04
0.000126,-0.08,0.04
0.000126,0,0
0.000126,-0.04,0
0.000126,-0.08,0
0.000126,0,0.04
0.000126,-0.08,0.04
0.000126,0,0
0.000127,-0.04,0
0.000127,0.04,0.12
0.000127,0,0.12
0.000127,0.04,0.08
0.000127,0,-0.04
0.000127,0.04,-0.04
0.000127,0,0.08
0.000127,0.04,0
0.000127,0.08,0.04
0.000127,0.12,0.04
0.000128,0.04,0
0.000128,0.2,0
0.000128,0.12,0.08
0.000128,0.12,0
0.000128,0.12,-0.04
0.000128,0.2,-0.04
0.000128,0.2,-0.04
0.000128,0.16,0.04
0.000128,0.12,0.08
0.000129,0.2,0.04
0.000129,0.2,0
0.000129,0.24,0
0.000129,0.16,-0.08
0.000129,0.24,0
0.000129,0.24,0.04
0.000129,0.28,0
0.000129,0.2,0
0.000129,0.28,0
0.000129,0.2,-0.04
0.00013,0.28,0
0.00013,0.24,0.04
0.00013,0.28,0
0.00013,0.32,-0.04
0.00013,0.28,-0.04
0.00013,0.32,-0.04
0.00013,0.36,0
0.00013,0.28,0
0.00013,0.36,0.04
0.00013,0.28,0
0.000131,0.32,-0.04
0.000131,0.36,0
0.000131,0.4,-0.04
0.000131,0.36,0
0.000131,0.44,0
0.000131,0.32,-0.04
0.000131,0.44,0
0.000131,0.4,0
0.000131,0.48,0.04
0.000131,0.4,0
0.000131,0.48,0
0.000132,0.44,0.04
0.000132,0.48,0.04
0.000132,0.48,0
0.000132,0.44,0.04
0.000132,0.44,0.04
0.000132,0.52,-0.08
0.000132,0.56,0.04
0.000132,0.52,0.04
0.000132,0.56,0
0.000132,0.64,0.08
0.000133,0.48,0
0.000133,0.6,0
0.000133,0.56,0
0.000133,0.52,0
0.000133,0.52,0.04
0.000133,0.56,0.08
0.000133,0.6,0
0.000133,0.72,0.04
0.000133,0.6,0
0.000133,0.6,0.04
0.000134,0.52,0.08
0.000134,0.64,0
0.000134,0.6,0.12
0.000134,0.64,0.04
0.000134,0.6,0.04
0.000134,0.72,0.08
0.000134,0.64,0.08
0.000134,0.68,0.08
0.000134,0.64,0.08
0.000134,0.68,0.08
0.000135,0.68,0.08
0.000135,0.64,0.08
0.000135,0.68,0.08
0.000135,0.76,0.08
0.000135,0.68,0.12
0.000135,0.76,0.08
0.000135,0.68,0.16
0.000135,0.8,0.08
0.000135,0.76,0.08
0.000135,0.76,0.12
0.000136,0.76,0.12
0.000136,0.8,0.16
0.000136,0.76,0.16
0.000136,0.8,0.16
0.000136,0.76,0.16
0.000136,0.72,0.2
0.000136,0.8,0.24
0.000136,0.84,0.12
0.000136,0.8,0.24
0.000136,0.84,0.2
0.000137,0.84,0.2
0.000137,0.84,0.32
0.000137,0.84,0.28
0.000137,0.84,0.24
0.000137,0.88,0.12
0.000137,0.92,0.28
0.000137,0.88,0.24
0.000137,0.88,0.28
0.000137,0.84,0.32
0.000137,0.92,0.28
0.000138,0.92,0.24
0.000138,1,0.32
0.000138,0.92,0.28
0.000138,0.88,0.28
0.000138,0.92,0.28
0.000138,1,0.24
0.000138,0.92,0.36
0.000138,1,0.36
0.000138,0.92,0.36
0.000139,1.04,0.36
0.000139,0.96,0.24
0.000139,1,0.28
0.000139,0.96,0.36
0.000139,1,0.36
0.000139,0.96,0.32
0.000139,1,0.36
0.000139,1,0.4
0.000139,1.04,0.36
0.000139,1,0.36
0.00014,1.08,0.36
0.00014,1.04,0.36
0.00014,1,0.36
0.00014,1,0.44
0.00014,1.08,0.44
0.00014,1,0.44
0.00014,1.08,0.44
0.00014,1,0.4
0.00014,1.04,0.36
0.00014,1.04,0.44
0.00014,1.12,0.44
0.000141,1.12,0.44
0.000141,1.12,0.44
0.000141,1.12,0.44
0.000141,1.12,0.44
0.000141,1.12,0.44
0.000141,1.16,0.44
0.000141,1.12,0.48
0.000141,1.12,0.52
0.000141,1.16,0.48
0.000141,1.12,0.56
0.000142,1.12,0.52
0.000142,1.2,0.48
0.000142,1.16,0.48
0.000142,1.2,0.48
0.000142,1.16,0.52
0.000142,1.2,0.52
0.000142,1.16,0.48
0.000142,1.28,0.52
0.000142,1.24,0.52
0.000142,1.24,0.48
0.000143,1.24,0.6
0.000143,1.2,0.52
0.000143,1.16,0.56
0.000143,1.24,0.56
0.000143,1.16,0.6
0.000143,1.24,0.52
0.000143,1.32,0.56
0.000143,1.2,0.52
0.000143,1.2,0.6
0.000143,1.16,0.56
0.000144,1.24,0.6
0.000144,1.24,0.6
0.000144,1.28,0.56
0.000144,1.24,0.6
0.000144,1.2,0.6
0.000144,1.32,0.6
0.000144,1.2,0.6
0.000144,1.28,0.6
0.000144,1.24,0.6
0.000144,1.24,0.6
0.000145,1.24,0.64
0.000145,1.28,0.6
0.000145,1.28,0.68
0.000145,1.32,0.6
0.000145,1.28,0.6
0.000145,1.24,0.6
0.000145,1.32,0.6
0.000145,1.28,0.64
0.000145,1.32,0.6
0.000145,1.36,0.6
0.000146,1.32,0.64
0.000146,1.28,0.64
0.000146,1.28,0.64
0.000146,1.36,0.6
0.000146,1.28,0.68
0.000146,1.32,0.68
0.000146,1.36,0.68
0.000146,1.32,0.68
0.000146,1.36,0.68
0.000146,1.36,0.76
0.000147,1.32,0.76
0.000147,1.36,0.76
0.000147,1.36,0.64
0.000147,1.28,0.56
0.000147,1.32,0.68
0.000147,1.36,0.68
0.000147,1.32,0.72
0.000147,1.4,0.68
0.000147,1.4,0.68
0.000147,1.44,0.68
0.000148,1.4,0.72
0.000148,1.4,0.68
0.000148,1.36,0.68
0.000148,1.44,0.6
0.000148,1.36,0.68
0.000148,1.32,0.72
0.000148,1.4,0.8
0.000148,1.48,0.76
0.000148,1.4,0.68
0.000149,1.4,0.64
0.000149,1.36,0.68
0.000149,1.36,0.72
0.000149,1.44,0.72
0.000149,1.4,0.68
0.000149,1.36,0.72
0.000149,1.4,0.72
0.000149,1.4,0.68
0.000149,1.4,0.72
0.000149,1.44,0.68
0.00015,1.44,0.68
0.00015,1.36,0.72
0.00015,1.36,0.68
0.00015,1.4,0.72
0.00015,1.36,0.76
0.00015,1.36,0.72
0.00015,1.36,0.68
0.00015,1.36,0.72
0.00015,1.32,0.68
0.00015,1.44,0.72
0.00015,1.36,0.72
0.000151,1.4,0.64
0.000151,1.4,0.68
0.000151,1.36,0.72
0.000151,1.4,0.72
0.000151,1.36,0.72
0.000151,1.4,0.72
0.000151,1.36,0.72
0.000151,1.44,0.72
0.000151,1.4,0.72
0.000151,1.4,0.72
0.000152,1.4,0.68
0.000152,1.4,0.72
0.000152,1.32,0.68
0.000152,1.4,0.64
0.000152,1.44,0.76
0.000152,1.36,0.68
0.000152,1.48,0.76
0.000152,1.48,0.76
0.000152,1.36,0.68
0.000152,1.48,0.68
0.000153,1.4,0.64
0.000153,1.32,0.64
0.000153,1.4,0.72
0.000153,1.32,0.76
0.000153,1.4,0.68
0.000153,1.48,0.68
0.000153,1.36,0.72
0.000153,1.4,0.72
0.000153,1.32,0.68
0.000153,1.4,0.68
0.000154,1.36,0.76
0.000154,1.36,0.72
0.000154,1.36,0.68
0.000154,1.36,0.72
0.000154,1.32,0.72
0.000154,1.36,0.68
0.000154,1.32,0.68
0.000154,1.32,0.68
0.000154,1.36,0.68
0.000154,1.32,0.72
0.000155,1.36,0.64
0.000155,1.32,0.64
0.000155,1.32,0.68
0.000155,1.4,0.68
0.000155,1.36,0.64
0.000155,1.32,0.68
0.000155,1.36,0.68
0.000155,1.32,0.64
0.000155,1.36,0.68
0.000155,1.4,0.68
0.000156,1.36,0.64
0.000156,1.36,0.64
0.000156,1.36,0.6
0.000156,1.24,0.64
0.000156,1.32,0.68
0.000156,1.36,0.64
0.000156,1.32,0.64
0.000156,1.28,0.6
0.000156,1.28,0.68
0.000156,1.32,0.72
0.000157,1.24,0.76
0.000157,1.36,0.6
0.000157,1.28,0.6
0.000157,1.32,0.68
0.000157,1.32,0.64
0.000157,1.24,0.68
0.000157,1.28,0.64
0.000157,1.32,0.6
0.000157,1.32,0.64
0.000157,1.36,0.6
0.000158,1.28,0.6
0.000158,1.24,0.64
0.000158,1.28,0.56
0.000158,1.32,0.6
0.000158,1.28,0.64
0.000158,1.24,0.64
0.000158,1.28,0.68
0.000158,1.32,0.56
0.000158,1.24,0.52
0.000159,1.28,0.52
0.000159,1.28,0.56
0.000159,1.28,0.52
0.000159,1.24,0.6
0.000159,1.2,0.56
0.000159,1.2,0.56
0.000159,1.24,0.52
0.000159,1.2,0.6
0.000159,1.2,0.56
0.000159,1.24,0.52
0.00016,1.16,0.56
0.00016,1.12,0.56
0.00016,1.24,0.56
0.00016,1.2,0.56
0.00016,1.24,0.52
0.00016,1.12,0.52
0.00016,1.2,0.44
0.00016,1.12,0.48
0.00016,1.16,0.52
0.00016,1.16,0.52
0.00016,1.12,0.48
0.000161,1.12,0.48
0.000161,1.12,0.48
0.000161,1.08,0.56
0.000161,1.16,0.48
0.000161,1.12,0.44
0.000161,1.16,0.48
0.000161,1.16,0.44
0.000161,1.16,0.48
0.000161,1.08,0.48
0.000161,1.12,0.44
0.000162,1.04,0.48
0.000162,1.08,0.4
0.000162,1.12,0.36
0.000162,1.08,0.48
0.000162,1.08,0.36
0.000162,1.12,0.44
0.000162,1.12,0.44
0.000162,1.08,0.36
0.000162,1.12,0.36
0.000162,1,0.4
0.000163,1,0.4
0.000163,1.04,0.36
0.000163,1,0.44
0.000163,1.04,0.36
0.000163,1.08,0.36
0.000163,0.96,0.36
0.000163,1,0.4
0.000163,0.92,0.32
0.000163,1,0.32
0.000163,1,0.36
0.000164,1.04,0.32
0.000164,0.96,0.32
0.000164,0.96,0.32
0.000164,1,0.32
0.000164,0.96,0.32
0.000164,0.92,0.32
0.000164,0.92,0.28
0.000164,0.92,0.32
0.000164,0.88,0.28
0.000164,0.92,0.28
0.000165,0.92,0.28
0.000165,0.92,0.28
0.000165,0.92,0.24
0.000165,0.88,0.28
0.000165,0.88,0.24
0.000165,0.92,0.28
0.000165,0.88,0.24
0.000165,0.88,0.24
0.000165,0.88,0.24
0.000165,0.88,0.24
0.000166,0.84,0.2
0.000166,0.88,0.2
0.000166,0.76,0.24
0.000166,0.88,0.2
0.000166,0.8,0.16
0.000166,0.72,0.16
0.000166,0.84,0.2
0.000166,0.8,0.24
0.000166,0.72,0.24
0.000166,0.8,0.2
0.000167,0.76,0.16
0.000167,0.72,0.08
0.000167,0.76,0.24
0.000167,0.72,0.16
0.000167,0.76,0.16
0.000167,0.72,0.16
0.000167,0.72,0.12
0.000167,0.72,0.12
0.000167,0.72,0.12
0.000168,0.72,0.08
0.000168,0.64,0.16
0.000168,0.72,0
0.000168,0.72,0.08
0.000168,0.64,0.16
0.000168,0.64,0.16
0.000168,0.68,0.12
0.000168,0.64,0.12
0.000168,0.64,0.04
0.000168,0.64,0
0.000169,0.64,0.08
0.000169,0.64,0.04
0.000169,0.6,0.04
0.000169,0.6,0.08
0.000169,0.64,0.04
0.000169,0.6,0
0.000169,0.6,0.04
0.000169,0.56,0.04
0.000169,0.56,0
0.000169,0.56,0
0.000169,0.52,0
0.00017,0.56,0
0.00017,0.52,0
0.00017,0.52,0
0.00017,0.52,-0.04
0.00017,0.48,-0.04
0.00017,0.48,0
0.00017,0.52,0
0.00017,0.56,-0.04
0.00017,0.48,-0.04
0.00017,0.48,0
0.000171,0.4,0.04
0.000171,0.48,-0.04
0.000171,0.44,0
0.000171,0.44,0.04
0.000171,0.4,0
0.000171,0.4,-0.04
0.000171,0.4,0.04
0.000171,0.4,0
0.000171,0.4,0
0.000171,0.4,0
0.000172,0.36,0
0.000172,0.36,-0.04
0.000172,0.36,0.04
0.000172,0.36,0.04
0.000172,0.36,0
0.000172,0.4,0.04
0.000172,0.24,-0.04
0.000172,0.36,0
0.000172,0.28,0.04
0.000172,0.24,-0.04
0.000173,0.32,0
0.000173,0.24,0.04
0.000173,0.28,0
0.000173,0.4,0.04
0.000173,0.2,-0.04
0.000173,0.2,-0.04
0.000173,0.16,0
0.000173,0.2,0
0.000173,0.24,0.04
0.000173,0.2,-0.04
0.000174,0.2,0
0.000174,0.2,0
0.000174,0.16,0.04
0.000174,0.24,0
0.000174,0.12,0
0.000174,0.16,0.04
0.000174,0.12,0
0.000174,0.08,0.04
0.000174,0.12,0
0.000174,0.16,0
0.000175,0.08,-0.04
0.000175,0.16,-0.04
0.000175,0,0
0.000175,0.08,0
0.000175,0.04,0
0.000175,0.08,0.04
0.000175,0.04,-0.04
0.000175,0.08,0.04
0.000175,0,0.04
0.000175,0.04,0
0.000176,-0.04,-0.04
0.000176,0,0
0.000176,0,0
0.000176,-0.04,0
0.000176,-0.04,0
0.000176,-0.04,-0.04
0.000176,-0.04,0.04
0.000176,0,0.08
0.000176,-0.04,0.08
0.000176,-0.04,0.04
0.000177,-0.04,-0.08
0.000177,-0.04,0.08
0.000177,-0.08,-0.04
0.000177,-0.12,0.04
0.000177,-0.08,0.04
0.000177,-0.08,-0.04
0.000177,-0.12,0
0.000177,-0.08,0.08
0.000177,-0.2,0.04
0.000178,-0.16,0.08
0.000178,-0.12,-0.04
0.000178,-0.16,0
0.000178,-0.2,0.08
0.000178,-0.2,0.08
0.000178,-0.2,0.08
0.000178,-0.2,-0.04
0.000178,-0.24,0
0.000178,-0.2,-0.04
0.000178,-0.2,0.04
0.000179,-0.28,-0.04
0.000179,-0.28,0
0.000179,-0.28,0.08
0.000179,-0.24,0
0.000179,-0.28,0
0.000179,-0.28,0
0.000179,-0.24,0
0.000179,-0.32,0
0.000179,-0.32,0
0.000179,-0.36,0
0.000179,-0.36,0
0.00018,-0.32,0.04
0.00018,-0.32,0
0.00018,-0.36,-0.04
0.00018,-0.36,-0.04
0.00018,-0.36,0
0.00018,-0.36,0
0.00018,-0.36,0.04
0.00018,-0.4,-0.04
0.00018,-0.4,0
0.00018,-0.4,-0.04
0.000181,-0.4,0.04
0.000181,-0.4,0
0.000181,-0.44,-0.04
0.000181,-0.44,0
0.000181,-0.4,0
0.000181,-0.48,-0.04
0.000181,-0.44,0
0.000181,-0.44,0
0.000181,-0.48,0.04
0.000181,-0.56,0.04
0.000182,-0.44,-0.08
0.000182,-0.52,0
0.000182,-0.48,0
0.000182,-0.48,0
0.000182,-0.48,0.04
0.000182,-0.56,-0.08
0.000182,-0.52,0
0.000182,-0.56,0
0.000182,-0.56,-0.04
0.000182,-0.6,0
0.000183,-0.6,0.04
0.000183,-0.6,0
0.000183,-0.48,-0.04
0.000183,-0.64,0
0.000183,-0.68,0
0.000183,-0.72,-0.04
0.000183,-0.6,0
0.000183,-0.68,-0.04
0.000183,-0.6,-0.08
0.000183,-0.68,-0.04
0.000184,-0.6,0
0.000184,-0.64,-0.04
0.000184,-0.68,-0.08
0.000184,-0.68,-0.08
0.000184,-0.68,-0.08
0.000184,-0.76,-0.08
0.000184,-0.76,-0.12
0.000184,-0.72,-0.08
0.000184,-0.76,-0.12
0.000184,-0.76,-0.12
0.000185,-0.72,-0.08
0.000185,-0.76,-0.16
0.000185,-0.76,-0.12
0.000185,-0.84,-0.16
0.000185,-0.72,-0.16
0.000185,-0.8,-0.16
0.000185,-0.8,-0.16
0.000185,-0.84,-0.16
0.000185,-0.8,-0.2
0.000185,-0.84,-0.16
0.000186,-0.84,-0.16
0.000186,-0.84,-0.2
0.000186,-0.84,-0.2
0.000186,-0.92,-0.16
0.000186,-0.84,-0.2
0.000186,-0.92,-0.16
0.000186,-0.84,-0.12
0.000186,-0.88,-0.2
0.000186,-0.88,-0.24
0.000186,-0.92,-0.28
0.000187,-0.88,-0.16
0.000187,-0.92,-0.24
0.000187,-0.92,-0.28
0.000187,-0.96,-0.28
0.000187,-0.96,-0.28
0.000187,-0.96,-0.24
0.000187,-0.88,-0.2
0.000187,-0.96,-0.28
0.000187,-0.92,-0.24
0.000188,-0.96,-0.36
0.000188,-0.88,-0.36
0.000188,-0.96,-0.24
0.000188,-0.88,-0.28
0.000188,-0.96,-0.28
0.000188,-0.96,-0.36
0.000188,-1,-0.4
0.000188,-1.04,-0.4
0.000188,-1.04,-0.32
0.000188,-1.04,-0.36
0.000189,-1.04,-0.36
0.000189,-1.08,-0.44
0.000189,-1.04,-0.32
0.000189,-1.08,-0.4
0.000189,-1.04,-0.44
0.000189,-1.08,-0.4
0.000189,-1.04,-0.36
0.000189,-1.12,-0.44
0.000189,-1.12,-0.4
0.000189,-1.08,-0.44
0.000189,-1.08,-0.44
0.00019,-1.12,-0.44
0.00019,-1.12,-0.48
0.00019,-1.16,-0.48
0.00019,-1.16,-0.44
0.00019,-1.08,-0.44
0.00019,-1.12,-0.48
0.00019,-1.12,-0.48
0.00019,-1.12,-0.48
0.00019,-1.12,-0.52
0.00019,-1.16,-0.44
0.000191,-1.12,-0.48
0.000191,-1.2,-0.48
0.000191,-1.08,-0.48
0.000191,-1.12,-0.56
0.000191,-1.16,-0.52
0.000191,-1.16,-0.52
0.000191,-1.2,-0.52
0.000191,-1.16,-0.56
0.000191,-1.16,-0.52
0.000191,-1.24,-0.6
0.000192,-1.2,-0.52
0.000192,-1.24,-0.48
0.000192,-1.2,-0.52
0.000192,-1.16,-0.52
0.000192,-1.24,-0.64
0.000192,-1.2,-0.6
0.000192,-1.28,-0.6
0.000192,-1.28,-0.56
0.000192,-1.28,-0.56
0.000192,-1.24,-0.56
0.000193,-1.24,-0.56
0.000193,-1.16,-0.6
0.000193,-1.28,-0.6
0.000193,-1.32,-0.52
0.000193,-1.36,-0.64
0.000193,-1.24,-0.6
0.000193,-1.24,-0.6
0.000193,-1.28,-0.6
0.000193,-1.28,-0.6
0.000193,-1.32,-0.64
0.000194,-1.36,-0.6
0.000194,-1.28,-0.64
0.000194,-1.28,-0.56
0.000194,-1.32,-0.68
0.000194,-1.36,-0.68
0.000194,-1.36,-0.64
0.000194,-1.32,-0.68
0.000194,-1.32,-0.64
0.000194,-1.28,-0.64
0.000194,-1.32,-0.68
0.000195,-1.32,-0.68
0.000195,-1.32,-0.72
0.000195,-1.36,-0.6
0.000195,-1.44,-0.68
0.000195,-1.28,-0.68
0.000195,-1.32,-0.68
0.000195,-1.4,-0.68
0.000195,-1.36,-0.64
0.000195,-1.4,-0.68
0.000195,-1.44,-0.68
0.000196,-1.4,-0.64
0.000196,-1.4,-0.72
0.000196,-1.4,-0.76
0.000196,-1.44,-0.76
0.000196,-1.4,-0.68
0.000196,-1.4,-0.64
0.000196,-1.44,-0.6
0.000196,-1.4,-0.76
0.000196,-1.44,-0.8
0.000196,-1.4,-0.68
0.000197,-1.36,-0.72
0.000197,-1.44,-0.76
0.000197,-1.44,-0.68
0.000197,-1.4,-0.76
0.000197,-1.36,-0.72
0.000197,-1.36,-0.68
0.000197,-1.36,-0.72
0.000197,-1.4,-0.76
0.000197,-1.4,-0.76
0.000198,-1.4,-0.8
0.000198,-1.48,-0.72
0.000198,-1.44,-0.64
0.000198,-1.4,-0.68
0.000198,-1.32,-0.8
0.000198,-1.48,-0.8
0.000198,-1.52,-0.84
0.000198,-1.44,-0.72
0.000198,-1.48,-0.68
0.000198,-1.48,-0.76
0.000199,-1.48,-0.76
0.000199,-1.48,-0.76
0.000199,-1.44,-0.8
0.000199,-1.48,-0.8
0.000199,-1.44,-0.76
0.000199,-1.48,-0.72
0.000199,-1.48,-0.76
0.000199,-1.52,-0.76
0.000199,-1.44,-0.8
0.000199,-1.48,-0.76
0.000199,-1.44,-0.76
0.0002,-1.48,-0.68
0.0002,-1.48,-0.8
0.0002,-1.44,-0.8
0.0002,-1.44,-0.76
0.0002,-1.44,-0.8
0.0002,-1.44,-0.72
0.0002,-1.44,-0.76
0.0002,-1.48,-0.8
0.0002,-1.52,-0.8
0.0002,-1.48,-0.84
0.000201,-1.48,-0.8
0.000201,-1.44,-0.8
0.000201,-1.4,-0.76
0.000201,-1.44,-0.76
0.000201,-1.48,-0.76
0.000201,-1.4,-0.8
0.000201,-1.48,-0.8
0.000201,-1.48,-0.8
0.000201,-1.48,-0.76
0.000201,-1.48,-0.76
0.000202,-1.44,-0.8
0.000202,-1.4,-0.8
0.000202,-1.44,-0.76
0.000202,-1.48,-0.8
0.000202,-1.48,-0.72
0.000202,-1.4,-0.76
0.000202,-1.48,-0.88
0.000202,-1.44,-0.8
0.000202,-1.48,-0.76
0.000202,-1.44,-0.76
0.000203,-1.36,-0.76
0.000203,-1.52,-0.84
0.000203,-1.56,-0.8
0.000203,-1.52,-0.8
0.000203,-1.44,-0.76
0.000203,-1.44,-0.72
0.000203,-1.44,-0.76
0.000203,-1.44,-0.76
0.000203,-1.44,-0.76
0.000203,-1.44,-0.76
0.000204,-1.48,-0.76
0.000204,-1.44,-0.72
0.000204,-1.44,-0.72
0.000204,-1.48,-0.76
0.000204,-1.48,-0.8
0.000204,-1.48,-0.76
0.000204,-1.44,-0.76
0.000204,-1.44,-0.72
0.000204,-1.44,-0.76
0.000204,-1.48,-0.8
0.000205,-1.4,-0.68
0.000205,-1.48,-0.8
0.000205,-1.48,-0.72
0.000205,-1.4,-0.72
0.000205,-1.44,-0.72
0.000205,-1.44,-0.72
0.000205,-1.44,-0.76
0.000205,-1.4,-0.76
0.000205,-1.44,-0.68
0.000205,-1.4,-0.72
0.000206,-1.44,-0.72
0.000206,-1.44,-0.76
0.000206,-1.44,-0.76
0.000206,-1.36,-0.68
0.000206,-1.4,-0.68
0.000206,-1.32,-0.64
0.000206,-1.44,-0.64
0.000206,-1.4,-0.76
0.000206,-1.28,-0.6
0.000206,-1.44,-0.72
0.000207,-1.36,-0.72
0.000207,-1.32,-0.68
0.000207,-1.36,-0.68
0.000207,-1.28,-0.68
0.000207,-1.36,-0.64
0.000207,-1.36,-0.72
0.000207,-1.36,-0.68
0.000207,-1.28,-0.68
0.000207,-1.32,-0.72
0.000208,-1.32,-0.64
0.000208,-1.28,-0.56
0.000208,-1.32,-0.64
0.000208,-1.32,-0.72
0.000208,-1.32,-0.68
0.000208,-1.32,-0.68
0.000208,-1.4,-0.64
0.000208,-1.28,-0.64
0.000208,-1.28,-0.64
0.000208,-1.36,-0.6
0.000208,-1.32,-0.64
0.000209,-1.28,-0.64
0.000209,-1.28,-0.64
0.000209,-1.28,-0.6
0.000209,-1.32,-0.6
0.000209,-1.32,-0.64
0.000209,-1.32,-0.56
0.000209,-1.36,-0.6
0.000209,-1.24,-0.6
0.000209,-1.2,-0.6
0.000209,-1.28,-0.64
0.00021,-1.32,-0.6
0.00021,-1.28,-0.6
0.00021,-1.24,-0.56
0.00021,-1.2,-0.6
0.00021,-1.2,-0.52
0.00021,-1.28,-0.6
0.00021,-1.2,-0.56
0.00021,-1.2,-0.56
0.00021,-1.24,-0.56
0.00021,-1.2,-0.52
0.000211,-1.16,-0.56
0.000211,-1.16,-0.6
0.000211,-1.2,-0.56
0.000211,-1.16,-0.56
0.000211,-1.2,-0.52
0.000211,-1.16,-0.56
0.000211,-1.2,-0.52
0.000211,-1.2,-0.6
0.000211,-1.16,-0.48
0.000211,-1.12,-0.52
0.000212,-1.12,-0.48
0.000212,-1.08,-0.48
0.000212,-1.16,-0.48
0.000212,-1.08,-0.56
0.000212,-1.12,-0.56
0.000212,-1.16,-0.44
0.000212,-1.12,-0.44
0.000212,-1.12,-0.44
0.000212,-1.08,-0.48
0.000212,-1,-0.48
0.000213,-1.16,-0.48
0.000213,-1.16,-0.4
0.000213,-1.24,-0.4
0.000213,-1.08,-0.48
0.000213,-1.04,-0.36
0.000213,-1.12,-0.44
0.000213,-1.12,-0.48
0.000213,-1.04,-0.4
0.000213,-1.08,-0.36
0.000213,-1,-0.44
0.000214,-1.08,-0.36
0.000214,-1.04,-0.44
0.000214,-1.08,-0.32
0.000214,-1.04,-0.36
0.000214,-1.04,-0.36
0.000214,-1,-0.32
0.000214,-1,-0.32
0.000214,-1,-0.36
0.000214,-0.92,-0.36
0.000214,-1,-0.4
0.000215,-0.92,-0.32
0.000215,-1,-0.28
0.000215,-0.92,-0.28
0.000215,-0.92,-0.28
0.000215,-0.96,-0.28
0.000215,-0.92,-0.32
0.000215,-0.92,-0.24
0.000215,-0.96,-0.32
0.000215,-0.92,-0.24
0.000215,-0.96,-0.2
0.000216,-0.88,-0.28
0.000216,-0.92,-0.24
0.000216,-0.92,-0.2
0.000216,-0.88,-0.16
0.000216,-0.88,-0.2
0.000216,-0.92,-0.2
0.000216,-0.84,-0.28
0.000216,-0.88,-0.16
0.000216,-0.8,-0.24
0.000216,-0.84,-0.16
0.000217,-0.84,-0.2
0.000217,-0.84,-0.16
0.000217,-0.76,-0.16
0.000217,-0.76,-0.16
0.000217,-0.76,-0.16
0.000217,-0.8,-0.16
0.000217,-0.76,-0.16
0.000217,-0.8,-0.2
0.000217,-0.8,-0.08
0.000218,-0.76,-0.04
0.000218,-0.72,-0.04
0.000218,-0.72,-0.16
0.000218,-0.8,-0.12
0.000218,-0.76,-0.2
0.000218,-0.68,-0.12
0.000218,-0.76,-0.08
0.000218,-0.72,-0.08
0.000218,-0.72,-0.08
0.000218,-0.72,-0.04
0.000218,-0.72,-0.08
0.000219,-0.68,-0.08
0.000219,-0.68,-0.08
0.000219,-0.6,-0.08
0.000219,-0.72,-0.04
0.000219,-0.68,0
0.000219,-0.6,-0.04
0.000219,-0.68,-0.08
0.000219,-0.6,-0.04
0.000219,-0.64,-0.04
0.000219,-0.64,-0.08
0.00022,-0.6,-0.04
0.00022,-0.56,0
0.00022,-0.52,-0.04
0.00022,-0.56,-0.04
0.00022,-0.56,0
0.00022,-0.52,0
0.00022,-0.56,0
0.00022,-0.48,0.04
0.00022,-0.52,0
0.00022,-0.56,-0.04
0.000221,-0.48,-0.04
0.000221,-0.52,0
0.000221,-0.48,0
0.000221,-0.44,-0.04
0.000221,-0.52,0
0.000221,-0.52,-0.04
0.000221,-0.44,-0.04
0.000221,-0.44,0.04
0.000221,-0.4,0
0.000221,-0.4,0.04
0.000222,-0.4,0.04
0.000222,-0.4,-0.04
0.000222,-0.4,-0.04
0.000222,-0.4,0
0.000222,-0.44,0
0.000222,-0.36,0
0.000222,-0.36,0
0.000222,-0.4,-0.04
0.000222,-0.32,0
0.000222,-0.4,0.04
0.000223,-0.44,0.04
0.000223,-0.4,0
0.000223,-0.32,-0.04
0.000223,-0.32,0
0.000223,-0.32,0
0.000223,-0.36,0
0.000223,-0.24,0
0.000223,-0.2,-0.04
0.000223,-0.24,0.04
0.000223,-0.24,-0.04
0.000224,-0.28,-0.04
0.000224,-0.28,0
0.000224,-0.28,0.04
0.000224,-0.2,0.04
0.000224,-0.2,0
0.000224,-0.2,0
0.000224,-0.2,0
0.000224,-0.2,-0.04
0.000224,-0.16,-0.08
0.000224,-0.2,0.04
0.000225,-0.16,0
0.000225,-0.12,-0.04
0.000225,-0.12,0
0.000225,-0.12,0
0.000225,-0.12,0.04
0.000225,-0.12,-0.04
0.000225,-0.16,0
0.000225,-0.12,0
0.000225,-0.12,0.04
0.000225,-0.08,0
0.000226,-0.04,0.04
0.000226,-0.04,0.08
0.000226,-0.04,0.12
0.000226,-0.04,0.04
0.000226,-0.08,0
0.000226,0,-0.08
0.000226,0,0.04
0.000226,0,-0.04
0.000226,0,0
0.000227,0,0
0.000227,-0.04,-0.04
0.000227,0.12,0.04
0.000227,0,0.08
0.000227,0.08,0
0.000227,0.04,0
0.000227,0.08,-0.08
0.000227,0.12,0
0.000227,0.16,0.04
0.000227,0,0.08
0.000228,0.12,0.08
0.000228,0.12,0
0.000228,0.16,-0.04
0.000228,0.12,-0.04
0.000228,0.16,0.04
0.000228,0.12,0
0.000228,0.2,0
0.000228,0.12,0
0.000228,0.2,0
0.000228,0.16,0.04
0.000228,0.24,0.04
0.000229,0.16,0
0.000229,0.24,0
0.000229,0.2,0.04
0.000229,0.2,0
0.000229,0.2,0.04
0.000229,0.24,0.04
0.000229,0.2,0
0.000229,0.28,0.04
0.000229,0.24,-0.04
0.000229,0.2,0
0.00023,0.28,0
0.00023,0.36,0.04
0.00023,0.32,0.04
0.00023,0.32,0
0.00023,0.28,0
0.00023,0.36,0
0.00023,0.28,0
0.00023,0.36,0.04
0.00023,0.32,0.04
0.00023,0.36,0
0.000231,0.36,0
0.000231,0.4,0
0.000231,0.4,-0.04
0.000231,0.36,0
0.000231,0.36,0
0.000231,0.4,-0.04
0.000231,0.44,0.04
0.000231,0.4,-0.04
0.000231,0.52,0
0.000231,0.56,0.04
0.000232,0.4,-0.04
0.000232,0.52,-0.04
0.000232,0.48,0
0.000232,0.48,-0.04
0.000232,0.44,-0.04
0.000232,0.48,0.04
0.000232,0.52,0
0.000232,0.64,0
0.000232,0.44,0
0.000232,0.52,0.08
0.000233,0.44,0.04
0.000233,0.56,-0.04
0.000233,0.56,0.04
0.000233,0.56,0.04
0.000233,0.56,0.04
0.000233,0.6,0.08
0.000233,0.56,0.08
0.000233,0.64,0
0.000233,0.56,0.04
0.000233,0.68,0
0.000234,0.6,0.04
0.000234,0.6,0.04
0.000234,0.6,0.04
0.000234,0.64,0.04
0.000234,0.64,0.08
0.000234,0.68,0.08
0.000234,0.64,0.08
0.000234,0.68,0.04
0.000234,0.64,0.16
0.000234,0.68,0.08
0.000235,0.64,0.08
0.000235,0.76,0.12
0.000235,0.72,0.08
0.000235,0.76,0.08
0.000235,0.72,0.12
0.000235,0.68,0.12
0.000235,0.72,0.16
0.000235,0.72,0.12
0.000235,0.72,0.12
0.000235,0.76,0.12
0.000236,0.76,0.2
0.000236,0.76,0.2
0.000236,0.72,0.28
0.000236,0.8,0.2
0.000236,0.8,0.16
0.000236,0.8,0.24
0.000236,0.84,0.16
0.000236,0.8,0.2
0.000236,0.8,0.2
0.000237,0.88,0.16
0.000237,0.84,0.24
0.000237,0.92,0.24
0.000237,0.84,0.2
0.000237,0.84,0.24
0.000237,0.84,0.2
0.000237,0.92,0.24
0.000237,0.84,0.32
0.000237,0.96,0.28
0.000237,0.92,0.36
0.000237,0.96,0.28
0.000238,0.92,0.28
0.000238,0.92,0.24
0.000238,0.96,0.28
0.000238,1,0.28
0.000238,0.92,0.28
0.000238,0.96,0.28
0.000238,0.92,0.32
0.000238,0.96,0.32
0.000238,0.96,0.4
0.000238,1.04,0.32
0.000239,1.04,0.36
0.000239,1,0.32
0.000239,0.92,0.36
0.000239,1.04,0.36
0.000239,0.92,0.36
0.000239,1.04,0.32
0.000239,0.96,0.44
0.000239,1,0.32
0.000239,1,0.4
0.000239,1.08,0.4
0.00024,1,0.4
0.00024,1.08,0.36
0.00024,1.08,0.36
0.00024,1.08,0.4
0.00024,1.04,0.4
0.00024,1.12,0.44
0.00024,1.12,0.4
0.00024,1.12,0.4
0.00024,1.12,0.44
0.00024,1.04,0.52
0.000241,1.08,0.44
0.000241,1.16,0.52
0.000241,1.04,0.48
0.000241,1.16,0.44
0.000241,1.12,0.44
0.000241,1.16,0.48
0.000241,1.12,0.44
0.000241,1.2,0.44
0.000241,1.2,0.48
0.000241,1.12,0.48
0.000242,1.2,0.44
0.000242,1.12,0.48
0.000242,1.12,0.48
0.000242,1.2,0.52
0.000242,1.12,0.56
0.000242,1.16,0.52
0.000242,1.24,0.52
0.000242,1.16,0.48
0.000242,1.16,0.56
0.000242,1.16,0.52
0.000243,1.2,0.52
0.000243,1.2,0.56
0.000243,1.2,0.56
0.000243,1.16,0.56
0.000243,1.2,0.56
0.000243,1.28,0.56
0.000243,1.2,0.6
0.000243,1.28,0.6
0.000243,1.2,0.6
0.000243,1.2,0.6
0.000244,1.2,0.6
0.000244,1.28,0.56
0.000244,1.28,0.6
0.000244,1.24,0.56
0.000244,1.24,0.6
0.000244,1.2,0.6
0.000244,1.24,0.56
0.000244,1.28,0.6
0.000244,1.28,0.6
0.000244,1.28,0.6
0.000245,1.32,0.6
0.000245,1.32,0.6
0.000245,1.28,0.6
0.000245,1.36,0.56
0.000245,1.28,0.64
0.000245,1.32,0.64
0.000245,1.28,0.6
0.000245,1.32,0.6
0.000245,1.32,0.6
0.000246,1.32,0.72
0.000246,1.24,0.72
0.000246,1.32,0.64
0.000246,1.32,0.6
0.000246,1.32,0.56
0.000246,1.32,0.76
0.000246,1.28,0.64
0.000246,1.36,0.68
0.000246,1.36,0.64
0.000246,1.32,0.64
0.000246,1.36,0.68
0.000247,1.4,0.72
0.000247,1.36,0.68
0.000247,1.32,0.64
0.000247,1.36,0.6
0.000247,1.4,0.6
0.000247,1.32,0.72
0.000247,1.32,0.76
0.000247,1.36,0.76
0.000247,1.4,0.72
0.000247,1.4,0.64
0.000248,1.4,0.64
0.000248,1.32,0.76
0.000248,1.36,0.68
0.000248,1.36,0.72
0.000248,1.36,0.72
0.000248,1.44,0.68
0.000248,1.36,0.64
0.000248,1.32,0.68
0.000248,1.4,0.68
0.000248,1.44,0.68
0.000249,1.36,0.68
0.000249,1.36,0.72
0.000249,1.36,0.72
0.000249,1.36,0.68
0.000249,1.4,0.72
0.000249,1.36,0.68
0.000249,1.4,0.68
0.000249,1.32,0.72
0.000249,1.44,0.72
0.000249,1.36,0.68
0.00025,1.4,0.68
0.00025,1.4,0.68
0.00025,1.36,0.72
0.00025,1.44,0.68